Year,System,Player Type,Stat Group,Stat,RMSE,MAE,Bias,R2,LA-RMSE,LA-MAE,LA-Bias,LA-R2,WLA-RMSE,WLA-MAE,WLA-Bias,WLA-R2,N Players
2010,Marcel,batting,Standard,1B/(BIP-HR),0.06657490561509116,0.044010987123733816,0.013749370667767043,0.0,0.06612113287259529,0.043681800782696754,0.011350389793163827,0.0,0.03420140312096278,0.025872767983256727,-2.2801337964724238e-17,0.009575807260042923,622
2010,ZiPS,batting,Standard,1B/(BIP-HR),0.0677675610922079,0.04503476666580404,0.018770987927277716,0.0,0.06634634914670108,0.04391868665544987,0.012717928151858713,0.0,0.03412995700450304,0.026129613744311445,-4.3069193933368006e-17,0.013709441879380169,622
2010,Marcel,batting,Standard,2B/(BIP-HR),0.038932393433099136,0.024490387507519244,0.00494453350110671,0.03031616845376206,0.03870223469211897,0.02420648699681525,0.002565175096909149,0.04174734408754144,0.019607783252512667,0.014374372382425865,-7.283760738731353e-18,0.19697684296899798,622
2010,ZiPS,batting,Standard,2B/(BIP-HR),0.038791358869288715,0.024086857932525137,0.004835421420654317,0.03732890083919416,0.03853508051486051,0.023748418164158125,0.0018879109290854065,0.05000681733235868,0.01900720228214909,0.013753998874227917,-6.333704990201177e-19,0.24541621653897672,622
2010,Marcel,batting,Standard,3B/(BIP-HR),0.01675076105409075,0.007102055366787608,0.0006766218368060291,0.021566818728803172,0.01673874621000481,0.00681299015160841,-0.00023546953465305043,0.022969919884758272,0.006806807919115863,0.004620173020694093,-2.1970039184760333e-18,0.18813483995570013,622
2010,ZiPS,batting,Standard,3B/(BIP-HR),0.016577222079157437,0.00670228770956651,0.0005625893080538142,0.04173506546786154,0.016572732724560228,0.006455728526452324,-0.00040949337911741176,0.042254019554082256,0.006575550773380131,0.004420142287727797,-1.5240477632671582e-18,0.24236298402656875,622
2010,Marcel,batting,Standard,AVG,0.06665535724120374,0.044271399921746744,0.027014603153425066,0.0,0.06345604026716972,0.04202881788544602,0.01770652933166798,0.0,0.03209646390971344,0.024702226503595968,-3.546874794512659e-17,0.12183280113494899,622
2010,Marcel,batting,Fantasy,AVG,0.026889839971801117,0.021459433083491897,0.004594352750993757,0.0006977720974353785,0.02649445691238541,0.021356605578278277,-2.8819676224234313e-05,0.029868818295437527,0.026176684645213402,0.021108745184296947,1.7934249461319035e-17,0.024717221253160115,270
2010,ZiPS,batting,Standard,AVG,0.06403096633782726,0.042934409910232486,0.022285248121238388,0.0,0.06207643876085876,0.04154678070938782,0.015816190530587245,0.03304600410882874,0.03200935499440838,0.024709650846758732,-2.1534596966684003e-17,0.12659297584389217,622
2010,ZiPS,batting,Fantasy,AVG,0.026965850194318387,0.02199310647238349,0.0013800875467425363,0.0,0.026935200632474482,0.02198757884912491,-0.0005025913309105512,0.0,0.026421993823063754,0.021542848409838587,1.46734768319883e-17,0.006352264783223482,270
2010,Marcel,batting,Standard,BABIP,0.08238699300369193,0.050720781502921676,0.01937052600567979,0.0,0.08123757964998125,0.04986821547502305,0.013680095355419912,0.0,0.038743902487542475,0.02906428312726771,-3.92689709392473e-17,0.03030180110831271,622
2010,ZiPS,batting,Standard,BABIP,0.08303959790262945,0.0513566811769953,0.024168998655985853,0.0,0.08070297736194809,0.04930851826126358,0.014196345701826683,0.0032121281921280165,0.03795202077929579,0.028345844887682027,-6.840401389417272e-17,0.06953578903569346,622
2010,Marcel,batting,Standard,BB/PA,0.052665169440656925,0.027963693565419202,0.005882083716140328,0.11333840358466418,0.05251417582802258,0.02771035339165045,0.004326372559899294,0.11841531944602668,0.023216378650136482,0.017225771094350428,-5.858677115936089e-18,0.477886438597271,622
2010,ZiPS,batting,Standard,BB/PA,0.050393613932355294,0.025391649646961754,0.0014317750596025637,0.18817590716545973,0.05038551296640293,0.02536602718824146,0.0011106626605696202,0.1884368938349481,0.022248818694291222,0.016483708575626112,2.968924214156802e-19,0.5204985431201054,622
2010,Marcel,batting,Standard,HBP/PA,0.010039505278044746,0.00678457255336927,0.0011794125558081269,0.1129413025223075,0.009995668347434407,0.006655911843720678,0.0007160540907023754,0.12067097303662644,0.006376058063254034,0.004546349438996223,6.927489833032537e-19,0.3172482631991961,622
2010,ZiPS,batting,Standard,HBP/PA,0.009928684978727162,0.006534118054961734,0.0012324401594299437,0.13241667436890092,0.009878205899051657,0.006418255572491944,0.0007204686834500613,0.141216123214998,0.006336024966909703,0.004473266324811765,1.3854979666065074e-19,0.32579487916132865,622
2010,Marcel,batting,Standard,HR/BIP,0.03383321527444183,0.02051475760552245,0.004693275072917231,0.15451824424230243,0.03357471610965772,0.0198762972933894,0.002145212564631161,0.1673885196497461,0.0174184143534814,0.013079970656702635,3.800222994120706e-18,0.5156921253667553,622
2010,Marcel,batting,Fantasy,HR/BIP,0.01578880125379483,0.01223656686701327,0.0014591858657013819,0.5778249372511339,0.015721694509988515,0.012083346666032566,0.00012106454572805143,0.5814060307735236,0.015575389723464436,0.011876309865448756,3.362671773997319e-18,0.5919858224021777,270
2010,ZiPS,batting,Standard,HR/BIP,0.033323325306623124,0.01871009714470141,0.002102365696812295,0.17981020387506397,0.0332579409522079,0.01825495410680677,0.0002580085515073698,0.18302566739544313,0.01710086082137753,0.012348001848400403,1.0292270609076913e-18,0.5331899037342329,622
2010,ZiPS,batting,Fantasy,HR/BIP,0.015632033065309123,0.011724817512449217,0.0012982286223149429,0.5861669320228624,0.015578109473501654,0.011546848368440887,-4.9341354683941804e-05,0.5890170892962632,0.01544245629956511,0.011418243929745922,-6.317746969328296e-18,0.5989207708358915,270
2010,Marcel,batting,Standard,OBP,0.0776421802703542,0.04834940822864166,0.029434410254623962,0.0,0.07445456901459864,0.04528377581375366,0.019533540310270606,0.021670504968816617,0.03438139347932477,0.02578664434487164,7.220423688829342e-17,0.25893263430740077,622
2010,ZiPS,batting,Standard,OBP,0.0738947669586318,0.04615455501893895,0.02330909265665798,0.036326743845766285,0.07175993840476876,0.04420707080709307,0.015243555243524115,0.09120369323605271,0.03434653861240417,0.026371920393516556,1.0133927984321884e-17,0.26043441821094626,622
2010,Marcel,batting,Standard,PA,175.05636666872192,138.07556270096464,39.21061093247589,0.39523811035695533,175.05636666872192,138.07556270096464,39.21061093247589,0.39523811035695533,175.05636666872192,138.07556270096464,39.21061093247589,0.39523811035695533,622
2010,Marcel,batting,Fantasy,PA,156.58663440432608,113.05555555555556,-62.74444444444445,0.0,156.58663440432608,113.05555555555556,-62.74444444444445,0.0,156.58663440432608,113.05555555555556,-62.74444444444445,0.0,270
2010,ZiPS,batting,Standard,PA,252.13327129749626,200.04501607717043,150.09003215434083,0.0,252.13327129749626,200.04501607717043,150.09003215434083,0.0,252.13327129749626,200.04501607717043,150.09003215434083,0.0,622
2010,ZiPS,batting,Fantasy,PA,119.23555895167564,92.95555555555555,-10.614814814814816,0.04182330377851451,119.23555895167564,92.95555555555555,-10.614814814814816,0.04182330377851451,119.23555895167564,92.95555555555555,-10.614814814814816,0.04182330377851451,270
2010,Marcel,batting,Standard,R/PA,0.07792140558499398,0.03587183476969059,0.0073186350171887925,0.005127908176899565,0.07757974125470986,0.033904115820641054,-0.0006581970232532788,0.013833272064211255,0.024376726108271414,0.017540918290407242,1.646763297452306e-17,0.21891418660834616,622
2010,Marcel,batting,Fantasy,R/PA,0.019756716869921854,0.01610907638340763,0.006778377867597195,0.2470355723437676,0.01856808779336041,0.014972677910523697,0.0006264418086435494,0.334911759870135,0.018699139936549238,0.015072755009032948,-1.182030078132391e-17,0.3164173042427837,270
2010,ZiPS,batting,Standard,R/PA,0.07831168922677963,0.03624498461919867,0.005331477864512979,0.0,0.07821428674048489,0.03418197493419217,-0.00363023924705666,0.0,0.02555721677114728,0.018607305214539058,-5.7003344911810594e-18,0.1414311895463679,622
2010,ZiPS,batting,Fantasy,R/PA,0.02265905620681046,0.01851006524886383,0.008051907983135174,0.009559158424132463,0.02118172581160062,0.01689016766399617,0.0002567145171354035,0.13449896599665356,0.020983253648273133,0.016797647101642894,2.93469536639766e-17,0.13921744268814962,270
2010,Marcel,batting,Standard,RBI/PA,0.048143636823594016,0.03400541404978514,0.014420875572189993,0.04423792384415037,0.046530538326641724,0.032339441584881445,0.007432555592361422,0.10721237948652873,0.028123187560167885,0.021207562409748647,0.0,0.3657543909570725,622
2010,Marcel,batting,Fantasy,RBI/PA,0.024240397834419197,0.01903941156212459,0.004648591832991578,0.42180329121333227,0.023791125509746023,0.01851905568085055,0.00017370054498790758,0.4430373079964819,0.024009618686271647,0.018585142739138256,7.33673841599415e-18,0.4560852035310551,270
2010,ZiPS,batting,Standard,RBI/PA,0.04934480485236418,0.03588501099266963,0.015967250902929674,0.0,0.04689160765911013,0.0331793303829556,0.004343524414012252,0.09330284973406544,0.03052242666167086,0.0232771432662814,1.7417688723053237e-17,0.2529210487169131,622
2010,ZiPS,batting,Fantasy,RBI/PA,0.028535276116955725,0.022780008342668377,0.009975020498160615,0.1987643076727894,0.02673593464916463,0.021168350994613335,-0.0002219288900136813,0.2966250928564663,0.02680251362529193,0.02104063869387506,6.521545258661467e-18,0.3221846515957273,270
2010,Marcel,batting,Standard,SB/TOF,0.07524573921889642,0.047143179369864334,0.004680396997416177,0.28164343402231773,0.0751513694025438,0.04649123682442701,0.0027772591763917482,0.28344416500296976,0.049299057321962554,0.033251573063152115,-1.0213099296699398e-17,0.5709484662196218,622
2010,Marcel,batting,Fantasy,SB/TOF,0.0414903676997094,0.030804265396996752,0.0009549403945285642,0.6656076154911548,0.0414794063843895,0.030612805983855913,-4.953081208834692e-05,0.6657842779982879,0.040337724419055164,0.03000782807451892,-1.8138047750652206e-17,0.6916978131556462,270
2010,ZiPS,batting,Standard,SB/TOF,0.0724691893635714,0.04119090965663781,-0.002080453058531967,0.33367969754161175,0.07248335064677006,0.04242901110167349,0.002526063914117707,0.33341925934624383,0.04725290169280038,0.031072416988750698,2.9293385579680446e-18,0.6058248928548561,622
2010,ZiPS,batting,Fantasy,SB/TOF,0.04083887521205104,0.028212909998994572,-0.005337678612789323,0.6760265988597615,0.040488555521731,0.028663330461526595,1.4581640693991668e-05,0.6815609079600232,0.039213955321735015,0.02800929841466955,-3.056974339997563e-18,0.7086365201429123,270
2010,Marcel,batting,Standard,SLG,0.12897870519297913,0.087261975119162,0.049847566104118744,0.0,0.12224425182189279,0.08053567636401572,0.02815902265245375,0.07069474468009651,0.06434150417762023,0.04856132480102094,-2.0267855968643768e-17,0.34359275096108455,622
2010,ZiPS,batting,Standard,SLG,0.12244780748129755,0.08157864166709657,0.034358721888123396,0.0675972928809726,0.11931776933248792,0.07783952068511589,0.020586070321683476,0.1146566072230435,0.06408415535156228,0.04880854967461333,1.5200891976482825e-17,0.3488331570848645,622
2010,Marcel,batting,Standard,SO/PA,0.08339084280381841,0.05010627575513563,-0.026800745594045123,0.14727382450829807,0.08135570770463971,0.04927771925976864,-0.019570346879612253,0.18838713448313793,0.038731516928233845,0.028185247031433377,-1.0133927984321884e-17,0.5721861499962184,622
2010,ZiPS,batting,Standard,SO/PA,0.07539784479333288,0.045342581610099325,-0.01757181363165968,0.3029069833350486,0.07486531458604476,0.04514383958267259,-0.015124449176539064,0.31271925653950994,0.035179594943406244,0.02561995404643459,1.8367744471583414e-17,0.6470546239547155,622
2010,Marcel,batting,Standard,wOBA,0.07980682461000761,0.052909211739436704,0.032044703451304245,0.0,0.07571217704203902,0.04870794110770769,0.019750127022238967,0.05120575340912592,0.03737365128642733,0.027887388331849824,1.393415097844259e-17,0.32686642848090985,622
2010,ZiPS,batting,Standard,wOBA,0.07651588476719517,0.0510377448429334,0.026480880989657684,0.030955361394821468,0.07329432334431503,0.047453899179144436,0.014785610260747716,0.11083726352222145,0.03731520221642191,0.028468414592161276,9.120535185889695e-17,0.3289702243160466,622
2010,Marcel,pitching,Standard,1B/(BIP-HR),0.06819743874591104,0.042220097352712864,-0.007783749237616294,0.004296243135460731,0.06818719868725275,0.042216787306862034,-0.007693514509421961,0.004595236751014364,0.0322526576144254,0.023595559319934876,2.6964841920074528e-17,0.01805144710665907,627
2010,ZiPS,pitching,Standard,1B/(BIP-HR),0.0908409584208094,0.07247003028877101,0.05433492576161965,0.0,0.07342493322377977,0.044998875654625785,-0.009561655171883916,0.0,0.03491850732750242,0.025045808668841395,4.47371240946691e-17,0.0,627
2010,Marcel,pitching,Standard,2B/(BIP-HR),0.041196334760087175,0.02466438212001561,-0.00030513961871574705,0.0,0.041244527632365614,0.02453490427043774,-0.0020164751768156413,0.0,0.019087187305562997,0.013855022709657517,-3.0641865818266507e-19,0.0,627
2010,ZiPS,pitching,Standard,2B/(BIP-HR),0.07665154469453542,0.06462035590289879,-0.06153289345549186,0.0,0.045731935619622625,0.027849351802712082,0.0014992026093428167,0.0,0.022563862942691172,0.015252657515716757,2.757767923643986e-18,0.0,627
2010,Marcel,pitching,Standard,3B/(BIP-HR),0.009843984990844762,0.006817481364788545,0.0010478950544403575,0.0,0.009819071165997907,0.006753550695016667,0.000779873135885004,0.0,0.006349074444794367,0.004722604662901983,-1.5320932909133254e-19,0.0,627
2010,ZiPS,pitching,Standard,3B/(BIP-HR),0.011259645504158922,0.006496891457314766,-0.005737912724683912,0.0,0.009711712394354012,0.006535748593497553,0.0006792519322112061,0.0,0.006158977862577969,0.004375924506725545,6.128373163653301e-19,0.0,627
2010,Marcel,pitching,Standard,BABIP,0.07705307864975329,0.046494089560435645,-0.007040993801891685,0.0,0.07724861369170109,0.04650167650678726,-0.008930116550352609,0.0,0.03587874171549525,0.025787528979499864,1.7159444858229245e-17,0.0,627
2010,ZiPS,pitching,Standard,BABIP,0.07752628849990105,0.04667183723518077,-0.012935880418556122,0.0,0.07679518251761897,0.04633015055694479,-0.007383200630329911,0.002413818835416026,0.03521278882014149,0.025310387059142295,2.9416191185535847e-17,0.027673828201931094,627
2010,Marcel,pitching,Standard,BB/BF,0.04835963248650874,0.02950346411324194,-0.01253905889614268,0.03279234331621472,0.048385724635423955,0.029513537727225418,-0.012639315340073438,0.03174835960417344,0.02288852648957099,0.01583615356015345,2.757767923643986e-18,0.30829144345444526,627
2010,ZiPS,pitching,Standard,BB/BF,0.04473477664941283,0.02793895214122928,-0.006416880765211654,0.17235463150449015,0.0448293854678917,0.02794802592672163,-0.0070462698153641,0.16885018343656266,0.021854746270700675,0.015697706474920376,-8.579722429114623e-18,0.36936362645050747,627
2010,Marcel,pitching,Standard,BF,184.49403200887002,137.01435406698565,-2.6762360446570974,0.5332163166987854,184.49403200887002,137.01435406698565,-2.6762360446570974,0.5332163166987854,184.49403200887002,137.01435406698565,-2.6762360446570974,0.5332163166987854,627
2010,Marcel,pitching,Fantasy,BF,206.4608936135751,150.2958579881657,-72.6923076923077,0.31966389534718487,206.4608936135751,150.2958579881657,-72.6923076923077,0.31966389534718487,206.4608936135751,150.2958579881657,-72.6923076923077,0.31966389534718487,338
2010,ZiPS,pitching,Standard,BF,252.9367652525316,193.43698479684346,126.80542344453802,0.12264583417362906,252.9367652525316,193.43698479684346,126.80542344453802,0.12264583417362906,252.9367652525316,193.43698479684346,126.80542344453802,0.12264583417362906,627
2010,ZiPS,pitching,Fantasy,BF,204.53501448888989,147.38162878138073,41.59467804361376,0.3322971263475143,204.53501448888989,147.38162878138073,41.59467804361376,0.3322971263475143,204.53501448888989,147.38162878138073,41.59467804361376,0.3322971263475143,338
2010,Marcel,pitching,Standard,ER/BF,0.06666651100373416,0.0381071434215098,-0.010665291594803918,0.011416747896240587,0.06716942007681484,0.03810502382839167,-0.013455695777134827,0.0,0.028471019046067237,0.02033851774558662,1.2256746327306603e-18,0.06018178128947915,627
2010,ZiPS,pitching,Standard,ER/BF,0.06548920918585015,0.038034662864482816,-0.005759789546732644,0.04602435528928783,0.06627000813055807,0.03761789586898992,-0.011664160212327563,0.023141088764049966,0.02807750451942334,0.01980572357349021,3.677023898191981e-18,0.08598179135315742,627
2010,Marcel,pitching,Standard,ERA,4.765402553396929,2.032237375165182,-0.9043991645450825,0.0,4.779191370698609,2.0334192164474976,-0.9744467715929449,0.0,1.487040199866648,0.9366871357500193,-7.059885884528604e-16,0.05361949641274921,627
2010,Marcel,pitching,Fantasy,ERA,1.0995283932575606,0.8808384017760841,0.1889858310590455,0.0678777643710976,1.0831789189524608,0.8580301924448096,0.005433895890298982,0.09539211498697409,0.9937904853591892,0.7835011952742735,-4.5294688701059697e-17,0.07510352690996891,338
2010,ZiPS,pitching,Standard,ERA,4.694440511542507,2.0310707546896314,-0.5793297374815255,0.014647123102877191,4.739659839751382,2.006218057246088,-0.8730559116523013,0.0,1.47725327797148,0.9119758832105868,-7.059885884528604e-16,0.06603566747382628,627
2010,ZiPS,pitching,Fantasy,ERA,1.170258258199072,0.9264272389228972,0.4027054094625567,0.0,1.0989720150645006,0.8442043346763394,0.02016794045530573,0.06882086193078385,1.0049368355559987,0.7663017959187038,3.6235750960847757e-16,0.054239905808540434,338
2010,Marcel,pitching,Standard,HBP/BF,0.017213909912915094,0.007822374451353468,-0.001142907057931911,0.006437591115948216,0.017219252850660137,0.0078097764514650815,-0.0012207419006823054,0.005820721855099964,0.006500677174821551,0.00448589214648103,1.3405816295491597e-18,0.0,627
2010,ZiPS,pitching,Standard,HBP/BF,0.019497744411378228,0.009785001651572556,-0.009039430237797802,0.0,0.017305632140935636,0.008147698242460649,-0.001016939373791194,0.0,0.006674388681127478,0.004578893540101317,1.5320932909133254e-19,0.0,627
2010,Marcel,pitching,Standard,HLD/G,0.09375731853444472,0.07637568714702377,0.022915450758224452,0.2273388251250621,0.09175891634591807,0.06434101955355369,-0.012425048638153021,0.25992576297399905,0.07640836095357119,0.05020001501599034,1.2256746327306603e-18,0.3429317418985275,627
2010,ZiPS,pitching,Standard,HLD/G,0.12750952120566225,0.07287741221173212,-0.0681689067001952,0.0,0.10976713310669714,0.07986744995423835,-0.020908021261373685,0.0,0.09396136603445147,0.06777933990871893,-3.677023898191981e-18,0.006363893584459879,627
2010,Marcel,pitching,Standard,HR/BIP,0.03851777895803237,0.020398106652093274,-0.003598598680185943,0.006357516597832014,0.03870644454879692,0.0203362006656706,-0.005245899942839643,0.0,0.015191148659987662,0.01071323625610568,-3.677023898191981e-18,0.004470035031227559,627
2010,ZiPS,pitching,Standard,HR/BIP,0.03826218112681181,0.02025769222462966,-0.00327526848498105,0.019501067909829417,0.03840472566784775,0.020160566279350842,-0.004653582780009419,0.012181824168647548,0.014991020778771362,0.010546512754131935,-9.192559745479952e-19,0.030527439811246837,627
2010,Marcel,pitching,Standard,L/G,0.1676457081399179,0.11922324664677968,-0.0030546126067500816,0.1872963644286847,0.17848681892174972,0.1411211620477091,0.0613334470680415,0.0787879246873352,0.13354586669958982,0.1074110172631456,-3.922158824738113e-17,0.30154482045169106,627
2010,ZiPS,pitching,Standard,L/G,0.1669753085161383,0.1158092540972571,0.04708849885595087,0.19378322106043322,0.16404176486706243,0.11340853835864417,0.03530260176173869,0.22186277939834664,0.12446960960475459,0.09208811848506734,-2.7271260578257192e-17,0.3932576697715441,627
2010,Marcel,pitching,Standard,R/BF,0.06690797368767204,0.03991127875192634,-0.010447349701369596,0.020605554972836226,0.06736489366486884,0.03993223794644074,-0.013057529294302943,0.007183151443932223,0.03017916924057933,0.02194125145087593,8.579722429114623e-18,0.0607350824211591,627
2010,ZiPS,pitching,Standard,R/BF,0.06601182876685191,0.04006018254033979,-0.004434069193389151,0.046665279247878555,0.06686194620441965,0.039580508857580764,-0.011516044577470772,0.021952585931562685,0.02995768113797132,0.021687880824399933,4.902698530922641e-18,0.07447121966942416,627
2010,Marcel,pitching,Standard,SO/BF,0.06290978562544823,0.04451564670871165,-0.001671256074773845,0.1724842142637132,0.06292932526148216,0.04468117244544465,0.0022917127422594405,0.1719700853984626,0.04161298115436783,0.03048942706192668,-2.4513492654613206e-17,0.3728243853859554,627
2010,Marcel,pitching,Fantasy,SO/BF,0.043453491785415216,0.03212105917495687,-0.006155006762451213,0.39326604773351326,0.043080468947677204,0.032221674546546536,-0.002367480655137929,0.40363824912677027,0.03741956203906292,0.027964187077384618,-1.1323672175264924e-17,0.44569654592740826,338
2010,ZiPS,pitching,Standard,SO/BF,0.06054136112884726,0.04309412786508115,-0.010275382923361984,0.23361986643756505,0.059674584817715225,0.04225383635045821,0.0011760782520344882,0.2554074461158192,0.039125049071036984,0.028401806601333665,-3.677023898191981e-18,0.4455769278062156,627
2010,ZiPS,pitching,Fantasy,SO/BF,0.04092600869643877,0.030534932907174878,-0.012535758610932117,0.46179500843679633,0.03898545912194137,0.029223897277182304,-0.0014398191133397653,0.5116240790220381,0.034695761791837094,0.02561811575349842,1.4154590219081155e-18,0.5234559632263661,338
2010,Marcel,pitching,Standard,SV/G,0.07654489873987394,0.04967817514605786,0.02047384627448944,0.5291570360803493,0.07375601113411555,0.03527300777363923,-7.769549308488631e-05,0.5628420088847326,0.0674969588726813,0.029288064823922513,-4.289861214557311e-18,0.5784002136728915,627
2010,Marcel,pitching,Fantasy,SV/G,0.08877480981642827,0.052392991335409825,0.00908429115811418,0.5807997854832396,0.08891333780898701,0.04048988634404944,-0.010350803265322997,0.5794904890168268,0.06867031054230803,0.029466828303430552,2.830918043816231e-18,0.5766180877007689,338
2010,ZiPS,pitching,Standard,SV/G,0.11639847410912012,0.034900828411551864,-0.030732630248966223,0.0,0.1123390523539263,0.05211047891481126,-0.003994054439584578,0.0,0.10426739080648904,0.047094879226585555,0.0,0.0,627
2010,ZiPS,pitching,Fantasy,SV/G,0.14573489485425611,0.04993275723058331,-0.047951260653425934,0.0,0.1391469245673611,0.0642638230419969,-0.020555545155178743,0.0,0.10578004049257014,0.047788497816583154,1.4154590219081155e-18,0.0,338
2010,Marcel,pitching,Standard,W/G,0.13907591775912215,0.10962616244585573,0.026641832768020852,0.23605850835725384,0.1599932047591097,0.13469079152861166,0.08345958256418182,0.0,0.14024003815159297,0.11378404616281429,9.805397061845282e-18,0.37423679203998406,627
2010,Marcel,pitching,Fantasy,W/G,0.13746023704388866,0.10279052332252653,-0.03121333842303412,0.345679092919682,0.14107727834228764,0.11543354427817916,0.04451689782336707,0.3107912767755239,0.13574206355048832,0.10957448742547576,-8.492754131448693e-18,0.35913364549028126,338
2010,ZiPS,pitching,Standard,W/G,0.12967204232795004,0.0976830231400796,0.04810630154285499,0.33587637262251846,0.12865252412754638,0.09674533331786667,0.04528630754454736,0.3462783743524104,0.125345221712306,0.09384334352217523,-1.4708095592767923e-17,0.500101828439515,627
2010,ZiPS,pitching,Fantasy,W/G,0.12340728563457308,0.09032737869149489,0.016623126318773468,0.47262660056379313,0.12449264817691535,0.09138578021775413,0.023353578548437035,0.4633093481667053,0.12600027190266141,0.09443506678293245,1.1323672175264924e-17,0.4478188940731347,338
2010,Marcel,pitching,Standard,WHIP,0.6702914110932878,0.33232445398338306,-0.16100724125489924,0.0,0.6724101582349936,0.3330429302229549,-0.169611841711278,0.0,0.24616866720706257,0.1645839804103081,8.824857355660755e-17,0.08710320211314537,627
2010,Marcel,pitching,Fantasy,WHIP,0.19765519918187674,0.1593795364610713,0.028834920572546878,0.09206679914185345,0.1956182219007226,0.15601953909762278,-0.005510319446100147,0.11068416329372932,0.17359448865877908,0.13838915991954215,-5.661836087632462e-17,0.10471628496987473,338
2010,ZiPS,pitching,Standard,WHIP,0.6456583056777608,0.31996124897354583,-0.09534579973551259,0.04597319382307119,0.652834830276414,0.3187773990882129,-0.1356815737621059,0.0246472171688783,0.23962619927364234,0.1609804111659036,2.7455111773166793e-16,0.13498281814899782,627
2010,ZiPS,pitching,Fantasy,WHIP,0.20567707449094644,0.16350932738555565,0.05907379808412937,0.016873992798960513,0.19702080797185098,0.1535858326000936,0.00196301370630513,0.09788562412669033,0.17695627618207055,0.13867511248924216,1.3022223001554664e-16,0.06970484290096479,338
2010,Marcel,pitching,Standard,wOBA,0.0770803202215688,0.04928270165294593,-0.012962435864348148,0.025420044659372754,0.07810685078286662,0.04964344659107019,-0.018092239145411085,0.0,0.038134943170620564,0.028467119159791263,-2.4513492654613206e-18,0.0867741448763032,627
2010,ZiPS,pitching,Standard,wOBA,0.08135909445523745,0.05276411487335821,-0.033647681405468484,0.0,0.0751694072417156,0.047633638958899646,-0.012779045287443959,0.07314306134223847,0.037149516678165496,0.026985292556035663,-2.4513492654613206e-18,0.1333608037024615,627
2011,Marcel,batting,Standard,1B/(BIP-HR),0.0734577953864811,0.04546724535573656,0.008950193342659202,0.0014923821111213487,0.07317933135265624,0.04522407991953855,0.006266801022109493,0.009048324789513895,0.03342944928496658,0.024944371331618396,-6.341123781778511e-18,0.08362797841337477,641
2011,ZiPS,batting,Standard,1B/(BIP-HR),0.07417297589407926,0.045809063699093634,0.008252784213499014,0.0,0.07411207363638572,0.045768082910965104,0.007686192358767385,0.0,0.0333368979203627,0.02465545991728882,4.0583192203382466e-17,0.0886950124296616,641
2011,Marcel,batting,Standard,2B/(BIP-HR),0.03764638724193497,0.02545153367139969,0.007994741947425025,0.0,0.037221160060672,0.025051252906718197,0.005663937031637812,0.0024149780316473635,0.019779055641669367,0.014969948069888044,-6.0240675926895854e-18,0.06968891564710655,641
2011,ZiPS,batting,Standard,2B/(BIP-HR),0.03696850320529781,0.024722098473068686,0.007054642341084297,0.015912206436755838,0.03668695210947972,0.024496286755743592,0.005387968485780449,0.03084469708212567,0.01937579282607305,0.014627804384788843,-4.121730458156032e-18,0.10723726212437146,641
2011,Marcel,batting,Standard,3B/(BIP-HR),0.01030720364399111,0.006761113091488303,0.0010790573113719697,0.040756487712762746,0.01027002338029175,0.006619044283647614,0.0006319002724013511,0.04766439455173144,0.0066908169474570525,0.005018355543279998,1.5852809454446276e-19,0.25331838463082756,641
2011,ZiPS,batting,Standard,3B/(BIP-HR),0.010092818919108721,0.006563359278796778,0.002062260845265281,0.08024507919977042,0.009906141851117805,0.006210566330736423,0.0007208137307675401,0.11395405496313382,0.00636179404525569,0.004625848597915891,-7.133764254500825e-19,0.32494933043065155,641
2011,Marcel,batting,Standard,AVG,0.0687736308556453,0.04448275084279972,0.025347076798351836,0.0,0.06644901655046909,0.0427184606073527,0.018114463880487694,0.012916152708276174,0.03288985294462102,0.024769077922935694,4.0583192203382466e-17,0.1883270243856643,641
2011,Marcel,batting,Fantasy,AVG,0.026675428420877247,0.020692358105448484,0.0035131028105435274,0.09623480238384341,0.026472420417518867,0.02055221569789905,0.0012459745912227894,0.1099383072411183,0.026597360626636445,0.02072925718569032,5.0403155647897867e-17,0.12988214558306677,265
2011,ZiPS,batting,Standard,AVG,0.06626125722510229,0.04242278888964651,0.020221365002158643,0.01848650921102446,0.06514862968080994,0.04151577854679969,0.01620781733567682,0.051171982528754656,0.031550090879819526,0.023371017206234152,1.775514658897983e-17,0.2531068915189695,641
2011,ZiPS,batting,Fantasy,AVG,0.02545938569954174,0.01966050711944588,0.00032380992051763156,0.17675585974523822,0.025475833262304237,0.019711598812133788,0.0009708826269545685,0.1756918330185646,0.02533123374805822,0.019661812565967957,4.032252451831829e-17,0.21075165196641565,265
2011,Marcel,batting,Standard,BABIP,0.07926719689483992,0.0500049949599398,0.018023992601456214,0.0,0.07820641965965194,0.04935773642727248,0.012562638326148795,0.0031351525393129576,0.038356077743666485,0.02879640053726053,1.141402280720132e-16,0.03374225799938846,641
2011,ZiPS,batting,Standard,BABIP,0.0787993860410721,0.04903177703979225,0.017369687399848593,0.0,0.07808929839366625,0.04865878192607722,0.013794974575315398,0.006118709349810514,0.037007963381028276,0.02753517773096921,5.1997215010583786e-17,0.1004713967702936,641
2011,Marcel,batting,Standard,BB/PA,0.05197680464981048,0.02873208581374733,0.008938149733280998,0.061626472696440615,0.05131411991586059,0.027605673034974198,0.0033824845586211696,0.08540175727587684,0.023111841013590973,0.017864310307505443,2.833689689982272e-18,0.4414621185161267,641
2011,ZiPS,batting,Standard,BB/PA,0.05126891726521807,0.027417027159689883,0.0033871340576758185,0.08701238825597546,0.05117109183341265,0.027089989410838237,0.0012047568221196757,0.09049317947773727,0.02292014075684582,0.01763471857589474,9.333341566305246e-18,0.4506892331862531,641
2011,Marcel,batting,Standard,HBP/PA,0.011745689521108016,0.006754534293777132,0.00066351622013489,0.06002764072578837,0.011749811430834436,0.006771308884066226,0.000732871140298912,0.05936779678247628,0.006388841328552214,0.004599598043521196,4.557682718153305e-19,0.2647742560636418,641
2011,ZiPS,batting,Standard,HBP/PA,0.01205383774095532,0.006765724838124516,0.0008253916572369369,0.010060322270805,0.01204547476912785,0.006738190825134919,0.0006926250906898662,0.011433489203731773,0.006332910271908857,0.004573674058240066,-1.1889607090834707e-19,0.27759096248439963,641
2011,Marcel,batting,Standard,HR/BIP,0.025396185449465168,0.019370292343330226,0.007517605882269974,0.17191860291421768,0.024769456561817966,0.018593673938975378,0.005007408629750603,0.21228519968486337,0.01747428950015345,0.013280799274319013,5.072899025422808e-18,0.48113880525071195,641
2011,Marcel,batting,Fantasy,HR/BIP,0.015102409940807856,0.012010191916100905,0.0016467861997393276,0.5767662652696897,0.015033084357097435,0.0118799140854926,0.0007891413403488545,0.5806429423076214,0.014997458693135473,0.011776523091772831,-7.140447050118864e-18,0.5912831642685623,265
2011,ZiPS,batting,Standard,HR/BIP,0.02461562139985798,0.01738814056605569,0.004925248934176281,0.2220393042194061,0.02436842425157075,0.017094636739087496,0.0034855933020075396,0.23758585881486005,0.017187577479284143,0.012573169274011585,1.141402280720132e-17,0.4980257075782768,641
2011,ZiPS,batting,Fantasy,HR/BIP,0.014638362660544588,0.011025400480888311,0.0008801189010918357,0.6023758328577917,0.014621043517381,0.0110134976180375,0.000517553316656347,0.6033161615276001,0.014576644154404432,0.011021652372671038,-8.610539089849219e-18,0.6138977946118134,265
2011,Marcel,batting,Standard,OBP,0.08176541022401501,0.04968695254022601,0.03013653155656798,0.0,0.07847390066588797,0.0470065609824837,0.019513618600306037,0.01658347941815841,0.035798440904234945,0.027382246645396808,-4.692431598516098e-17,0.23584161047847207,641
2011,ZiPS,batting,Standard,OBP,0.07800920862070392,0.04664769873842856,0.02140906892760154,0.028195818904168335,0.07672793806453257,0.04565959540193462,0.016127246583128595,0.05985666009517843,0.034382695312735155,0.02575458315525608,-1.3950472319912724e-17,0.29508784771165253,641
2011,Marcel,batting,Standard,PA,161.85104667703703,129.9266770670827,37.73946957878315,0.4565152474737393,161.85104667703703,129.9266770670827,37.73946957878315,0.4565152474737393,161.85104667703703,129.9266770670827,37.73946957878315,0.4565152474737393,641
2011,Marcel,batting,Fantasy,PA,140.97540264508342,105.2566037735849,-49.113207547169814,0.0,140.97540264508342,105.2566037735849,-49.113207547169814,0.0,140.97540264508342,105.2566037735849,-49.113207547169814,0.0,265
2011,ZiPS,batting,Standard,PA,275.82104069461343,213.57410296411857,179.21216848673947,0.0,275.82104069461343,213.57410296411857,179.21216848673947,0.0,275.82104069461343,213.57410296411857,179.21216848673947,0.0,641
2011,ZiPS,batting,Fantasy,PA,119.46141715499296,91.37735849056604,29.0,0.0,119.46141715499296,91.37735849056604,29.0,0.0,119.46141715499296,91.37735849056604,29.0,0.0,265
2011,Marcel,batting,Standard,R/PA,0.06338311173147092,0.03422916815526843,0.010205100060087227,0.011213215025755119,0.06260940955119318,0.03247259955441657,0.002581352130435579,0.035205639024241675,0.02411914746633724,0.01777268135491189,3.1705618908892555e-18,0.20299101163136302,641
2011,Marcel,batting,Fantasy,R/PA,0.02053139412439525,0.016406329478746193,0.006652683254907977,0.165947232360263,0.019447910452945163,0.015171818486451827,0.0009701911072850523,0.2516538298703296,0.019433389431140403,0.015087289535618205,2.43615252298173e-17,0.26907722126991107,265
2011,ZiPS,batting,Standard,R/PA,0.06282545102909838,0.033591275395971606,0.008522843608266927,0.028535867899772138,0.06225868919296231,0.0319759405879874,0.0013213425699712279,0.045984379501589734,0.024157347542733142,0.017684056617590874,1.9023371345335532e-18,0.20046439542931793,641
2011,ZiPS,batting,Fantasy,R/PA,0.020667187979103482,0.016473197729095872,0.006368103331358725,0.15487796099961493,0.01968308865745653,0.015292636618831668,0.0009187274745846088,0.23344530955135734,0.01945866997344016,0.015039915545350478,-4.2002629706581556e-18,0.26717429607833243,265
2011,Marcel,batting,Standard,RBI/PA,0.054042130869654766,0.03800780033298441,0.01770594448686467,0.0,0.05237259070706236,0.03626101928234002,0.011654905345326243,0.0460671804216517,0.029873021880545317,0.023325850706708125,1.268224756355702e-18,0.28915866610999075,641
2011,Marcel,batting,Fantasy,RBI/PA,0.026749131804147713,0.02193063890121434,0.004299256206689001,0.3382430681362345,0.026433847920560905,0.021487892142995957,0.0013099112727315706,0.3537509882609434,0.02598355036482889,0.021051024391463242,8.400525941316311e-19,0.3774815414153181,265
2011,ZiPS,batting,Standard,RBI/PA,0.05340867594572333,0.036807370919907316,0.01567311802505095,0.007950600590912127,0.05200954832742542,0.03556071498172749,0.009907223605768234,0.05924650618941063,0.029488437378217644,0.023140042669812167,-6.341123781778511e-18,0.3073435573134762,641
2011,ZiPS,batting,Fantasy,RBI/PA,0.025980834143802065,0.02134189510647979,0.004055444145314517,0.37571155194024874,0.02567668861120849,0.020994238216417323,0.0008574511327055935,0.39024250618413836,0.025266085578916044,0.020594494807248682,0.0,0.41138520450325644,265
2011,Marcel,batting,Standard,SB/TOF,0.11047250733995337,0.05892726610363151,-0.006011835737059685,0.21586121529158908,0.11032094409291972,0.06044597780940442,-0.0016364585257362826,0.21801134471511496,0.06160723318396472,0.04008414804733784,0.0,0.4709382669501577,641
2011,Marcel,batting,Fantasy,SB/TOF,0.05022635713833448,0.03405291398219111,-0.0034865234833486225,0.5867008556982556,0.05010832259686801,0.034688203704084326,-0.0005593639997457433,0.5886411219567703,0.04833339809992688,0.03392046805151784,1.2600788911974467e-17,0.6026598434541406,265
2011,ZiPS,batting,Standard,SB/TOF,0.10161512665363026,0.05109130539000929,-0.0006097536835511364,0.33656063195719643,0.10162325000793028,0.05092524925043737,-0.0014222436133045921,0.3364545538832029,0.05499995965359089,0.03327591846266027,-1.0423222216298427e-17,0.5783348755393267,641
2011,ZiPS,batting,Fantasy,SB/TOF,0.0438358538415131,0.02895788116211253,0.000613704444938861,0.6851816156716,0.04383991709983009,0.028799412639874587,-0.0008560855396589014,0.6851232503111933,0.042896015211972845,0.028478093343110095,1.428089410023773e-17,0.6870307271038065,265
2011,Marcel,batting,Standard,SLG,0.12366257099209503,0.08806331350477639,0.05431248809694403,0.0,0.11709424013103448,0.08203869061983259,0.03699291784612438,0.04407427306582179,0.06681435974673484,0.0510850547135199,3.043739415253685e-17,0.300378609568266,641
2011,ZiPS,batting,Standard,SLG,0.11457985511912988,0.0796262531670877,0.04113820128727999,0.08468701762555642,0.11115150558407996,0.07674266463832485,0.030306197380069486,0.1386418164924571,0.06429234585056735,0.048600608580866705,7.862993489405353e-17,0.3521984220343638,641
2011,Marcel,batting,Standard,SO/PA,0.09365628371240797,0.05287850718199056,-0.02553660334533531,0.11187295404819442,0.09255618587093864,0.05235465609632763,-0.021148668387718342,0.13261450970550903,0.03913980175941067,0.02792612344173366,1.141402280720132e-17,0.5777694845037212,641
2011,ZiPS,batting,Standard,SO/PA,0.08363076991526504,0.046833781051988654,-0.01785914930000531,0.29183665476457665,0.08310038713688934,0.04653929557943513,-0.015182815265976443,0.30079045564070517,0.03523610537108354,0.026358379998122437,1.712103421080198e-17,0.6577935631693462,641
2011,Marcel,batting,Standard,wOBA,0.08208348102733694,0.053389194787128204,0.034647244024538025,0.0,0.07793096699725484,0.04989707307581816,0.02315101030317959,0.027417984385918248,0.0391266746349699,0.03006731657415664,1.3950472319912724e-17,0.29874807254597,641
2011,ZiPS,batting,Standard,wOBA,0.07681765319242503,0.04868341382435085,0.025830613262791582,0.05500790709637293,0.07481574363027801,0.04708421252727867,0.019069982550901882,0.10362012346160276,0.03718965750433975,0.027654061819751254,-2.6632719883469745e-17,0.366462177318189,641
2011,Marcel,pitching,Standard,1B/(BIP-HR),0.06177737543343459,0.04065457478225524,-0.0024519237360750216,0.001080531613600999,0.06182038734391936,0.04062502779719553,-0.003365725169443552,0.0,0.03198811957227618,0.022953422049812593,8.593480595763906e-18,0.048190064152175305,654
2011,ZiPS,pitching,Standard,1B/(BIP-HR),0.061132885268431185,0.040894096995756794,0.0018056260579108975,0.02181419312802957,0.06112021090158628,0.0406650325081846,-0.001307977397442935,0.0222197555518997,0.032069080606559025,0.023727574571706395,-2.0869881446855198e-17,0.04336595847684799,654
2011,Marcel,pitching,Standard,2B/(BIP-HR),0.03671396499537155,0.025175237658266566,-0.00024165998363681073,0.0,0.03674120214554951,0.02513053858701183,-0.0014349595696240786,0.0,0.01961408139647652,0.014277580460494675,-7.97966055320934e-18,0.0,654
2011,ZiPS,pitching,Standard,2B/(BIP-HR),0.036353429898260826,0.024887215018381658,0.0008471183732825509,0.0,0.036352651648828525,0.024756659229267442,-0.0008130350986668138,0.0,0.019006448280643493,0.013882889873741883,-9.821120680873035e-18,0.0,654
2011,Marcel,pitching,Standard,3B/(BIP-HR),0.011165303027065705,0.007147155604277407,0.00048654911003467323,0.0,0.011161648453445977,0.0071239152805003215,0.00039387123350897524,0.0,0.0062942022539341025,0.004482905288223438,6.905475478738853e-19,0.0,654
2011,ZiPS,pitching,Standard,3B/(BIP-HR),0.011113838980447013,0.00679328445294782,-0.00022239965603874467,0.0002925983632120488,0.01111218572284893,0.006872512558552717,0.00011276640807557193,0.0005900025149114807,0.00605706853718391,0.004222093661182953,9.974575691511676e-19,0.0,654
2011,Marcel,pitching,Standard,BABIP,0.0675534367151055,0.045890268567494646,-0.0022070346096771548,0.002817741368515425,0.06766103616946922,0.045948095332630744,-0.004406813505558617,0.0,0.03547117432423084,0.02598058616815736,3.191864221283736e-17,0.0,654
2011,ZiPS,pitching,Standard,BABIP,0.067269676593244,0.04529742243572305,0.0024303447751547014,0.011177531219075942,0.0672557496841989,0.04511829652932901,-0.002008246088034114,0.01158692266392558,0.035390826764074734,0.02595863574198436,3.314628229794649e-17,0.0,654
2011,Marcel,pitching,Standard,BB/BF,0.04525306108646924,0.02892326614398407,-0.008949759644285725,0.033786879687211835,0.04584335640792758,0.029076023031373178,-0.01157030625087527,0.008415291947426184,0.023676831614304294,0.016839280596729,1.2276400851091294e-17,0.2499287973628176,654
2011,ZiPS,pitching,Standard,BB/BF,0.043298955025537884,0.02825592025694968,0.0004313287579350631,0.11543075148127668,0.04371440565346548,0.02786832691962313,-0.006027918366202777,0.09837454797748324,0.023751322128636964,0.016951288628772865,5.2174703617137995e-18,0.2452017221453482,654
2011,Marcel,pitching,Standard,BF,184.56511410763886,134.217125382263,-5.217125382262997,0.5331945297619501,184.56511410763886,134.217125382263,-5.217125382262997,0.5331945297619501,184.56511410763886,134.217125382263,-5.217125382262997,0.5331945297619501,654
2011,Marcel,pitching,Fantasy,BF,203.67440324418078,145.98230088495575,-73.85250737463127,0.3477026790974126,203.67440324418078,145.98230088495575,-73.85250737463127,0.3477026790974126,203.67440324418078,145.98230088495575,-73.85250737463127,0.3477026790974126,339
2011,ZiPS,pitching,Standard,BF,256.0384802405966,192.48012232415903,129.56574923547402,0.10164665958638586,256.0384802405966,192.48012232415903,129.56574923547402,0.10164665958638586,256.0384802405966,192.48012232415903,129.56574923547402,0.10164665958638586,654
2011,ZiPS,pitching,Fantasy,BF,187.4203862442424,132.29498525073745,28.212389380530972,0.4476601891604237,187.4203862442424,132.29498525073745,28.212389380530972,0.4476601891604237,187.4203862442424,132.29498525073745,28.212389380530972,0.4476601891604237,339
2011,Marcel,pitching,Standard,ER/BF,0.05397802290299604,0.03510668188291941,-0.005391144766956463,0.004193538518541984,0.054255714737490794,0.03504519180774742,-0.007688957475359921,0.0,0.027956892365435634,0.020022237751881652,8.593480595763906e-18,0.06955461155026677,654
2011,ZiPS,pitching,Standard,ER/BF,0.053676462143059316,0.035054211174850414,0.0005941130628707108,0.015289065922881706,0.053918111511143375,0.034647967006738604,-0.005133530078248824,0.006402846635479853,0.02823169570480895,0.020253625506025327,-1.2276400851091294e-17,0.0511730152458304,654
2011,Marcel,pitching,Standard,ERA,2.9799359947855355,1.6880462193022072,-0.4698903711542548,0.0,2.990112377568348,1.6870908604914894,-0.5306132851450902,0.0,1.334288168156551,0.9010492922503661,-3.1427586178793713e-16,0.06772826845983126,654
2011,Marcel,pitching,Fantasy,ERA,1.0978013692453361,0.8516008976875561,0.21235717161814346,0.10341323969532923,1.0778458719301625,0.8233377994895283,0.04098104022124487,0.13571274129392452,0.9647068761701241,0.747838165908091,2.270557973269743e-16,0.12731803690929566,339
2011,ZiPS,pitching,Standard,ERA,2.9460380583600205,1.7091823332345908,-0.12951093547022188,0.015506695095613643,2.968389246371793,1.6915725113195341,-0.3859631576671449,0.0005115949349326909,1.3603989472329112,0.9253014399401249,-1.5713793089396856e-16,0.030883874119307042,654
2011,ZiPS,pitching,Fantasy,ERA,1.1920635077710204,0.9176360919638323,0.40528578338459403,0.0,1.1231695729148248,0.8478661792955758,0.0689278548627773,0.06149747655888482,1.0197870331737802,0.7772348897229399,6.35756232515528e-16,0.02482126407072749,339
2011,Marcel,pitching,Standard,HBP/BF,0.015765695656835794,0.00812968655284294,-0.0016979484578948272,0.0027046110642392485,0.015756456685145505,0.00814290599213349,-0.0016099058023881282,0.003873133441986365,0.006850930994401858,0.004452171342977174,-1.994915138302335e-18,0.04303503124761188,654
2011,ZiPS,pitching,Standard,HBP/BF,0.015768949599111157,0.008725816139643551,0.00037005079156329014,0.002292897355395951,0.01578687315890638,0.00848497474305455,-0.0008381707847612695,2.354824907357944e-05,0.007024705206227884,0.004643151269199037,-1.8798238803233542e-18,0.0,654
2011,Marcel,pitching,Standard,HLD/G,0.10174562687626738,0.08103300771360486,0.019872077142074156,0.16230308476720956,0.10090233419785247,0.06778494049776686,-0.014966893734874661,0.17613161363304963,0.07927081250757949,0.0512319474220568,0.0,0.33530212014691396,654
2011,ZiPS,pitching,Standard,HLD/G,0.13160137217647766,0.07380398718362523,-0.06946676187001292,0.0,0.11383795558106148,0.08192568972932109,-0.0215821680293946,0.0,0.09695955941895426,0.06941826679621961,-2.4552801702182588e-18,0.005559184410246609,654
2011,Marcel,pitching,Standard,HR/BIP,0.027418306294808802,0.01865798083238857,-0.0011286294011645544,0.010128414808127095,0.027459539816222022,0.018607995950475912,-0.001880587984621764,0.007148903117841221,0.015229734608844513,0.010774568360393616,5.2174703617137995e-18,0.0310235439919736,654
2011,ZiPS,pitching,Standard,HR/BIP,0.02723335687519225,0.01868232332787956,-0.00014771862762956626,0.023437676554651343,0.027275146258372445,0.01859635189689434,-0.0015164753598315855,0.020438321859365116,0.015214192128964936,0.010872946200162536,-5.524380382991082e-18,0.03300028392558918,654
2011,Marcel,pitching,Standard,L/G,0.15770397297266306,0.11962608687463927,0.007943362898607692,0.1833731672538912,0.171610527555982,0.14034099718815796,0.06813756005918464,0.03300054406952346,0.13168239956964745,0.10610673763746892,1.7186961191527812e-17,0.3378454591451304,654
2011,ZiPS,pitching,Standard,L/G,0.16506978585540502,0.11506426899046593,0.04266994552496157,0.10530800282563646,0.16662228596020928,0.1164313615987804,0.04832883432651436,0.08839950187968293,0.12700131673162443,0.09037832221078446,4.665032323414691e-17,0.3840856178607769,654
2011,Marcel,pitching,Standard,R/BF,0.056014723990168706,0.037016816409512696,-0.005267734969243759,0.002141078711260458,0.056227722146104206,0.03699342787055324,-0.007187243265043143,0.0,0.02936881080528401,0.02118461753816182,1.595932110641868e-17,0.06600079988482543,654
2011,ZiPS,pitching,Standard,R/BF,0.05567348751378197,0.03672067965646518,-0.0003328371192342112,0.014261773880883122,0.05584345788733091,0.03650751417544855,-0.004366389517072932,0.008233696235755206,0.029446940446117596,0.02130336037902847,-1.2276400851091294e-17,0.0610247668178433,654
2011,Marcel,pitching,Standard,SO/BF,0.05864046803255551,0.04293107905592455,0.0019232244683870523,0.19686790152920752,0.05865862390575236,0.04297127617224712,0.0024142203286237635,0.19637050366206343,0.04090218365046889,0.02935178407468569,-2.8235721957509973e-17,0.39169341095630805,654
2011,Marcel,pitching,Fantasy,SO/BF,0.042995324515939896,0.03109697944570042,-0.003805576798994518,0.39091796873548046,0.04290413063043637,0.031149957745260626,-0.002578547982026087,0.3934989773509605,0.036800226447229044,0.02657532879781986,-1.1352789866348715e-17,0.4594255910955496,339
2011,ZiPS,pitching,Standard,SO/BF,0.05867854119619337,0.043249670717995486,-0.0028125169175560283,0.19582467294100336,0.05861951186757514,0.04327073439309648,-0.000993089165663994,0.19744182469103355,0.04139752555562558,0.030449192613605375,1.3504040936200423e-17,0.3768705203735222,654
2011,ZiPS,pitching,Fantasy,SO/BF,0.04308418041895353,0.0319120841768231,-0.0030817989942644557,0.38839785947401606,0.043001595505870106,0.03195186182229293,-0.0015453474426738271,0.39074028309762865,0.03752598506917514,0.027831530172811505,1.2771888599642304e-17,0.43789337643369275,339
2011,Marcel,pitching,Standard,SV/G,0.09169169808541718,0.054382337451973656,0.02223089339981761,0.34630649896199195,0.08897488143804491,0.039197504381376355,0.0018370221775760721,0.38447035842298316,0.08006443056546292,0.031033440327170207,0.0,0.43199690729948437,654
2011,Marcel,pitching,Fantasy,SV/G,0.10518160024583163,0.05748497646705422,0.006998029550361893,0.4614400753892667,0.10549841839779414,0.04605816939938323,-0.010757307830021358,0.4581907897577132,0.08041407571361261,0.032049283106552,5.676394933174357e-18,0.46733668525852423,339
2011,ZiPS,pitching,Standard,SV/G,0.11827120908049298,0.034593057338569856,-0.030924948499082578,0.0,0.11422637361226057,0.05240179946822104,-0.003992238835160744,0.0,0.10643908625824978,0.047369163549715376,0.0,0.0,654
2011,ZiPS,pitching,Fantasy,SV/G,0.1522915561654236,0.05172908446172783,-0.051046910895600144,0.0,0.145207062846381,0.06661639609849668,-0.022319501185505936,0.0,0.11025128729308281,0.04983135861583399,2.8381974665871786e-18,0.0,339
2011,Marcel,pitching,Standard,W/G,0.14419398892007507,0.11130463060890337,0.02859547862581094,0.191392788567462,0.1630073460275766,0.1352287618061771,0.08122308671868221,0.0,0.1377544926323338,0.11289174479405764,-6.138200425545647e-17,0.3712803126103953,654
2011,Marcel,pitching,Fantasy,W/G,0.12902360488694326,0.0951494134686998,-0.03343538876443184,0.39004934945073755,0.1302643697099389,0.10959033618872942,0.037942596375766045,0.3782616731085544,0.12969825168639496,0.10745381043574415,-2.838197466587179e-17,0.38305296572151737,339
2011,ZiPS,pitching,Standard,W/G,0.13679676130412208,0.10194561362393825,0.054402478886420184,0.27222869343585443,0.12988016669755578,0.09513143083102481,0.03339361476503139,0.3439620351850131,0.11796604056217777,0.0897153122263986,-5.156088357458343e-17,0.5389377953973575,654
2011,ZiPS,pitching,Fantasy,W/G,0.10995687720786312,0.08288590793948324,0.022239917101855588,0.5570026279916063,0.10803988226108824,0.0809140906754284,0.008758722873919947,0.5723144672451114,0.11493438462324543,0.08869638208422594,-3.547746833233973e-17,0.5155158351958926,339
2011,Marcel,pitching,Standard,WHIP,0.44657748334842723,0.28377263988454643,-0.09584168286463625,0.0,0.44930209801271564,0.284996698022871,-0.10782650332426914,0.0,0.22015509879536121,0.15533888884973268,-3.928448272349214e-17,0.12664082354691142,654
2011,Marcel,pitching,Fantasy,WHIP,0.1915051196572844,0.15021556533114447,0.035531596400971255,0.12806499547945094,0.18818001146214686,0.1469509885927683,-1.4203676162118672e-05,0.15808098788740155,0.16837861689848022,0.13184995697087562,-1.7029184799523072e-16,0.17747522474421473,339
2011,ZiPS,pitching,Standard,WHIP,0.4396911704164906,0.2892000116402508,-0.013750957611793681,0.026267238429872553,0.4443035982138217,0.28800685399985,-0.06531807467131188,0.005730873696274785,0.2290877108312276,0.16389113421687343,-1.964224136174607e-17,0.0543313835539605,654
2011,ZiPS,pitching,Fantasy,WHIP,0.21540158284568783,0.16822334656924015,0.07553426624184995,0.0,0.20198914086444406,0.1578173575977707,0.010353574813714059,0.02998292424149751,0.1829360849060183,0.14184290372687078,-3.97347645322205e-17,0.02910140359287028,339
2011,Marcel,pitching,Standard,wOBA,0.06999375729037545,0.04782697530391727,-0.007418022067571332,0.02230866628777972,0.07045470484543596,0.04801149842272329,-0.010943784840195292,0.009388989319801144,0.03803683310446833,0.027920840422401207,5.647144391501995e-17,0.12242468922441818,654
2011,ZiPS,pitching,Standard,wOBA,0.07015813600308522,0.04737668395907413,0.0023231493705814805,0.01771110322297098,0.07034457809063203,0.04729751819539,-0.005620733254625869,0.01248338920208647,0.038729882161350204,0.02824531765102161,5.03332434894743e-17,0.09015367389906148,654
2012,Marcel,batting,Standard,1B/(BIP-HR),0.08924179808609321,0.048847954721940846,0.009678044456873565,0.0022020798982166356,0.08916614615251746,0.04877392635664814,0.008953638286322094,0.0038930665978786916,0.03509256982096454,0.024862387545041185,-2.806043137643244e-17,0.1290602390526283,632
2012,Steamer,batting,Standard,1B/(BIP-HR),0.08872912328097059,0.048539641756119536,0.0010977094864639044,0.013633416000789378,0.0894155034876204,0.0490353331882256,0.011112151540167677,0.0,0.03521115946791046,0.024937040748557848,1.7856638148638824e-17,0.12316389371270764,632
2012,ZiPS,batting,Standard,1B/(BIP-HR),0.08947750356507007,0.04888473973520301,0.00967184148828758,0.0,0.08957514279277602,0.04896804576058213,0.01053693882888411,0.0,0.034972472741688944,0.024959134151738338,-4.336612121812286e-17,0.1350112617718109,632
2012,Marcel,batting,Standard,2B/(BIP-HR),0.0499491035182666,0.02611662674681072,0.005757575115516561,0.0,0.04982347322815848,0.025925816669675233,0.004540397939534374,0.0,0.021841290537724874,0.0157816041511711,2.6147220146221136e-17,0.06004017917580928,632
2012,Steamer,batting,Standard,2B/(BIP-HR),0.05075841813079663,0.027568262559367562,0.011630641659292252,0.0,0.049533273438236006,0.02560109434957706,0.003521362204195489,0.007498710254292051,0.021727417391622064,0.015622405177553493,1.1479267381267816e-17,0.06981589792179543,632
2012,ZiPS,batting,Standard,2B/(BIP-HR),0.049174333062369846,0.02545191828759043,0.004308068010795759,0.02183081438919432,0.049163120830112546,0.02543793886858012,0.004178141645876398,0.022276827952312006,0.02105029617409401,0.015270945148183336,1.6581163995164623e-17,0.12688968472289952,632
2012,Marcel,batting,Standard,3B/(BIP-HR),0.010355494566363244,0.006864536733899669,0.000693394861605157,0.04524722666383996,0.010342458091565147,0.006798761281367231,0.00045931263416449714,0.04764957952178994,0.00705370208735216,0.005064128583692593,0.0,0.18722191438629998,632
2012,Steamer,batting,Standard,3B/(BIP-HR),0.010057909132009527,0.006513603471550749,0.0003938512736357266,0.0993321642688949,0.010062614418670268,0.006545813587163158,0.0004997916133896423,0.0984892670854075,0.006718942031695156,0.004852653347532169,-1.1957570188820641e-18,0.2625381691582589,632
2012,ZiPS,batting,Standard,3B/(BIP-HR),0.010329487631366754,0.006855077668997112,0.0016017643461456346,0.05003676398747692,0.010216530330472385,0.006625627205959893,0.0004947992395777935,0.07069966086072133,0.00690414543255879,0.005047474120535339,-3.9858567296068805e-19,0.22132250893347793,632
2012,Marcel,batting,Standard,AVG,0.07060828555370349,0.04517556285741672,0.024320387576964378,0.0,0.06895434068765904,0.0438637341941003,0.018990849447304406,0.0,0.03287625003918204,0.024630860998678908,-1.5305689841690422e-17,0.22309211449541444,632
2012,Marcel,batting,Fantasy,AVG,0.027267333019738948,0.02211453926648263,0.0012029566142767534,0.22873190713017666,0.027246146845634388,0.02205252695459991,0.0005405298699970095,0.2299299613786353,0.026495259983790116,0.02129543923444828,-3.3677505064538558e-18,0.2591820544501082,265
2012,Steamer,batting,Standard,AVG,0.0691366307736934,0.04389490137063601,0.02055648060161112,0.0,0.06855949680980701,0.04350575651657755,0.01852295286395615,0.010115978737601394,0.03189372928918655,0.024299045840240636,6.377370767371009e-18,0.26883467481219625,632
2012,Steamer,batting,Fantasy,AVG,0.026421690105535602,0.021740326989752163,-0.0021033574728907666,0.2758288325835213,0.026339304414264367,0.02172667773008567,0.0002781396287726996,0.28033788001577253,0.025512270379094686,0.02101863650613413,3.199362981131163e-17,0.3131319092045214,265
2012,ZiPS,batting,Standard,AVG,0.06779997342473698,0.04312832842616573,0.01876476043844914,0.03192697615333362,0.0674588097043737,0.04289232285956858,0.017492022314422304,0.04164498720627818,0.03185790129990649,0.024312512976122906,-2.040758645558723e-17,0.2704764689959285,632
2012,ZiPS,batting,Fantasy,AVG,0.026680537216750424,0.021848656730339817,-0.002651962889851067,0.2615702583628692,0.026550205252173557,0.021818744280846087,0.00030860966816866916,0.26876696013435464,0.02572327019157353,0.021085603156506084,4.7148507090353977e-17,0.3017234100276741,265
2012,Marcel,batting,Standard,BABIP,0.09900805215286973,0.055577705054700645,0.01612901443399528,0.0,0.09867697415761588,0.055342800905761366,0.013953348860020975,0.0,0.03987744593219878,0.028594961261919054,6.377370767371009e-18,0.12200331291841471,632
2012,Steamer,batting,Standard,BABIP,0.09827768352981252,0.05471095912303806,0.013122202419391884,0.006272020720330063,0.09856636249097091,0.05487462410040877,0.01513330535775275,0.00042553205285289497,0.03871518274202244,0.027909606011065482,-2.806043137643244e-17,0.17243743969704273,632
2012,ZiPS,batting,Standard,BABIP,0.09879689848538864,0.055007070437193266,0.015581673845228971,0.0,0.09873894384404633,0.05496199868722327,0.015209879714338247,0.0,0.038748560513193205,0.028064028960363883,-8.035487166887471e-17,0.1710098808500753,632
2012,Marcel,batting,Standard,BB/PA,0.04380504512857304,0.028729947814985102,0.008382230146889009,0.11083024375070127,0.043218447350273546,0.02795103542941387,0.004383377109884654,0.13448472023059987,0.023126090225162668,0.0179621720988412,1.135969167937961e-17,0.402583118019162,632
2012,Steamer,batting,Standard,BB/PA,0.043059803763158586,0.027798093056306507,0.007727425410419647,0.14082721726295044,0.042408442525310716,0.02705910676333149,0.0020105722504936917,0.166623855981888,0.022302387467524044,0.017245231685352174,-2.5908068742444723e-18,0.44438268312611373,632
2012,ZiPS,batting,Standard,BB/PA,0.042064641166748865,0.02661240318011437,0.0024282846115189563,0.18008129297499764,0.04202090734604312,0.026572141401748166,0.0014896925360415245,0.1817853149846408,0.021994244700344872,0.017172145097382664,1.2754741534742019e-18,0.4596300814595766,632
2012,Marcel,batting,Standard,HBP/PA,0.012014434892635139,0.0069766370663061576,0.0005425643883755542,0.08293261839828603,0.012006122595479217,0.0069142229755891176,0.0003077500671669428,0.08420114241237708,0.006253645994673665,0.004461937911064745,1.0562520333458234e-18,0.31537696210388977,632
2012,Steamer,batting,Standard,HBP/PA,0.011999290574908374,0.0069292175964302495,0.0007404182440012973,0.08524310685958558,0.011979762756030032,0.0067943435498622326,0.0002827729932813893,0.0882180613196003,0.00617517647725268,0.004381945606240957,-3.5872710566461926e-19,0.33245019991212754,632
2012,ZiPS,batting,Standard,HBP/PA,0.011896741416065178,0.006779027157021946,0.0007584560464085205,0.1008118102092983,0.011880540926420791,0.0066952416562515915,0.0004359494901620703,0.10325909722388715,0.006080527048725301,0.004371671609308707,2.3915140377641284e-19,0.3527569846760584,632
2012,Marcel,batting,Standard,HR/BIP,0.03690079961946427,0.02083941551479913,0.002504569078732495,0.13172428705798944,0.03706244748462527,0.021291172763304826,0.0042695277566605315,0.12410047745967301,0.019799709123039792,0.01471717924148575,2.072645499395578e-18,0.42619747493164106,632
2012,Marcel,batting,Fantasy,HR/BIP,0.017890552710984487,0.013694529163899424,-0.002770360333177567,0.4844730625985779,0.017680159174336508,0.013964617841091537,0.00043709095278291024,0.4965269962941463,0.017594857501970637,0.01393629564175374,5.840942284630906e-18,0.49920566627758245,265
2012,Steamer,batting,Standard,HR/BIP,0.03576296375679666,0.018930207424000565,0.0008459078037288344,0.18444528274601513,0.03588878313685008,0.01940325406138589,0.003119413147743084,0.17869670481869082,0.01807391408300458,0.013139132428096492,1.2754741534742019e-18,0.521866402480089,632
2012,Steamer,batting,Fantasy,HR/BIP,0.01647071426907411,0.01234352653349683,-0.0030190044261300553,0.5630530485174398,0.01619473813845838,0.01238540202995819,0.0003154402712873039,0.5775729625796928,0.016146111582004512,0.012407284326036709,6.314532199600979e-19,0.5782803887560182,265
2012,ZiPS,batting,Standard,HR/BIP,0.03501312992064859,0.017843959163036317,-0.0011643424726962667,0.21828585683455548,0.035056145793191384,0.018377062344665258,0.0020904029341247297,0.2163639051585935,0.01781366680955743,0.013087496316581623,5.899067959818183e-18,0.5355366131504792,632
2012,ZiPS,batting,Fantasy,HR/BIP,0.016330964325130756,0.012367791143030243,-0.003856584136672532,0.570436366255797,0.015870018277506125,0.012235966688802474,0.00017414230651755492,0.5943432553608858,0.01602581624366796,0.012514650176708175,6.314532199600979e-19,0.584540957407778,265
2012,Marcel,batting,Standard,OBP,0.08103046054626495,0.050874367952762956,0.02924915154521458,0.0,0.07850035781795771,0.04872339103456621,0.02125755177160627,0.01043630003004381,0.03514169990232103,0.026137153653557156,-5.1018966138968075e-18,0.24930486735918544,632
2012,Steamer,batting,Standard,OBP,0.07914374014847873,0.04941687155324872,0.025787027947655562,0.0,0.07721626707356359,0.04790110223477557,0.0190680650947899,0.042545625377712004,0.034412063746534674,0.025743403163792353,2.6784957222958237e-17,0.2801541486355825,632
2012,ZiPS,batting,Standard,OBP,0.07613271471047402,0.04712722517198047,0.019889354734765143,0.06922841815082958,0.0756147530681675,0.04680548274317874,0.017804130535885396,0.08185016702256653,0.03387956127352093,0.02571447273195939,6.377370767371009e-18,0.30225999486159516,632
2012,Marcel,batting,Standard,PA,172.09571041808042,138.6993670886076,41.38607594936709,0.38737429096919795,172.09571041808042,138.6993670886076,41.38607594936709,0.38737429096919795,172.09571041808042,138.6993670886076,41.38607594936709,0.38737429096919795,632
2012,Marcel,batting,Fantasy,PA,153.20954943389086,117.30943396226415,-59.59622641509434,0.0,153.20954943389086,117.30943396226415,-59.59622641509434,0.0,153.20954943389086,117.30943396226415,-59.59622641509434,0.0,265
2012,Steamer,batting,Standard,PA,147.84106240709195,106.13075849527046,20.3408426287808,0.5478887884671231,147.84106240709195,106.13075849527046,20.3408426287808,0.5478887884671231,147.84106240709195,106.13075849527046,20.3408426287808,0.5478887884671231,632
2012,Steamer,batting,Fantasy,PA,136.18670622349762,100.51975410029573,-9.621747992173681,0.0,136.18670622349762,100.51975410029573,-9.621747992173681,0.0,136.18670622349762,100.51975410029573,-9.621747992173681,0.0,265
2012,ZiPS,batting,Standard,PA,280.06921612841495,218.11708860759492,185.7753164556962,0.0,280.06921612841495,218.11708860759492,185.7753164556962,0.0,280.06921612841495,218.11708860759492,185.7753164556962,0.0,632
2012,ZiPS,batting,Fantasy,PA,122.31788156661068,94.09433962264151,29.807547169811322,0.0394336559503522,122.31788156661068,94.09433962264151,29.807547169811322,0.0394336559503522,122.31788156661068,94.09433962264151,29.807547169811322,0.0394336559503522,265
2012,Marcel,batting,Standard,R/PA,0.06565190960623395,0.0328607422194301,0.006583862851006111,0.02961981963902205,0.0654134311189715,0.03214984829658769,0.0034772094921323203,0.03665676632945192,0.02277451241399384,0.016898504514808062,-1.466795276495332e-17,0.22839473324515436,632
2012,Marcel,batting,Fantasy,R/PA,0.01878960256900769,0.015189878453030303,0.0004395180656828916,0.24350848972219752,0.01879065597709996,0.015191984826326914,0.00048245567519070366,0.2434236644456632,0.01852261789039403,0.01485429218043924,-3.3677505064538558e-18,0.24033601949481942,265
2012,Steamer,batting,Standard,R/PA,0.06616391493457514,0.03274567414416274,0.0047103273452851644,0.014425221337444949,0.06601780117040507,0.03222871493229475,0.0016951742108651836,0.0187734232934742,0.023760815476436343,0.01766561179005827,-1.9132112302113026e-17,0.1601152591132975,632
2012,Steamer,batting,Fantasy,R/PA,0.02102522238869904,0.016694337203937808,0.0008287361095621735,0.05278172932521219,0.02100976646408548,0.016668096737724195,0.0001926497351459306,0.05417384331416408,0.020523042731775527,0.016228589228625665,1.6838752532269279e-18,0.06738950502770424,265
2012,ZiPS,batting,Standard,R/PA,0.06507736023749736,0.032149560896744256,0.003170784811575726,0.046529966497075526,0.0650282782379892,0.03197401554147523,0.00191521054656072,0.04796765750673726,0.023212622572574476,0.017048898410693247,-3.8264224604226054e-18,0.19842266692809774,632
2012,ZiPS,batting,Fantasy,R/PA,0.019572938772027385,0.015502357299095673,-0.0011303034930675777,0.17911759818916528,0.019541176403579958,0.015501183009148697,0.0001876940295750203,0.18177964237471667,0.01911876804884614,0.015109455358919444,4.20968813306732e-18,0.1906495579926184,265
2012,Marcel,batting,Standard,RBI/PA,0.048029672308000246,0.03392784884868939,0.012414745741468667,0.05022488802064118,0.047561143559973734,0.033515297229448605,0.010456522679354747,0.06866459220830456,0.027848434326772576,0.021854249310207876,8.928319074319412e-18,0.3711524117348358,632
2012,Marcel,batting,Fantasy,RBI/PA,0.02442705201356442,0.01959645318082002,0.0001462391759623223,0.4462290561069854,0.024448808834873437,0.019637223738870307,0.0010415225717140555,0.4452421452765817,0.024083255664177586,0.019425906533792288,-5.472594572987516e-18,0.4546966036813054,265
2012,Steamer,batting,Standard,RBI/PA,0.04595937898297483,0.03202694780242729,0.008032044047541513,0.13033930669905203,0.04588884826487543,0.03195063775981288,0.007618110668512171,0.13300647623432016,0.026994834349712803,0.02108827291613737,8.290581997582312e-18,0.4091120056814892,632
2012,Steamer,batting,Fantasy,RBI/PA,0.024451884131661196,0.019351999017306533,-0.000710365136914472,0.44510257591288016,0.024442501386482532,0.019423797810836866,0.00021413796431139675,0.44552834778253125,0.02404998670189865,0.019275023232013563,-6.7355010129077115e-18,0.4562021432798963,265
2012,ZiPS,batting,Standard,RBI/PA,0.04611128060347895,0.03173977786770076,0.008226536477348587,0.124581127195322,0.04608596696737847,0.03172039641369636,0.00808344325387838,0.1255420179757245,0.026444717358769177,0.020310575541647103,-5.739633690633908e-18,0.4329495601000929,632
2012,ZiPS,batting,Fantasy,RBI/PA,0.022875034558944546,0.01796078609863445,-0.0015382663047599976,0.5143632230414599,0.022830250916978247,0.017951627023089917,0.0005651673058826514,0.5162628743249416,0.022553856263494054,0.017694181421894214,0.0,0.5217561134650599,265
2012,Marcel,batting,Standard,SB/TOF,0.15435469205763902,0.05834361273229106,-0.0025026983407129373,0.11812066333856386,0.15435323902176729,0.05837509877872831,-0.0024114176923260107,0.1181372666081153,0.059202330686679634,0.037474202148387425,2.3117969031719907e-17,0.528117618193009,632
2012,Marcel,batting,Fantasy,SB/TOF,0.04679097393935898,0.03334717266372864,-0.001230253290205929,0.6655546212669033,0.04677497386968414,0.033575088456247126,-0.0001283022756072002,0.665783307870532,0.045027635723690305,0.032539185558838245,-1.0208493722688249e-17,0.670840420374044,265
2012,Steamer,batting,Standard,SB/TOF,0.15243818381133437,0.05502130412787746,-0.003465355706789418,0.13988399889355263,0.15239879602678338,0.05601167572627027,-4.285894936308924e-05,0.14032842411690305,0.05491399158130678,0.033816057606941154,1.5624558380058974e-17,0.5940036029041782,632
2012,Steamer,batting,Fantasy,SB/TOF,0.042227195836109094,0.029395082940673473,-0.00483396456223465,0.7276135408708012,0.04195127155600795,0.02993106413515124,0.0003746069590294483,0.7311616090939786,0.040413721301039846,0.029046082197267,-1.3471002025815423e-17,0.7348412912573182,265
2012,ZiPS,batting,Standard,SB/TOF,0.14218249861759746,0.05423419103525677,0.002456802608253126,0.25172406315703777,0.14216657214593492,0.05347929474795486,-0.001227681407422155,0.25189168896415837,0.05279638612472305,0.03343862926656091,1.642172972598035e-17,0.6247121132935104,632
2012,ZiPS,batting,Fantasy,SB/TOF,0.04239880859307893,0.030679223079335443,0.002706126982473357,0.7253950664066404,0.04231236087274676,0.030475147527516247,-5.97982254260466e-06,0.7265137190468227,0.04089930786663802,0.02976300170395642,-7.787923046174541e-18,0.7284310405659674,265
2012,Marcel,batting,Standard,SLG,0.12511773472825252,0.08708917106656854,0.04373431214850346,0.0,0.12298204548791886,0.08540031312970868,0.03718636884620378,0.022942891900739393,0.0667843752551474,0.052257968633199946,6.377370767371009e-17,0.2790764961824663,632
2012,Steamer,batting,Standard,SLG,0.1212943147156523,0.08287684907060407,0.0391744815531734,0.04957595594799458,0.11940741964166941,0.08133175584625199,0.032870367933778205,0.078916184636031,0.06346895938962266,0.049007943751673534,9.183413905014253e-17,0.3488782462648172,632
2012,ZiPS,batting,Standard,SLG,0.11422207812663156,0.07845274842538374,0.027175311742255584,0.15717649478606344,0.11486870554546971,0.07892371167836754,0.02977639921841254,0.1476067962217863,0.06336167502668674,0.04965967583592142,9.693603566403934e-17,0.3510776250974482,632
2012,Marcel,batting,Standard,SO/PA,0.0987577889058693,0.05446757338616783,-0.02624375644678723,0.12781777286779283,0.0964724651168433,0.05310902980072278,-0.015574672021670125,0.16771653084177285,0.04030858052272974,0.029657422459088454,3.507553922054055e-17,0.5780535797945542,632
2012,Steamer,batting,Standard,SO/PA,0.0948437690118895,0.0523802357034695,-0.027322386872159814,0.19558136086220312,0.09178596963548243,0.049655686693188365,-0.013260336569522772,0.24661474312841425,0.03667341292304002,0.0270653621114746,-2.3596271839272733e-17,0.6507270484394567,632
2012,ZiPS,batting,Standard,SO/PA,0.09125441492277747,0.04815554976837298,-0.018608092833931267,0.25531554760217123,0.09005601374451516,0.04728538240384788,-0.011356869620193543,0.27474629602350364,0.03555852622250465,0.026062139105346955,-2.4234008916009834e-17,0.6716403358674274,632
2012,Marcel,batting,Standard,wOBA,0.08174363780537096,0.05335635983683275,0.030143981944238583,0.0,0.07975511152018451,0.05161910514623122,0.02423871158696308,0.0074616148279913475,0.038544994089253916,0.029183807808691474,-2.806043137643244e-17,0.27374604146408277,632
2012,Steamer,batting,Standard,wOBA,0.07968251057076348,0.05133793363294076,0.02730614305631323,0.009267804551193026,0.07791775147766271,0.049918172939385844,0.021621724100700616,0.052666094980835965,0.03717813452638734,0.028111494971386188,-4.209064706464866e-17,0.32434073743171565,632
2012,ZiPS,batting,Standard,wOBA,0.07526648020168483,0.04840450087344824,0.01984000049360905,0.11603825170665938,0.07525158068920523,0.04839357511322793,0.019783401473451357,0.11638818956638108,0.03671203151574816,0.028124701728623438,-3.571327629727765e-17,0.34117604660260703,632
2012,Marcel,pitching,Standard,1B/(BIP-HR),0.0696444566560084,0.041459010333054824,-0.004756049777776831,0.0,0.06958342176559974,0.04143911378802976,-0.003757958380211259,0.0,0.03204950344467248,0.022574911538086044,2.469815398955389e-18,0.0,652
2012,Steamer,pitching,Standard,1B/(BIP-HR),0.09416028665497995,0.07615666594193526,0.052192368497857175,0.0,0.07967678470995408,0.05007110969712357,-0.014362234094474638,0.0,0.04078612436912964,0.02826236114924936,3.6429777134591985e-17,0.0,652
2012,ZiPS,pitching,Standard,1B/(BIP-HR),0.0938933616275138,0.0762832360666815,0.06020982454007015,0.0,0.072195420660312,0.04427995231381633,-0.004630159581521603,0.0,0.03433050886042662,0.02383243824611495,-8.335626971474438e-18,0.0,652
2012,Marcel,pitching,Standard,2B/(BIP-HR),0.037482163594662075,0.024250003066032998,-0.0012972970017087974,0.0028927828069776895,0.03747386057162954,0.02425573199119362,-0.00102986305670345,0.003334490884458585,0.019545971418361344,0.014149042278941659,-2.7785423238248126e-18,0.0,652
2012,Steamer,pitching,Standard,2B/(BIP-HR),0.06834943161511138,0.05803170434118392,-0.048920546280543514,0.0,0.048485651303975155,0.03385216874001787,0.008510783080814608,0.0,0.029239042301654108,0.020046783741001852,-1.543634624347118e-18,0.0,652
2012,ZiPS,pitching,Standard,2B/(BIP-HR),0.07455466003639014,0.06468687668576345,-0.061818924494710506,0.0,0.04170376943439765,0.027537080919421714,0.0015448228307517913,0.0,0.022350091682044573,0.015298986915937967,-6.174538497388472e-19,0.0,652
2012,Marcel,pitching,Standard,3B/(BIP-HR),0.01519727077156361,0.007940818581624487,-0.00041973411419146765,0.0,0.015193873531683992,0.007970661518363065,-0.0002700568814192453,0.0,0.006874253839011106,0.004909333179453353,1.2349076994776945e-18,0.0,652
2012,Steamer,pitching,Standard,3B/(BIP-HR),0.01669560804485214,0.00863514567980403,-0.006046123482213336,0.0,0.01556780032651133,0.008492574028243199,0.0004107166675048956,0.0,0.007099439987433355,0.005012575719755886,2.315451936520677e-19,0.0,652
2012,ZiPS,pitching,Standard,3B/(BIP-HR),0.01704554373360619,0.008212859994901959,-0.007496251265177736,0.0,0.015313245717657563,0.007905431910196362,-0.0003724463260059203,0.0,0.006784603538142285,0.004783240593896542,2.315451936520677e-19,0.0,652
2012,Marcel,pitching,Standard,BABIP,0.08320114095240116,0.04836430998090677,-0.006473080893677103,0.0,0.08310301566494631,0.04827896744884825,-0.005057878318333993,0.0,0.036674838561840804,0.02575696245663897,-3.4577415585375445e-17,0.0,652
2012,Steamer,pitching,Standard,BABIP,0.08264526612942877,0.04743917796751496,-0.0027743012648996867,0.0,0.08277768332298939,0.04736344433458552,-0.005440734346155264,0.0,0.03601247318175508,0.024489152093860253,-9.138316976134939e-17,0.0,652
2012,ZiPS,pitching,Standard,BABIP,0.08301402908939295,0.0484439475095354,-0.009105351219818102,0.0,0.08258557905969041,0.048075012107576275,-0.0034577830767757558,0.0,0.036055654803617464,0.02533065362161387,-3.2107600186420053e-17,0.0,652
2012,Marcel,pitching,Standard,BB/BF,0.04948383967984904,0.029173247266459878,-0.009778703041371871,0.06013370649526495,0.04984086098034111,0.02926379774437998,-0.011449195035984926,0.04652268609580579,0.023505927344397548,0.01669156548614909,4.939630797910778e-18,0.2794406464669861,652
2012,Steamer,pitching,Standard,BB/BF,0.04907762711479532,0.028203721280844585,-0.007691911441405365,0.07550108553603152,0.04955856225136941,0.02830623357435358,-0.010324878247533349,0.05729309221564971,0.023367467966829324,0.016179715696166986,-7.409446196866167e-18,0.28790441483470575,652
2012,ZiPS,pitching,Standard,BB/BF,0.0462188530814851,0.02745283012966394,-0.003799374887311596,0.18006840644144673,0.046514111549359374,0.02741368023295119,-0.006466486108596849,0.16955905783212866,0.02367531715264271,0.016524663030014975,-6.174538497388472e-18,0.2690181525657116,652
2012,Marcel,pitching,Standard,BF,196.55234320565071,139.38803680981596,2.0322085889570554,0.4079554092451093,196.55234320565071,139.38803680981596,2.0322085889570554,0.4079554092451093,196.55234320565071,139.38803680981596,2.0322085889570554,0.4079554092451093,652
2012,Marcel,pitching,Fantasy,BF,212.92783919882893,149.54705882352943,-64.4235294117647,0.18324568072468472,212.92783919882893,149.54705882352943,-64.4235294117647,0.18324568072468472,212.92783919882893,149.54705882352943,-64.4235294117647,0.18324568072468472,340
2012,Steamer,pitching,Standard,BF,173.493199645144,124.6494413855617,-18.745559072201967,0.538721854152621,173.493199645144,124.6494413855617,-18.745559072201967,0.538721854152621,173.493199645144,124.6494413855617,-18.745559072201967,0.538721854152621,652
2012,Steamer,pitching,Fantasy,BF,194.6047571953573,142.5218891143799,-65.20918940375833,0.31776585545466196,194.6047571953573,142.5218891143799,-65.20918940375833,0.31776585545466196,194.6047571953573,142.5218891143799,-65.20918940375833,0.31776585545466196,340
2012,ZiPS,pitching,Standard,BF,254.71241306931765,191.1625763711754,133.82607360559007,0.005744077326688579,254.71241306931765,191.1625763711754,133.82607360559007,0.005744077326688579,254.71241306931765,191.1625763711754,133.82607360559007,0.005744077326688579,652
2012,ZiPS,pitching,Fantasy,BF,180.78348250867086,128.33411721622244,38.35411780862247,0.4112322106193328,180.78348250867086,128.33411721622244,38.35411780862247,0.4112322106193328,180.78348250867086,128.33411721622244,38.35411780862247,0.4112322106193328,340
2012,Marcel,pitching,Standard,ER/BF,0.07240860078476023,0.038802113301775375,-0.013000743785302917,0.0,0.072028520764715,0.03880930715182436,-0.010682774682510695,0.0,0.029058535596564627,0.02056577848395787,3.7047230984330834e-18,0.062678184949291,652
2012,Steamer,pitching,Standard,ER/BF,0.0721191554353135,0.03819990435177758,-0.013387249415233084,0.0,0.0718858989415043,0.03817781820453098,-0.01206765647633861,0.001170708533257847,0.02835557099188273,0.020341253720754533,-2.469815398955389e-18,0.1074797665338163,652
2012,ZiPS,pitching,Standard,ER/BF,0.07212808779397983,0.038482101911390246,-0.008647095584767416,0.0,0.07215199144171051,0.038480896250106596,-0.008844268327041526,0.0,0.02949320078662724,0.02083100342722367,1.111416929529925e-17,0.03442704890713788,652
2012,Marcel,pitching,Standard,ERA,5.480968232363323,1.9946789254329758,-0.9225569591506044,0.0,5.46002294655333,1.995451113203444,-0.7886375311828586,0.0,1.51988086010453,0.9249133729683233,-3.161363710662898e-16,0.05044091863372646,652
2012,Marcel,pitching,Fantasy,ERA,1.1444103101617924,0.8811537529647016,-0.010573496141643926,0.09900511134812728,1.1451481284474325,0.8881265143055058,0.04243909639359946,0.09784296733053399,1.0067467791271183,0.762208807316562,9.284643898378018e-17,0.10278831403162236,340
2012,Steamer,pitching,Standard,ERA,5.471592151127951,1.967067008803428,-0.8730655257735315,0.0,5.469386794542929,1.9670670088034283,-0.859135991755553,0.0,1.4948448933449854,0.9096395636035113,-1.1064772987320142e-15,0.08146615343295704,652
2012,Steamer,pitching,Fantasy,ERA,1.0906577933946329,0.8662285801173508,0.10190185636832773,0.18165615994225726,1.0859456552370554,0.8554562802953665,0.011293014083921846,0.18871212029574524,0.9715469648423126,0.7544992367427354,-1.8569287796756036e-16,0.16443157052407986,340
2012,ZiPS,pitching,Standard,ERA,5.443639083370393,2.0018277101250375,-0.5679043937127564,0.0,5.456647259395958,1.9965495019455013,-0.6814016758667509,0.0,1.5510744011676838,0.9459976112911858,-7.903409276657245e-16,0.011064059904875911,652
2012,ZiPS,pitching,Fantasy,ERA,1.2039027297768088,0.9218525673807793,0.24096238352011584,0.00289337442538673,1.1818439523440036,0.8979992459750206,0.07373069374242526,0.03909804256603744,1.0538524697334442,0.7932827197153033,3.7138575593512073e-16,0.01686295879657096,340
2012,Marcel,pitching,Standard,HBP/BF,0.009773742376641813,0.0067782253433804965,-0.0003953355683294994,0.0,0.009776302650492806,0.006769450106227304,-0.00045425068041240617,0.0,0.006037639804218608,0.004347633681007267,1.9295432804338976e-19,0.020850256480097196,652
2012,Steamer,pitching,Standard,HBP/BF,0.009644171610429528,0.00676493185747568,-8.53065964823656e-05,0.023997423173514276,0.009656565123080668,0.006691516795954485,-0.0004964686699948686,0.02148733252219004,0.005918115133675934,0.004269786001649414,-3.859086560867795e-19,0.059234171931672575,652
2012,ZiPS,pitching,Standard,HBP/BF,0.010127072030562784,0.007443899370270344,0.0013142101400790453,0.0,0.01004292490113893,0.0072439959705257306,0.00017291891162033064,0.0,0.006483334742298018,0.004780835095307823,6.560447153475251e-19,0.0,652
2012,Marcel,pitching,Standard,HLD/G,0.09619730794303955,0.07758457747228167,0.021902921958200493,0.24240993457325422,0.09451522583261483,0.06577573816961668,-0.012607293484694752,0.26867236179460596,0.07844432709500622,0.052318685050984366,-1.2349076994776945e-17,0.3781795189565125,652
2012,Steamer,pitching,Standard,HLD/G,0.0939430743008098,0.060836971651796114,0.008595845057708365,0.27749980167184896,0.09365370145311952,0.061290050041229845,0.004427543228326689,0.2819439810700015,0.07260462277257348,0.03996180275922065,-6.174538497388472e-18,0.4673149783614077,652
2012,ZiPS,pitching,Standard,HLD/G,0.13111545724328205,0.07360519628703124,-0.06978845938374219,0.0,0.11258254711961582,0.08192098306646066,-0.01881477746298972,0.0,0.09956084169399855,0.07248363499465205,0.0,0.0,652
2012,Marcel,pitching,Standard,HR/BIP,0.049586033617827825,0.021300653142852653,-0.006831260763229683,0.0,0.049238810798859424,0.021195677955818636,-0.0035145245130408192,0.0,0.015859828479343953,0.011152073852687757,-4.630903873041354e-18,0.023332231914258594,652
2012,Steamer,pitching,Standard,HR/BIP,0.04937877233214186,0.020808203590709007,-0.006955841213230657,0.0,0.049090377443444286,0.020764455233172257,-0.00447053995553146,0.004651033916657776,0.015227803765140558,0.01044736237155741,-4.630903873041354e-18,0.09962293014124746,652
2012,ZiPS,pitching,Standard,HR/BIP,0.04971990545550424,0.02118082370195141,-0.0072239163767249615,0.0,0.04930377629742877,0.021100519042458656,-0.003313355776329158,0.0,0.015720145620774607,0.011077065530859144,-6.174538497388472e-18,0.040460157468448,652
2012,Marcel,pitching,Standard,L/G,0.18883551778493615,0.1346325878552764,-0.01122477819365676,0.15019261573550957,0.19548746753259774,0.15450727231930889,0.051792787438988935,0.08926720684988754,0.1470708616924946,0.11820755957681525,-2.963778478746467e-17,0.24963077079521634,652
2012,Steamer,pitching,Standard,L/G,0.18628961341772882,0.12727205631337948,0.026936992316136728,0.17295256973786155,0.1859089747031307,0.12672028214866726,0.024164609719216412,0.17632886806132098,0.13199058962993787,0.09320366020813137,-3.951704638328622e-17,0.39562334546398414,652
2012,ZiPS,pitching,Standard,L/G,0.17712162509661283,0.11906907976201155,0.026383186003663683,0.252353490516655,0.17722069390096915,0.11923234559110946,0.027040280575094864,0.2515168997282118,0.13196809154049777,0.09319437108475531,-9.879261595821556e-18,0.39582936259324575,652
2012,Marcel,pitching,Standard,R/BF,0.0729250068534209,0.040194646588010446,-0.012901623782147166,0.0,0.07254052650607257,0.040122025120950734,-0.010513004205401886,0.0,0.030150279842239294,0.02159775083461854,1.8523615492165416e-17,0.06896103879302662,652
2012,Steamer,pitching,Standard,R/BF,0.07335321516851089,0.041056494937343466,-0.011846595890551313,0.0,0.07335321516851089,0.041056494937343466,-0.011846595890551313,0.0,0.031246934697792203,0.0227782071886585,4.939630797910778e-18,0.0,652
2012,ZiPS,pitching,Standard,R/BF,0.07278646973421223,0.039802473031767746,-0.010014866158841788,0.0,0.07259491101906058,0.03976120482812105,-0.008511666915207907,0.0,0.030369797238638373,0.02147153494142533,4.939630797910778e-18,0.05535431478110908,652
2012,Marcel,pitching,Standard,SO/BF,0.06373753671184686,0.04651171148098358,-0.0036130114972485927,0.18901878124324822,0.06379802910346609,0.046648752773555166,0.00455727807709065,0.1874786692078425,0.04340615518551703,0.03195291410454383,-3.7047230984330834e-18,0.3415237969897603,652
2012,Marcel,pitching,Fantasy,SO/BF,0.04676896645631285,0.03400591484952837,-0.012513374846408234,0.33019993681117044,0.045262372892661176,0.03330217840017752,-0.004234468860354884,0.37265812808517873,0.039760521914629775,0.029197464284260732,2.1760884136823482e-17,0.39269286166037287,340
2012,Steamer,pitching,Standard,SO/BF,0.06399126285980297,0.04682751086700243,-0.0043575990976427986,0.18254922782563177,0.06443872356267719,0.047030616392803926,0.008743914563312307,0.17107716323459976,0.04206367786429854,0.03155450469124985,1.2966530844515791e-17,0.3816249869751528,652
2012,Steamer,pitching,Fantasy,SO/BF,0.04497227372361486,0.03382073370568104,-0.016046841357753864,0.38067397557543203,0.04204894214128396,0.032311072559794124,-0.0017633062383563293,0.4585731517003274,0.037878665546980224,0.028790475973594416,-1.4507256091215653e-17,0.4488198432658995,340
2012,ZiPS,pitching,Standard,SO/BF,0.0658293118433197,0.04741309356188043,-0.01493211819727873,0.134914810761688,0.06417790258138069,0.04623945408700452,0.0028762885525730037,0.1777738484349054,0.04259329678899004,0.0319235820068797,1.2349076994776945e-17,0.36595517857235926,652
2012,ZiPS,pitching,Fantasy,SO/BF,0.04701974737185089,0.03495627969624488,-0.019990440802958625,0.3229975788412832,0.04265760342478694,0.03228724356893636,-0.002903826876779682,0.4427853272913529,0.0384163989242871,0.029088955148723405,2.9014512182431307e-18,0.4330594274569831,340
2012,Marcel,pitching,Standard,SV/G,0.0917031889798454,0.05588165492987909,0.0222247637183116,0.3215241680417289,0.08899436239921502,0.041097985455475036,0.0021122954585840277,0.3610152447735192,0.08255862226902319,0.0344323196042622,0.0,0.34206364957804436,652
2012,Marcel,pitching,Fantasy,SV/G,0.1081238969428308,0.06083185750079846,0.005958785809368508,0.357819425373065,0.10850094485107066,0.05027009488341933,-0.010825205392652346,0.35333281269809846,0.08417454709327679,0.036197481787090334,1.4507256091215653e-18,0.36200295325865983,340
2012,Steamer,pitching,Standard,SV/G,0.08992119111326909,0.03312478885634614,0.006550169588520671,0.3476365704540645,0.08999432661399888,0.03378296178386379,0.007487518488553102,0.3465749668915782,0.07783186193786426,0.024157057565286945,6.174538497388472e-19,0.4152451295819325,652
2012,Steamer,pitching,Fantasy,SV/G,0.09552475829637566,0.034826398730949,-0.00812690329398245,0.498760048203566,0.09522901377381648,0.03764135230511841,-0.0031035743752134116,0.5018589201409684,0.07460089420406141,0.02522289931877173,3.626814022803913e-18,0.49887605134737056,340
2012,ZiPS,pitching,Standard,SV/G,0.11656104627509373,0.03569605587894084,-0.03208719704112665,0.0,0.11216815371523832,0.05218501195446329,-0.004980503297546722,0.0,0.102060502904915,0.04652977411240807,-1.2349076994776945e-18,0.0,652
2012,ZiPS,pitching,Fantasy,SV/G,0.14359637407898593,0.04950436159022753,-0.04848034222337397,0.0,0.13661040081619955,0.0629990579302629,-0.019819852285677803,0.0,0.1055284676249983,0.04852433306454112,0.0,0.0,340
2012,Marcel,pitching,Standard,W/G,0.15788787002451898,0.11697318226228416,0.02231023854934822,0.1769656789784173,0.1737134375582527,0.14093987556119414,0.07579924558697387,0.0037066237108951405,0.14251017659941387,0.11508653869288038,7.409446196866167e-18,0.3734516201536502,652
2012,Marcel,pitching,Fantasy,W/G,0.1311280602210127,0.09549632957759742,-0.03762522708094625,0.40585541386352975,0.13076684360375537,0.11026623046672279,0.03634634674429129,0.4091242687354726,0.13173561914259022,0.10802131683186805,-2.7563786573309743e-17,0.40306129350250464,340
2012,Steamer,pitching,Standard,W/G,0.15678703447193476,0.11599638599763296,0.057102321075247126,0.18840249066236125,0.1564226278538478,0.11562810363956487,0.05609402284005229,0.1921707589981987,0.12734211666579245,0.0960259714900835,1.4818892393732334e-17,0.499727093153828,652
2012,Steamer,pitching,Fantasy,W/G,0.11372819792050796,0.08293806990419951,0.005518177029863004,0.5530723891368259,0.11519179992700304,0.08482374589821534,0.019118003188339883,0.5414950807969943,0.11988796842108809,0.09158266735949457,5.802902436486261e-18,0.5056045012246075,340
2012,ZiPS,pitching,Standard,W/G,0.14485674431995407,0.1047123235542791,0.050325371247218316,0.30721599157537205,0.13991623532263725,0.09875136317367322,0.033551743964411254,0.35366654449476764,0.1200626417454254,0.09092428526261905,-1.975852319164311e-17,0.5552882087452926,652
2012,ZiPS,pitching,Fantasy,W/G,0.11191183357055413,0.08354944561964402,0.019694090222988497,0.5672342391898093,0.11082099651827558,0.08229810314353236,0.0120371078707243,0.5756297086696598,0.11631030935016573,0.08968261482511991,4.062031705540383e-17,0.5346714192337145,340
2012,Marcel,pitching,Standard,WHIP,0.7549467081762753,0.3249179801346297,-0.14967172106146498,0.0,0.7540027171922563,0.3245851685449705,-0.14483504214316512,0.0,0.24589654923191429,0.15366846642516507,9.879261595821556e-18,0.06403020982271868,652
2012,Marcel,pitching,Fantasy,WHIP,0.19400506051561878,0.14914103615887897,0.013213395213991758,0.07408744461352257,0.19355826878143054,0.14782630970778327,-0.0011973809238200708,0.07834726869392517,0.16913181106879208,0.12765636802448604,-2.9594802426079934e-16,0.09162110275601576,340
2012,Steamer,pitching,Standard,WHIP,0.7482403176718904,0.32657852256660413,-0.11063131906839453,0.0,0.7564340193639391,0.32789692110069696,-0.15674227706705526,0.0,0.24366759645418143,0.15395633078564122,7.903409276657245e-17,0.0809216793726032,652
2012,Steamer,pitching,Fantasy,WHIP,0.1979470094058859,0.15706512274243603,0.06570341519293896,0.036078325227799746,0.18675142939993936,0.14682718444985315,-0.00316490413794603,0.14203074459777054,0.16488991447054555,0.12761526032463072,-5.802902436486261e-17,0.13661475329351858,340
2012,ZiPS,pitching,Standard,WHIP,0.7422290970251045,0.3303079909958152,-0.06752101871500965,0.008884705888326683,0.7475902880154199,0.32752821162758017,-0.1120102416415094,0.0,0.2539885494805794,0.160281851915623,1.2843040074568021e-16,0.0014145384517139092,652
2012,ZiPS,pitching,Fantasy,WHIP,0.21216418777534027,0.1638114745135512,0.06268451853834038,0.0,0.20286364281748964,0.15484162137128646,0.008328497295173305,0.0,0.1806720497844643,0.1359187594631199,-1.972986828405329e-16,0.0,340
2012,Marcel,pitching,Standard,wOBA,0.0861189181287227,0.04884676214017824,-0.015931897064524192,0.0,0.08578434359704117,0.048748348642525315,-0.014011098842994674,0.00668365043619934,0.037496095194286164,0.02644144932939962,1.6053800093210027e-17,0.08648038706123384,652
2012,Steamer,pitching,Standard,wOBA,0.0888190185266497,0.051134398708916035,-0.02781149077569411,0.0,0.0854389387771444,0.04843909442177088,-0.013582092125066895,0.014666587965517563,0.03656652865072957,0.025688779336407366,2.5933061689031582e-17,0.13121311340453046,652
2012,ZiPS,pitching,Standard,wOBA,0.09067416421291788,0.05411436031663291,-0.03061634824762307,0.0,0.08586448592688757,0.04896560359765625,-0.009395034209475142,0.004826811095199779,0.03813486371723415,0.026607943477844807,9.879261595821556e-18,0.055090561411401895,652
2013,Marcel,batting,Standard,1B/(BIP-HR),0.0748429016382719,0.04672751005225671,0.010287560856887482,0.0,0.07503006787080466,0.04677797702538532,0.011570871507612135,0.0,0.033732760535340134,0.024980705833853614,1.2676873759804644e-18,0.036502070531676645,637
2013,Steamer,batting,Standard,1B/(BIP-HR),0.07253551980666866,0.044950905749666696,0.0041884922979790054,0.060080420953379066,0.07326241417770021,0.0447555146155474,0.011114097590515395,0.04114774870781335,0.031562405191859995,0.023242036913085812,1.140918638382418e-17,0.1564958941796909,637
2013,ZiPS,batting,Standard,1B/(BIP-HR),0.07399966968446145,0.0454673890000411,0.009438244621362817,0.02175237250404638,0.07445439554494317,0.04554126096929524,0.012513447330217791,0.009692825651413828,0.03265353424666312,0.024299447765101696,4.183368340735532e-17,0.09716703740686028,637
2013,Marcel,batting,Standard,2B/(BIP-HR),0.040300422940981184,0.02614976745955192,0.006375531492478141,0.020926378171693294,0.04010928984795802,0.025942785274644442,0.005027767367045421,0.030191274004240487,0.02066721555524534,0.0154483076461833,-6.6553587238974375e-18,0.059691664790124,637
2013,Steamer,batting,Standard,2B/(BIP-HR),0.039823565866913414,0.025419350268599813,0.007986778429180415,0.04395918861130155,0.0392871758539905,0.024776294011613412,0.00462108406143018,0.06953988018944268,0.019654200505090393,0.014363689002023582,8.239967943873018e-18,0.14961202151031394,637
2013,ZiPS,batting,Standard,2B/(BIP-HR),0.03962889291071203,0.025045897840263398,0.0051165420131541245,0.0532833355219231,0.03961415231656416,0.025029292910719272,0.005001091141304553,0.053987497040290044,0.020052302734122385,0.014789701007056217,6.338436879902322e-19,0.11481335520885161,637
2013,Marcel,batting,Standard,3B/(BIP-HR),0.009542853074589753,0.006223976908555946,0.002067883888467688,0.0,0.009344618290563003,0.005727782389436274,0.0007293764249698375,0.0,0.006207554432550069,0.004553684159640323,-1.1884569149816853e-19,0.11049869003800261,637
2013,Steamer,batting,Standard,3B/(BIP-HR),0.009249659107920269,0.005867336144933736,0.0017509185379405295,0.018820204805202745,0.00911637191479854,0.005476339325075812,0.0007859764644688988,0.04689398386765797,0.005962523422436373,0.004341294717901491,1.1884569149816853e-19,0.17933537160128832,637
2013,ZiPS,batting,Standard,3B/(BIP-HR),0.010095321762054745,0.006479744610273261,0.0030075868893126357,0.0,0.00967901028460983,0.005835037977922119,0.0009018300876173897,0.0,0.006228725944497661,0.004537861997355039,-1.1488416844822958e-18,0.10442086914544724,637
2013,Marcel,batting,Standard,AVG,0.07285870141157628,0.04605759396094289,0.02433360545532658,0.0,0.07130175449705779,0.0448939666512975,0.019174831874959813,0.009115754989921343,0.03196980804448079,0.02378714130284736,5.831361929510136e-17,0.22676288335195838,637
2013,Marcel,batting,Fantasy,AVG,0.0265601721808946,0.020738161345131113,0.0018217118021613932,0.23400279629019427,0.026513028455345,0.02067655854575389,0.0009036401304171016,0.23671963959420939,0.025808458685213927,0.020146412458234196,-2.6201349738141357e-17,0.2612357862416692,276
2013,Steamer,batting,Standard,AVG,0.07049706550702602,0.044476456468014486,0.020826681797537952,0.031355160114598934,0.06949385620176035,0.04365530117721362,0.017126309567006195,0.05872762548195265,0.030554106344320486,0.022951395193227052,1.2676873759804644e-17,0.2937282959101707,637
2013,Steamer,batting,Fantasy,AVG,0.024759835099839513,0.019708447341856103,0.0004630830286795493,0.33432705235375093,0.024767977159753176,0.019728444260274303,0.0007859416684851273,0.3338891786641477,0.024329142435286197,0.019406760456635336,-3.2751687172676694e-17,0.3434991172866303,276
2013,ZiPS,batting,Standard,AVG,0.07077823741422948,0.04406003915481922,0.017910095170414694,0.02361302646499508,0.07058958311497578,0.0439358554838101,0.01714939829540246,0.028811068168845266,0.03125098184811656,0.02329423235353348,3.169218439951161e-17,0.2611437206333984,637
2013,ZiPS,batting,Fantasy,AVG,0.025776176775341192,0.020241483775628198,-0.002093690667177463,0.27855635019344405,0.025704903695269864,0.020280560315124724,0.0008451777560286589,0.28254052690412623,0.025268853268004033,0.01976211386602574,9.825506151803008e-18,0.2918051251612235,276
2013,Marcel,batting,Standard,BABIP,0.08424345790231832,0.05243791599535142,0.01873097623783331,0.0,0.08394266401980298,0.05221683802705448,0.0173280152996274,0.0025421331455521834,0.037873259735550564,0.0282803094210618,2.5353747519609287e-18,0.12461578098803705,637
2013,Steamer,batting,Standard,BABIP,0.08165464830836287,0.050356928147830146,0.013926189265099951,0.056176276719110296,0.08213702885071147,0.05072160840569453,0.0165211581164144,0.044991928621701316,0.036347769075649274,0.027159992704259943,-5.958130667108182e-17,0.19371447887575388,637
2013,ZiPS,batting,Standard,BABIP,0.08303803550444966,0.051303774319556184,0.017562373523829566,0.02392498432762802,0.08322283945861136,0.05144480965197182,0.01841636855913966,0.019575573962668957,0.03682541195845969,0.027603232995901773,-3.422755915147254e-17,0.17238459029794728,637
2013,Marcel,batting,Standard,BB/PA,0.0538918283058685,0.028940672757509868,0.0049080157848999375,0.09864198526481327,0.05373226007403589,0.028546722626768932,0.0026296831481091567,0.10397174226014161,0.022242941813061544,0.017082148793850158,1.1884569149816852e-18,0.4614595695556336,637
2013,Steamer,batting,Standard,BB/PA,0.0527871741655115,0.026636117918087895,0.00226486951151995,0.13521466311376074,0.05274526475930673,0.02627354553933493,-0.0008407330453439231,0.1365872788465573,0.020975023613251563,0.015846894084882646,-7.843815638879123e-18,0.5211066807804554,637
2013,ZiPS,batting,Standard,BB/PA,0.05312437253055695,0.02667770416526633,-0.0014141027034250695,0.12413107800810708,0.053105552061667595,0.026730994049073357,1.9734865771502908e-05,0.12475155945785332,0.021379360970084593,0.0163535933381074,-3.565370744945056e-18,0.5024653846688008,637
2013,Marcel,batting,Standard,HBP/PA,0.014380147840748267,0.007482295178700161,-0.00016286653951533755,0.05441595046926462,0.0143794014114473,0.007507125076310439,-7.112340999445752e-05,0.05451411264821526,0.006908823350135958,0.004881860392482504,5.24901804116911e-19,0.24391894360233657,637
2013,Steamer,batting,Standard,HBP/PA,0.01398323429389594,0.007276272587033352,-9.745919766668528e-05,0.10589462708256436,0.013983340242479618,0.0072721569733926,-0.00011163025652699968,0.10588107806310265,0.006696326017479866,0.004735615857077633,1.6935511038489015e-18,0.28971382906841103,637
2013,ZiPS,batting,Standard,HBP/PA,0.013805001769348854,0.007176015098277051,-1.5520940799043877e-05,0.12854218473918144,0.013805045039396889,0.00719057624073535,3.788914956643383e-05,0.1285367217799943,0.00674890870770977,0.004679921138406862,2.277875753714897e-18,0.278515032122867,637
2013,Marcel,batting,Standard,HR/BIP,0.02534268429507506,0.018718022750747004,0.005479812700510935,0.20479750107773098,0.025129006175644116,0.018424581495178876,0.004386758635757959,0.21815054916958987,0.017247701792657756,0.012683787203050512,-5.942284574908427e-18,0.4688087829036204,637
2013,Marcel,batting,Fantasy,HR/BIP,0.014846457711173187,0.011235824993029232,0.0007360446096655364,0.5573330800237748,0.014830565067569442,0.01116151025931281,0.0002647929779561791,0.5582802934647636,0.014735101293544679,0.01100810655190217,5.3733236767672705e-18,0.5742776422332536,276
2013,Steamer,batting,Standard,HR/BIP,0.022977126609968458,0.016429836062992975,0.0021568819865570273,0.3463218867345811,0.022976631964301584,0.016428767646403993,0.0021516061620052325,0.3463500308599424,0.015874799066024726,0.0119409048098059,-7.467470949134922e-18,0.5500078993744426,637
2013,Steamer,batting,Fantasy,HR/BIP,0.013709207106522608,0.010578731584442745,7.019882285091239e-05,0.6225529351434838,0.01370904154154787,0.010577459053577258,1.970718358480733e-05,0.6225620518831927,0.013599286718160365,0.010483144991539706,1.0055791452235892e-17,0.6373794035704432,276
2013,ZiPS,batting,Standard,HR/BIP,0.024003658380980532,0.016969316212899047,0.002443663237889144,0.2866093978270913,0.024006408856085425,0.016974310373707953,0.0024705344593691915,0.2864458997904108,0.016390750768850416,0.012165668593733803,-4.555751507429794e-18,0.5202818950570075,637
2013,ZiPS,batting,Fantasy,HR/BIP,0.01407772651063695,0.010778450621431254,-1.6675166900264055e-05,0.601987762417502,0.014077742431556541,0.010778376163477422,-2.6950364528660598e-05,0.6019868621692397,0.013950291594149615,0.010661762376130278,9.851093407406662e-19,0.6184189678852869,276
2013,Marcel,batting,Standard,OBP,0.08594768749720098,0.051352067587074376,0.025872980942639182,0.0,0.08423903098562054,0.049859137420427,0.019458173042143204,0.02096792909649159,0.03445996168102789,0.025379065872002466,3.9298308655394397e-17,0.30257002826101853,637
2013,Steamer,batting,Standard,OBP,0.0828338369960558,0.048593946650689133,0.020535143559610676,0.05335803775732917,0.0816181695012132,0.04756610125681458,0.014892050303885134,0.08093993745647621,0.032642333885121624,0.024168530972046187,5.32428697911795e-17,0.37420306453772834,637
2013,ZiPS,batting,Standard,OBP,0.08291647236105452,0.04790768429007288,0.015335733279347416,0.05146834807863143,0.08298646817738577,0.047958770904794064,0.015709781251501423,0.04986622321533429,0.033123252439771184,0.024513335118301758,1.3944561135785106e-17,0.3556275327287891,637
2013,Marcel,batting,Standard,PA,173.27361054999065,138.45996860282574,36.49136577708006,0.38354648786569556,173.27361054999065,138.45996860282574,36.49136577708006,0.38354648786569556,173.27361054999065,138.45996860282574,36.49136577708006,0.38354648786569556,637
2013,Marcel,batting,Fantasy,PA,155.15130529980044,118.65942028985508,-60.88405797101449,0.0,155.15130529980044,118.65942028985508,-60.88405797101449,0.0,155.15130529980044,118.65942028985508,-60.88405797101449,0.0,276
2013,Steamer,batting,Standard,PA,138.93116428064363,105.35572985015821,4.430455134465144,0.603690181800703,138.93116428064363,105.35572985015821,4.430455134465144,0.603690181800703,138.93116428064363,105.35572985015821,4.430455134465144,0.603690181800703,637
2013,Steamer,batting,Fantasy,PA,153.8550618667145,119.68985435928124,-57.321740053702094,0.0,153.8550618667145,119.68985435928124,-57.321740053702094,0.0,153.8550618667145,119.68985435928124,-57.321740053702094,0.0,276
2013,ZiPS,batting,Standard,PA,267.8822347221794,210.6436420722135,171.3469387755102,0.0,267.8822347221794,210.6436420722135,171.3469387755102,0.0,267.8822347221794,210.6436420722135,171.3469387755102,0.0,637
2013,ZiPS,batting,Fantasy,PA,128.5523775280564,99.93840579710145,20.93840579710145,0.0,128.5523775280564,99.93840579710145,20.93840579710145,0.0,128.5523775280564,99.93840579710145,20.93840579710145,0.0,276
2013,Marcel,batting,Standard,R/PA,0.06382341618585312,0.03346834850522524,0.009184706362735507,0.02634335443039104,0.06323716341731035,0.03207102677553011,0.0031415305831187065,0.04414833395071838,0.02256775027723122,0.016242995790721984,1.2676873759804644e-18,0.2389746237175051,637
2013,Marcel,batting,Fantasy,R/PA,0.018810286354255794,0.01507060411802764,0.004924782948082464,0.24246469611212706,0.018159980361019363,0.014279326418276539,0.0004598924539836059,0.29393804250494304,0.018054147147003877,0.014152063053704667,-4.912753075901504e-18,0.29120905720577084,276
2013,Steamer,batting,Standard,R/PA,0.06342180697820779,0.03237393392561812,0.0033901722952610195,0.03855828179252241,0.06333113983876444,0.03196732188720724,3.067715188593865e-05,0.041305250540138894,0.022819195735871784,0.016432908385378833,2.852296595956045e-18,0.22192175845101303,637
2013,Steamer,batting,Fantasy,R/PA,0.01874013385892736,0.014535719309746797,0.002986763022908152,0.24810457773164407,0.018500605506865365,0.014299004229945999,2.3247046109704613e-05,0.26720255115702185,0.01854808583142754,0.014267515898107947,9.006713972486092e-18,0.251895275170368,276
2013,ZiPS,batting,Standard,R/PA,0.06347814058963581,0.032733671830459055,0.00602317327130046,0.03684954655239614,0.06321795457743902,0.03200451125959545,0.001820457221052604,0.0447289423137448,0.023422906894309547,0.01671738092206976,1.2359951915809526e-17,0.18020703394262305,637
2013,ZiPS,batting,Fantasy,R/PA,0.01972984454495699,0.015368906249802586,0.00338015327927584,0.16658868947636662,0.019442899843265856,0.01499833374170303,0.0004301450203101402,0.19065415527923657,0.019249200889371095,0.014736178777444235,1.1053694420778385e-17,0.194269852547585,276
2013,Marcel,batting,Standard,RBI/PA,0.04771000592086744,0.03403984232464639,0.01685339172369657,0.012003747248922059,0.04594650365547581,0.03250949081507343,0.010902905382777998,0.08369238810882718,0.0277224405255799,0.02122359408636362,1.6479935887746035e-17,0.31177122012434777,637
2013,Marcel,batting,Fantasy,RBI/PA,0.02540740352865631,0.019870712672355212,0.004962407329323336,0.332050663674759,0.024939678708923253,0.019507486136658897,0.0010377410748662213,0.35641685642632803,0.024643952502287302,0.01937402246041301,1.3100674869070678e-17,0.3740859083802546,276
2013,Steamer,batting,Standard,RBI/PA,0.04536364321751903,0.0321754956755238,0.015662541349554977,0.10679281343065528,0.04350175216858224,0.030500318459047944,0.00893630333509942,0.17860915836207225,0.025545810624720253,0.019657869987132013,2.56706693636044e-17,0.41560124030022727,637
2013,Steamer,batting,Fantasy,RBI/PA,0.02333207028840098,0.01855063553948272,0.005810321045064996,0.4367132905379606,0.02260782380601776,0.017944974745564314,0.0006985871082297956,0.4711403029722768,0.022351199503708532,0.01791699685483101,1.0644298331119927e-17,0.48513226953180666,276
2013,ZiPS,batting,Standard,RBI/PA,0.045963518968982715,0.03269034470110072,0.01431574899917044,0.08301359224881766,0.04445992700650542,0.03142768515626966,0.008305462227895835,0.14202655319305102,0.02714943249972362,0.021038493357980925,1.2359951915809526e-17,0.3399278322805802,637
2013,ZiPS,batting,Fantasy,RBI/PA,0.025185468399981013,0.019938710475395558,0.005175376071595471,0.3436688499308549,0.024654362573803955,0.01970380750931657,0.0005606182984759462,0.3710581275823748,0.02440978699806469,0.01954469252083798,1.842282403463064e-17,0.385924200202426,276
2013,Marcel,batting,Standard,SB/TOF,0.10613408167540545,0.054120482685560446,0.011992893069984852,0.19898482784751892,0.10545745833425671,0.048576123176335216,-0.0008134552402856808,0.20916549605831436,0.054085996458760915,0.03348009860797264,-6.2592064189035425e-18,0.5334683072603219,637
2013,Marcel,batting,Fantasy,SB/TOF,0.04587184998476515,0.03440380768438458,0.013294320241180813,0.6042184564401478,0.04390978835166698,0.03013129998193883,0.0007627861682416157,0.6373516424722853,0.044097614318232475,0.029924099121421383,1.0644298331119927e-17,0.6313114420841812,276
2013,Steamer,batting,Standard,SB/TOF,0.09422549048109816,0.04591376734335554,0.00035772809767587143,0.3686534337973939,0.09428543275740935,0.04710610142453684,0.003380494525998676,0.3678499062675379,0.05142716352010226,0.03207575622400004,1.5529170355760686e-17,0.5782096652032644,637
2013,Steamer,batting,Fantasy,SB/TOF,0.04347059885172399,0.027830157500773948,-0.0036672163190005205,0.6445698429617597,0.043342550943589596,0.02930093684059164,0.0015271651189366089,0.6466606840643077,0.04334445574708684,0.028974219850126482,2.456376537950752e-18,0.6437978156327473,276
2013,ZiPS,batting,Standard,SB/TOF,0.09618175866777329,0.047970423261967536,0.013731784695690667,0.3421658172736004,0.09519858711185378,0.04425042855688937,-0.0006341912930925375,0.3555458645999341,0.050367262363311904,0.03186164603558905,7.764585177880343e-18,0.5954164942749123,637
2013,ZiPS,batting,Fantasy,SB/TOF,0.04379032157752975,0.03084559874060246,0.013471435797503768,0.6393222961219391,0.04166932592841048,0.02879020991988888,0.00046908625102397327,0.673415192781092,0.0419323847913627,0.028898805962302664,1.6375843586338348e-18,0.666628403380568,276
2013,Marcel,batting,Standard,SLG,0.1280573922058656,0.08644338471545947,0.049035118636704976,0.0,0.12332771442289713,0.08238699454244026,0.03486362439455356,0.051813484546901045,0.06246751344746414,0.04623602878625221,3.0424497023531145e-17,0.29918698733102567,637
2013,Steamer,batting,Standard,SLG,0.11952021145804251,0.08003780808877412,0.039508027776952684,0.10945654854714082,0.11607186998777862,0.07712131533762151,0.027358404820256768,0.16010234007756696,0.05870325451706578,0.043984564585341314,-5.0707495039218574e-18,0.3811034271411746,637
2013,ZiPS,batting,Standard,SLG,0.12033590156538655,0.07944378936488496,0.033097843077525904,0.09725967853201078,0.11898127333824439,0.07841297370749019,0.027771953766707727,0.11746968242629241,0.06053924915706184,0.044369794572359664,-2.028299801568743e-17,0.34178499293988374,637
2013,Marcel,batting,Standard,SO/PA,0.09434020041397317,0.05341912125646245,-0.022286107170434805,0.14720096067213806,0.09285727581955712,0.05252458882138346,-0.014801041561079059,0.17380038090939043,0.03970594043783796,0.03014160973495749,-2.5353747519609287e-17,0.6040601449241368,637
2013,Steamer,batting,Standard,SO/PA,0.0939387702249021,0.05261735324456903,-0.02780541385458863,0.15444306803153507,0.09072945710470433,0.049774890534222065,-0.013434391492448608,0.21123117416475123,0.036268309430985995,0.027390959060418378,-1.140918638382418e-17,0.6696510955015671,637
2013,ZiPS,batting,Standard,SO/PA,0.09123683443664575,0.049646590220506936,-0.012134219123230464,0.202384600094908,0.09087202015758652,0.04949623632849823,-0.008989069097046677,0.20875044428675815,0.035831182134074276,0.02715922247219815,-2.5353747519609287e-18,0.6775662313978688,637
2013,Marcel,batting,Standard,wOBA,0.08532270562014545,0.05371617514718808,0.03027779072219562,0.0,0.08284890744244765,0.05154142731871359,0.022376817939160423,0.03437159392370903,0.03715975740602756,0.027026104372665782,-7.0990493054906e-17,0.3204339123745449,637
2013,Steamer,batting,Standard,wOBA,0.08053279571350372,0.05037206633503642,0.02410336485758304,0.08760685480459796,0.0787628269952772,0.04877054206739873,0.017292308356978058,0.12727171196315523,0.034989910917085316,0.025884698763892655,-3.803062127941393e-17,0.3974797722781481,637
2013,ZiPS,batting,Standard,wOBA,0.08100728098136323,0.04931676751782479,0.019463392345362797,0.07682385793222701,0.08063514211951132,0.049064545963778426,0.017851336483013937,0.08528632202557884,0.03569858621248058,0.025977844885582767,-3.169218439951161e-17,0.3728260783573101,637
2013,Marcel,pitching,Standard,1B/(BIP-HR),0.07203243958093165,0.04349236680878676,-0.006853226690637,0.0,0.07179835929520419,0.043314047933817684,-0.0036467467112377325,0.004784532003691999,0.03392494562161277,0.024130399657883172,4.920869052573953e-17,0.0,667
2013,Steamer,pitching,Standard,1B/(BIP-HR),0.09504977306827403,0.07655865494511481,0.06237975348587549,0.0,0.07185381233582624,0.04310932503387809,-0.004443493200213032,0.0032466407127649255,0.03323246541538378,0.023460484985865886,8.36547738937572e-17,0.02123104567246703,667
2013,ZiPS,pitching,Standard,1B/(BIP-HR),0.09415826055962491,0.07465710566277921,0.057883246489275765,0.0,0.07441192814818208,0.04521290546914541,-0.004671963533061007,0.0,0.035710012795778734,0.025117135636813476,5.105401642045476e-17,0.0,667
2013,Marcel,pitching,Standard,2B/(BIP-HR),0.03919169639594263,0.025508390482921806,-0.000828978176991327,0.0,0.039194784628000696,0.02550413967477216,-0.0009639919406015619,0.0,0.020807808444597523,0.015147131265150268,0.0,0.0,667
2013,Steamer,pitching,Standard,2B/(BIP-HR),0.0757633524200161,0.06502139393675484,-0.0647382908559989,0.0,0.03936362025164506,0.025437286002430948,-0.0006747831889385414,0.0,0.02048284032730419,0.01470638108800575,-4.3057604210022085e-18,0.0,667
2013,ZiPS,pitching,Standard,2B/(BIP-HR),0.07405513888264942,0.06320804346778201,-0.061069319593497165,0.0,0.04190536421991911,0.027594490388937475,0.0011652257670853729,0.0,0.02339142436398346,0.0162037985861028,-4.3057604210022085e-18,0.0,667
2013,Marcel,pitching,Standard,3B/(BIP-HR),0.009553054094194,0.006851399166584408,0.00130439389350265,0.0,0.009464486823065525,0.006525811506845905,0.00013081179912836506,0.0,0.006210689981280728,0.0044218404296315445,6.919972105182121e-19,0.0,667
2013,Steamer,pitching,Standard,3B/(BIP-HR),0.010987202982236106,0.00608421932302256,-0.0060107553895924985,0.0,0.00919729234464615,0.006236819119088751,2.7156095888852775e-05,0.0,0.005918712096520104,0.004176993876441501,1.1533286841970201e-18,0.0,667
2013,ZiPS,pitching,Standard,3B/(BIP-HR),0.010930240807865307,0.006239959234397811,-0.005664959092566591,0.0,0.009349793198377601,0.006399718322808668,0.0002005748113719845,0.0,0.0060375236392505105,0.00425222257246567,1.1533286841970201e-18,0.0,667
2013,Marcel,pitching,Standard,BABIP,0.07672122776867477,0.047713721457362,-0.006377810974125678,0.0,0.07658681389192813,0.04766170041684249,-0.004479926852710953,0.002617883959038725,0.036881976776677726,0.026406689033670345,2.706477978915674e-17,0.0,667
2013,Steamer,pitching,Standard,BABIP,0.07690489939697435,0.04697557006353667,-0.008369292759715914,0.0,0.07661747839626011,0.046808913073936566,-0.005091120293262733,0.0018190427628836936,0.035865166339989756,0.02508729904288786,6.397129768346138e-17,0.03617004107406685,667
2013,ZiPS,pitching,Standard,BABIP,0.0768290851455666,0.04725639503443908,-0.008851032196787992,0.0,0.07638912400884396,0.047037118911368386,-0.003306162954603658,0.007760228133337765,0.036318964045746076,0.025830206691274293,3.936695242059162e-17,0.011625283477654014,667
2013,Marcel,pitching,Standard,BB/BF,0.06195380168585805,0.03095614180405281,-0.013591197091461895,0.011124192138784239,0.06195092829606972,0.030954943386563082,-0.01357809308382832,0.011215917252623386,0.02368968690894239,0.015948518817649554,3.0755431578587205e-18,0.21820462006543195,667
2013,Steamer,pitching,Standard,BB/BF,0.05949790523414991,0.030062841435137447,-0.005037552423483747,0.08796988034550945,0.06005430518292923,0.029855783991960667,-0.009586228568726329,0.07083225984733998,0.02301054963353173,0.015644831611470792,-1.0149292420933778e-17,0.2623872034723218,667
2013,ZiPS,pitching,Standard,BB/BF,0.06078787025769739,0.031683602139008456,-0.004442133928198709,0.047993999939082155,0.06111854146461631,0.03165560346623953,-0.007748773717913434,0.03760846769386328,0.024708864435831108,0.017325068500796775,-1.845325894715232e-18,0.14948881182098028,667
2013,Marcel,pitching,Standard,BF,185.6756493905749,135.33883058470764,1.5697151424287856,0.46238567621356297,185.6756493905749,135.33883058470764,1.5697151424287856,0.46238567621356297,185.6756493905749,135.33883058470764,1.5697151424287856,0.46238567621356297,667
2013,Marcel,pitching,Fantasy,BF,197.10435053544606,142.01453488372093,-70.7296511627907,0.29943478302577053,197.10435053544606,142.01453488372093,-70.7296511627907,0.29943478302577053,197.10435053544606,142.01453488372093,-70.7296511627907,0.29943478302577053,344
2013,Steamer,pitching,Standard,BF,165.8160231197166,121.38230884557721,19.823088455772115,0.5712403397781844,165.8160231197166,121.38230884557721,19.823088455772115,0.5712403397781844,165.8160231197166,121.38230884557721,19.823088455772115,0.5712403397781844,667
2013,Steamer,pitching,Fantasy,BF,171.7085060400667,127.4563953488372,-60.5843023255814,0.4683329208586432,171.7085060400667,127.4563953488372,-60.5843023255814,0.4683329208586432,171.7085060400667,127.4563953488372,-60.5843023255814,0.4683329208586432,344
2013,ZiPS,pitching,Standard,BF,253.01091632518006,192.7944531004647,134.8715143775654,0.0017497050194721364,253.01091632518006,192.7944531004647,134.8715143775654,0.0017497050194721364,253.01091632518006,192.7944531004647,134.8715143775654,0.0017497050194721364,667
2013,ZiPS,pitching,Fantasy,BF,184.63420520936717,133.85174477654834,35.0883723275606,0.38527557012721414,184.63420520936717,133.85174477654834,35.0883723275606,0.38527557012721414,184.63420520936717,133.85174477654834,35.0883723275606,0.38527557012721414,344
2013,Marcel,pitching,Standard,ER/BF,0.06892577534868251,0.03980998138686291,-0.00989851511209841,0.0020109608578173788,0.06905401689517963,0.039824044643151965,-0.010755247248071363,0.0,0.03009948148956817,0.021574510820303563,4.920869052573953e-18,0.027512722544608126,667
2013,Steamer,pitching,Standard,ER/BF,0.06869877608586863,0.03899443159212761,-0.009125748805925718,0.008573664824613192,0.06900661004534853,0.03901808450042964,-0.01121024912851338,0.0,0.02885927326247577,0.020190483785761392,1.1071955368291394e-17,0.10600172512380956,667
2013,ZiPS,pitching,Standard,ER/BF,0.06878092282900958,0.03995431833395225,-0.003074075505112827,0.006201245935923638,0.06921605565703366,0.03966958082991708,-0.008336483414398676,0.0,0.030074582407056943,0.021070083203063757,1.2302172631434882e-17,0.029120991160477172,667
2013,Marcel,pitching,Standard,ERA,5.5387938364553,2.0600672702769627,-0.8518188520658727,0.0,5.535953145387473,2.0600880224348086,-0.8331478991782002,0.0,1.5355505125374636,0.973103806839485,-7.873390484118324e-17,0.027663693112317977,667
2013,Marcel,pitching,Fantasy,ERA,1.1525562635667645,0.9158856676032502,0.1495132516753029,0.0075802859841865855,1.1430960847767035,0.8974112436361502,0.025237487421876422,0.02380498227859451,1.0192077165925844,0.7997956225871665,4.643329236796765e-16,0.022296678641855805,344
2013,Steamer,pitching,Standard,ERA,5.522497477783693,2.031939910167967,-0.7595432867770776,0.0,5.533933123199262,2.0306465431924514,-0.8386557245990846,0.0,1.493913397765278,0.916783036760058,-1.5746780968236649e-16,0.0796794232153829,667
2013,Steamer,pitching,Fantasy,ERA,1.0784050317500262,0.8607733054306912,0.21875094465279854,0.13116976973371408,1.0560752540853784,0.8243515964941824,-0.013766102360993125,0.1667777761184357,0.937896104279845,0.7324308377408187,5.571995084156118e-16,0.1720747112976685,344
2013,ZiPS,pitching,Standard,ERA,5.517795826588911,2.109077187483769,-0.3784380642608477,0.0,5.548649188040634,2.0819513078246263,-0.6961698043606095,0.0,1.5544487210744722,0.9729364721988841,-2.362017145235497e-16,0.0035830935049238066,667
2013,ZiPS,pitching,Fantasy,ERA,1.2916014117820827,1.016528337378378,0.48012480490227677,0.0,1.2005915878860423,0.9288003039850632,0.060875136695602156,0.0,1.0604865797095324,0.8182118049990689,3.7146633894374115e-16,0.0,344
2013,Marcel,pitching,Standard,HBP/BF,0.01654001640263705,0.008034498334309631,-0.0015371983122830935,0.012922934526997332,0.0165230599703133,0.008059499046567692,-0.001342515115130243,0.014945753091089808,0.007052506599422843,0.004785975302606045,1.5377715789293602e-19,0.007520629714473537,667
2013,Steamer,pitching,Standard,HBP/BF,0.016528055934788264,0.007990867820382915,-0.0009787507056900875,0.014349974822222444,0.01654229390933871,0.007955321781853063,-0.0011953274628083929,0.012651081180151569,0.006857637901473192,0.004600501645794986,-8.4577436841114815e-19,0.06160953735885433,667
2013,ZiPS,pitching,Standard,HBP/BF,0.016772870035193545,0.008892921326335802,0.0006237186195796922,0.0,0.016771058888343977,0.008651418423492268,-0.0005729502030878163,0.0,0.007528150621261182,0.005274103015518421,-1.9222144736617003e-19,0.0,667
2013,Marcel,pitching,Standard,HLD/G,0.09743505232577004,0.08028792545222044,0.026506035666626244,0.21054089917984464,0.09421064925414292,0.06592701041841069,-0.009199290077068977,0.26192722890778586,0.07929161842536632,0.05269207078284594,1.2917281263006626e-17,0.342888218268133,667
2013,Steamer,pitching,Standard,HLD/G,0.1304775376150609,0.07083686751972675,-0.07017163029373094,0.0,0.11164943625867074,0.08066532635726952,-0.019111946339120098,0.0,0.097922299195627,0.07185066775157868,0.0,0.0,667
2013,ZiPS,pitching,Standard,HLD/G,0.12993607376142627,0.07167167551722466,-0.06724739901255475,0.0,0.1125723400223819,0.08151289803073461,-0.01764542851657912,0.0,0.09836351675609521,0.07187043688446175,1.2302172631434882e-18,0.0,667
2013,Marcel,pitching,Standard,HR/BIP,0.04337233950544514,0.022698183640809798,-0.004970013981915612,0.0,0.04339051408642781,0.02268979895517156,-0.005126199126968214,0.0,0.017304430236827446,0.012070049479526512,1.845325894715232e-18,0.0,667
2013,Steamer,pitching,Standard,HR/BIP,0.04341344284692488,0.02177551042353245,-0.00683373914297845,0.0,0.04313055410682259,0.02192080747241739,-0.0047135621787150975,0.0046361764480807865,0.016306203110309697,0.011081803542805538,2.7679888420728484e-18,0.07920110457298934,667
2013,ZiPS,pitching,Standard,HR/BIP,0.04325484173805541,0.022358232853071203,-0.004082086787849794,0.0,0.04330905545706248,0.02230154725360895,-0.004621296716532103,0.0,0.0169654869457589,0.011721241835730725,-6.151086315717441e-19,0.0032373566714986035,667
2013,Marcel,pitching,Standard,L/G,0.1581685917766985,0.1147010010678847,-0.0016797903251844779,0.1807551738349642,0.16586998525925875,0.12871461330945935,0.04998370015134329,0.0990331260092937,0.12664431653802172,0.09735324707532415,-2.4604345262869764e-17,0.32451032534858526,667
2013,Steamer,pitching,Standard,L/G,0.1504320435284496,0.09569511689871119,0.002060510277876498,0.25893906216797746,0.15127215915957234,0.09681860660925962,0.016053414566965886,0.2506387650925662,0.11520051420127027,0.07806763888164242,-9.841738105147905e-18,0.4410716468830871,667
2013,ZiPS,pitching,Standard,L/G,0.16310760793975418,0.1103677573445165,0.04232985810999335,0.1287924135676094,0.15873617914037613,0.10742297495116022,0.019618860514035812,0.17486491055773457,0.12287037104832356,0.08632304318463087,-1.2302172631434882e-17,0.36416907739668103,667
2013,Marcel,pitching,Standard,R/BF,0.06951070238046836,0.041153582552514986,-0.009463808113276769,0.0036553925820266286,0.06976764692363849,0.04114360011559763,-0.011196002672398637,0.0,0.03180073231250758,0.023396053876365803,-4.920869052573953e-18,0.017486550163299697,667
2013,Steamer,pitching,Standard,R/BF,0.06902607435497965,0.04028874319616248,-0.008786010059020412,0.017499973849297468,0.06944163559636468,0.04030924885717203,-0.011607574518232938,0.005634372166881452,0.030197339342272395,0.021767430838521996,8.611520842004417e-18,0.11406548670002503,667
2013,ZiPS,pitching,Standard,R/BF,0.06925194084394497,0.04135025870084649,-0.003760868575421703,0.01105959879983065,0.06966328479287079,0.0410597777591091,-0.008443107835445655,0.0,0.03162499816239541,0.02281394949054827,-1.968347621029581e-17,0.02831548910842585,667
2013,Marcel,pitching,Standard,SO/BF,0.06333263722543413,0.04536430837147327,0.003953405214933098,0.185719998814454,0.06356522994638822,0.045760224048323556,0.006718997916521869,0.17972803661365988,0.04134564043681945,0.03125203435967107,-2.5834562526013252e-17,0.3636546784428687,667
2013,Marcel,pitching,Fantasy,SO/BF,0.04411961374520785,0.03356832857918424,-0.006834799560160351,0.3727832133211447,0.04367328463887167,0.03376390707147168,-0.0027440771033517965,0.3854093028986514,0.03772788016043461,0.029020095461224537,-9.431762512243428e-18,0.42355192446294365,344
2013,Steamer,pitching,Standard,SO/BF,0.06244840522559462,0.0433526524148234,-0.001530505000983746,0.20829875638137074,0.0626776093293653,0.043739587164096504,0.005569725449472634,0.20247653621703932,0.03965602976259194,0.029628024366314728,-9.841738105147905e-18,0.4146011401302927,667
2013,Steamer,pitching,Fantasy,SO/BF,0.04131451221935428,0.031025348580872546,-0.009471624390486006,0.4500040023792262,0.04023777480407667,0.030789460653772614,-0.0013788654230425122,0.47829838480361453,0.035609077946636515,0.027249745839078566,0.0,0.4864806151863683,344
2013,ZiPS,pitching,Standard,SO/BF,0.06551183517039919,0.04635770760818766,-0.008549654340420322,0.12871917989462955,0.0650766188538017,0.0461334390769248,0.0040326620723901965,0.14025712776742683,0.04270851688706131,0.032359228257001535,-3.936695242059162e-17,0.3210115464793821,667
2013,ZiPS,pitching,Fantasy,SO/BF,0.046870741265251,0.03506687540161809,-0.014989463953884705,0.2921228171797198,0.04445357912430105,0.03424782335795399,-0.001984525089586801,0.36325178430898486,0.03896288043220055,0.03007784752473275,1.958904521773635e-17,0.38519484926617065,344
2013,Marcel,pitching,Standard,SV/G,0.0941903988034365,0.056299160562034684,0.022161951190011075,0.3545719711959645,0.09157595539567982,0.0413937167074303,0.0023401838452485916,0.38990499885617613,0.08206693387165373,0.033340942792749,2.4604345262869763e-18,0.443618663245979,667
2013,Marcel,pitching,Fantasy,SV/G,0.11051444710911942,0.06124593928946113,0.004995344350418768,0.46092555848885963,0.11101593663276749,0.04968505602579066,-0.011663988674358139,0.456022062824205,0.0840399741916654,0.0351136479629303,0.0,0.4753405813183481,344
2013,Steamer,pitching,Standard,SV/G,0.08144431349063234,0.023572089158450094,-0.0002438312334124826,0.5174347065415917,0.08147036837530902,0.025209278286777402,0.0020746510353652527,0.5171259018214778,0.0693565187146179,0.019332397190645428,2.7679888420728484e-18,0.6026156954809646,667
2013,Steamer,pitching,Fantasy,SV/G,0.08648718604647394,0.02764334118986947,-0.005518660794297564,0.669847823073676,0.08632873849256555,0.02992019244887544,-0.0017530990967107708,0.6710564156689793,0.06533585841190302,0.019107952541046306,-6.52968173924545e-18,0.6828907898852565,344
2013,ZiPS,pitching,Standard,SV/G,0.12195740103513343,0.03517999234348292,-0.03191430824510475,0.0,0.11779561336368753,0.05301625749392154,-0.00455213480100938,0.0,0.11012122623632908,0.048096861433862666,1.2302172631434882e-18,0.0,667
2013,ZiPS,pitching,Fantasy,SV/G,0.15903404144777358,0.052744885455895736,-0.05073479264163868,0.0,0.15224293376913078,0.06893087579612893,-0.0214500286202572,0.0,0.11606905271931389,0.05140822473193144,0.0,0.0,344
2013,Marcel,pitching,Standard,W/G,0.1421937083598678,0.10954246402647941,0.026836881532826415,0.20331044002091414,0.15803268323753372,0.13131603459131647,0.07399659779023963,0.01593860874462516,0.1364608106837178,0.1106634826842155,2.9525214315443714e-17,0.3675264670866484,667
2013,Marcel,pitching,Fantasy,W/G,0.12918244120238134,0.09447144721159799,-0.030894813464447227,0.3748173818799717,0.13023874475801944,0.10977312240740224,0.03505020713406431,0.36455155107096693,0.12920639818226004,0.10659596607940766,-3.91780904354727e-17,0.371489793879608,344
2013,Steamer,pitching,Standard,W/G,0.13900461851847762,0.09425028378347804,0.05982830957030379,0.2386456642294179,0.12745438761267192,0.08629012771732507,0.02240007987248771,0.35991456334844407,0.11348378653838004,0.08268916453386987,-1.4762607157721857e-17,0.562584570186067,667
2013,Steamer,pitching,Fantasy,W/G,0.11520704779262018,0.07938509203641324,0.036904475463051596,0.5027692072059287,0.10926617053845995,0.0785285839722558,0.0053265816666713825,0.5527283563075499,0.109043917103475,0.08103882145495299,-6.094369623295753e-17,0.5523411422895619,344
2013,ZiPS,pitching,Standard,W/G,0.13351126916461054,0.09576829375854175,0.04844766192257497,0.29763281386824214,0.12800408577362166,0.09073586332418614,0.03011582518477163,0.3543814067539063,0.11621852394639859,0.08633047327988162,-2.706477978915674e-17,0.541248842619423,667
2013,ZiPS,pitching,Fantasy,W/G,0.10880512918767811,0.0800477113529218,0.01975973825453661,0.5564948592523251,0.10732737770834373,0.07894324479259164,0.0084295387827539,0.5684600992453306,0.1117382521816717,0.08523413814957864,-2.61187269569818e-17,0.5299456870044007,344
2013,Marcel,pitching,Standard,WHIP,0.6805175821682807,0.3299469213655897,-0.15783263176154344,0.0,0.6778131960078535,0.3287621851366267,-0.14573156381166405,0.0,0.2394092920359011,0.16505197347551853,-2.4604345262869765e-16,0.08478575985507286,667
2013,Marcel,pitching,Fantasy,WHIP,0.1910074459344665,0.15384710198469603,0.01724657620551994,0.09663553495780841,0.19023048405557005,0.1527441706057784,0.0011122285831445282,0.10396982738698235,0.17058314083028805,0.1367862515343467,2.3216646183983823e-16,0.13233347436387,344
2013,Steamer,pitching,Standard,WHIP,0.6697955310601678,0.3210180782842468,-0.1138583780479893,0.001878982138907248,0.6725691329731801,0.32104928776521313,-0.12917784427618365,0.0,0.23296244866638116,0.15601928709804708,-2.7556866694414134e-16,0.13341212324603613,667
2013,Steamer,pitching,Fantasy,WHIP,0.19162633878023727,0.15118948254692297,0.045061562995075556,0.0907719775154745,0.18629966915565613,0.14386643088124568,0.0041782140619926736,0.14061736192359842,0.16545509212716006,0.12748538586563726,2.263623002938423e-16,0.1837167117384525,344
2013,ZiPS,pitching,Standard,WHIP,0.6702559714209367,0.336574260783279,-0.055485113900430594,0.0005062253972046848,0.6765932472036977,0.3349586053586502,-0.10776805092774096,0.0,0.24728926930601267,0.17207376925090118,-2.362017145235497e-16,0.02354708402570438,667
2013,ZiPS,pitching,Fantasy,WHIP,0.22569750019521337,0.1763226207664285,0.08009516811008688,0.0,0.2112783297114845,0.1662203261425729,0.01069611919761104,0.0,0.1868555345357016,0.14715278641955284,3.1922888502977754e-16,0.0,344
2013,Marcel,pitching,Standard,wOBA,0.08397343705443107,0.05206853772654818,-0.016666932175360277,0.0,0.08404584053751832,0.0521092790921305,-0.017027971372466002,0.0,0.040537325129258055,0.02986869446259129,-4.920869052573953e-18,0.06248073386357034,667
2013,Steamer,pitching,Standard,wOBA,0.08941748142383003,0.05558265502602872,-0.035748621391610655,0.0,0.0833005260835798,0.05072073804167995,-0.014881384109715496,0.012818519412758023,0.03864404481296019,0.02769554497353969,-4.18273869468786e-17,0.1480086628487023,667
2013,ZiPS,pitching,Standard,wOBA,0.08702442426622464,0.05469772175125125,-0.028131744137804962,0.0,0.0831715173915685,0.052103999461181334,-0.011646712608416054,0.01587387522721284,0.04059101823737791,0.029867595865523764,-6.643173220974837e-17,0.05999553482306197,667
2014,Davenport,batting,Standard,1B/(BIP-HR),0.07424047648420817,0.05047614655098188,0.021183493620387368,0.0,0.07183309473573173,0.04830284518413455,0.009853200123580829,0.019112911531123267,0.03664054872483078,0.02747147929299711,0.0,0.0,645
2014,Marcel,batting,Standard,1B/(BIP-HR),0.07287842780488313,0.04791685170400085,0.014225746222008092,0.0,0.07303636428884644,0.04802326094670376,0.015013897721594423,0.0,0.034918918816372276,0.025787561095334827,4.205667445561716e-17,0.06433985245009755,645
2014,Steamer,batting,Standard,1B/(BIP-HR),0.07198305838784844,0.04643714841910763,0.010232245126213058,0.015013103332145117,0.07279735132322347,0.04678851101798777,0.014919534347000904,0.0,0.03365797340735983,0.02447084273603813,4.58800084970369e-17,0.13069439201875366,645
2014,ZiPS,batting,Standard,1B/(BIP-HR),0.07301944750966487,0.04771213971153696,0.013126162649876892,0.0,0.07353994632910173,0.0478642793058959,0.015766424368939345,0.0,0.03459950399743386,0.02535043694761731,7.646668082839484e-18,0.08137914372344324,645
2014,Davenport,batting,Standard,2B/(BIP-HR),0.03841291693163642,0.02636833045858792,0.0023537065556216673,0.009528148559328375,0.0385611411941965,0.026650890044895348,0.0041169597462125925,0.0018695157961674536,0.021801398995903346,0.01627367584912431,2.5488893609464945e-18,0.0,645
2014,Marcel,batting,Standard,2B/(BIP-HR),0.0383356842585763,0.02614851116143821,0.0059464985176229754,0.01350701259239262,0.03812376718778496,0.025867066185828142,0.004376960319133202,0.02438340038324327,0.020089103907718314,0.015115759576195886,-3.186111701183118e-18,0.07354799477713314,645
2014,Steamer,batting,Standard,2B/(BIP-HR),0.037268863095179926,0.024805330360117322,0.003687167551587734,0.06764811613853638,0.0372657765445478,0.024799161545395836,0.003655837744537673,0.0678025416772845,0.01929351310407251,0.01425491730949461,-7.646668082839484e-18,0.14547568626834728,645
2014,ZiPS,batting,Standard,2B/(BIP-HR),0.037254137872166734,0.025370575674431028,0.004785694013635616,0.06838472981765964,0.03717963479257422,0.025250203112742176,0.004166211936872042,0.07210720507642343,0.019849137434815253,0.014943451631152259,0.0,0.0955489380211596,645
2014,Davenport,batting,Standard,3B/(BIP-HR),0.01377588032432467,0.0063024575594308515,7.608020491369677e-05,0.03695218797151323,0.013775995312755468,0.006288816206732807,-9.463796555702082e-05,0.03693611062237001,0.0071793842535170715,0.004813401271402988,8.363543215605686e-19,0.14840810813198124,645
2014,Marcel,batting,Standard,3B/(BIP-HR),0.01389669512086656,0.006995748364463528,0.0009012904454689948,0.019986212554787608,0.013873055816485014,0.0068130202943153684,0.0003947997873427904,0.023317528347787997,0.007169157237416871,0.004872521063878416,1.0753126991493024e-18,0.15083256140896273,645
2014,Steamer,batting,Standard,3B/(BIP-HR),0.013750709325742353,0.006493900088446321,3.088351515422288e-05,0.04046829414152853,0.013755338975640132,0.006612152066404575,0.00035818593665180686,0.039822066578332316,0.006896336385093469,0.004721997068060936,1.1947918879436693e-19,0.21423262025486156,645
2014,ZiPS,batting,Standard,3B/(BIP-HR),0.014118727249454236,0.007127207583581186,0.0016017476320693352,0.0,0.014031657231424365,0.006814436510029188,0.00033843905292062063,0.0008583561600227219,0.00715414966789328,0.0048634726786926956,6.372223402366236e-19,0.15438405293714397,645
2014,Davenport,batting,Standard,AVG,0.07134793370959942,0.04652981710127549,0.025511024684315788,0.04210692052971654,0.06872565106147221,0.04445792827930245,0.016837453775366794,0.11122473224283758,0.03271530244910122,0.02424067764046065,-1.911667020709871e-17,0.23583861344392143,645
2014,Davenport,batting,Fantasy,AVG,0.02861417065987242,0.02274541445126132,0.006518172690645494,0.1518443905882042,0.02787140531025161,0.02188563117223335,0.0007287294704449104,0.19530566026448648,0.02681773453029189,0.02097171015020647,2.864115119174073e-17,0.20798615673495202,263
2014,Marcel,batting,Standard,AVG,0.07516317951145504,0.048156400751485244,0.02853680772217267,0.0,0.07296308845262815,0.046598984307558516,0.0221010885986885,0.0,0.033745659466452436,0.02500724966943022,-1.6567780846152215e-17,0.1869466401979566,645
2014,Marcel,batting,Fantasy,AVG,0.028994151979649097,0.02251351693697643,0.00265630388854232,0.1291686912638247,0.028883082607436265,0.02237906564698733,0.000792188258738389,0.13582778766197456,0.027790655638571065,0.021492571774407027,4.043456638833985e-17,0.14947676306842517,263
2014,Steamer,batting,Standard,AVG,0.07165831980712456,0.04556600774970347,0.022848078559926675,0.0337545159074244,0.0708326036238447,0.04508586013612101,0.020109143005934936,0.05589424144849209,0.03189058621581097,0.02363250677258546,-6.372223402366236e-17,0.27388030826301213,645
2014,Steamer,batting,Fantasy,AVG,0.026603238627479067,0.02084490986356986,-0.0004575228299690428,0.2668679045455269,0.026613112986876554,0.020871642443957936,0.0008572073970784908,0.26632356831704773,0.025619085635902605,0.02014269227554038,6.739094398056642e-18,0.2772038201288849,263
2014,ZiPS,batting,Standard,AVG,0.07116219715308378,0.0451384350690608,0.02216647383835135,0.047087700580065395,0.07049445444858508,0.04468096008956432,0.01991889471771935,0.06488689550147275,0.03170805500397522,0.02341106366380468,7.646668082839484e-18,0.2821686602006884,645
2014,ZiPS,batting,Fantasy,AVG,0.026619924842081224,0.0208457374348683,-0.0009517794116447363,0.26594793866229705,0.026615833605714262,0.02089775665640791,0.0008295082744894347,0.2661735553554967,0.025503151116865998,0.020017179567290107,0.0,0.28373078401423846,263
2014,Davenport,batting,Standard,BABIP,0.08840974694218103,0.05845516720788527,0.023613280380922724,0.0007324673814494975,0.08632048686231654,0.056955344852565294,0.013875521904236384,0.04740292358432341,0.039933517416371675,0.02948706130109453,-2.1665559568045204e-17,0.09308860850690104,645
2014,Marcel,batting,Standard,BABIP,0.08938509227835682,0.05733607126763556,0.021073535185100044,0.0,0.08909025250891477,0.057149326027073254,0.019785657828070315,0.0,0.04025718227210281,0.02933173547530115,-4.9703342538456644e-17,0.07832782962595519,645
2014,Steamer,batting,Standard,BABIP,0.08766295436139408,0.055812410269147024,0.013950296192955021,0.017542691509136454,0.08859267702865477,0.05609566626115796,0.018933558028190307,0.0,0.038699524282637975,0.028030525910938884,-4.078222977514391e-17,0.1482718928719069,645
2014,ZiPS,batting,Standard,BABIP,0.08886946311057933,0.05656930143501194,0.01951360429558184,0.0,0.0890388522902079,0.05661379383357103,0.020271075358731943,0.0,0.039042249293808326,0.028464137044457417,-5.225223189940314e-17,0.13311919479370982,645
2014,Davenport,batting,Standard,BB/PA,0.05260930916479112,0.028429267899936887,0.009590826635652232,0.03623928605425342,0.051865576055848774,0.027086824783439305,0.0037792227195012876,0.06329587473006859,0.022817011245745606,0.017389456036901806,-2.6763338289938196e-17,0.44057093325101104,645
2014,Marcel,batting,Standard,BB/PA,0.05109101871087739,0.028276458802883264,0.007722359798133733,0.09106433299407024,0.05069386640678084,0.02762963145419305,0.004383005727255234,0.10514049959835581,0.02251594103420401,0.01731583862672671,-8.960939159577521e-18,0.45523685304597383,645
2014,Steamer,batting,Standard,BB/PA,0.050199285322674335,0.026084160914453685,0.003946988039694048,0.12251623570985781,0.050067328439341266,0.02576404971129577,0.0015322678392150858,0.12712338641460053,0.02131014449377123,0.016408255768647552,-9.478682311019778e-18,0.5120219315038647,645
2014,ZiPS,batting,Standard,BB/PA,0.05145448496863134,0.02622301024549584,0.0020605002606175057,0.07808582576700773,0.05144748235956232,0.026204873542550883,0.0018775193938739825,0.07833674131948098,0.021555020862252052,0.01655497982061337,-8.901199565180337e-18,0.5007427160079607,645
2014,Davenport,batting,Standard,HBP/PA,0.02716968808311971,0.01016094489755509,-0.009524574673086605,0.0,0.025456467434314883,0.0096211717801249,-0.0007465295731047421,0.0,0.008612443184968696,0.0061113476280819125,1.593055850591559e-19,0.0,645
2014,Marcel,batting,Standard,HBP/PA,0.025237666674922547,0.008378009463227691,-0.0016221877427061127,0.01490568928484326,0.025207650687072047,0.008518046099105827,-0.0010570369149343428,0.017247506046313754,0.007154249798075833,0.0047046369802769316,8.562675196929631e-19,0.2748565118108758,645
2014,Steamer,batting,Standard,HBP/PA,0.02502859748329182,0.00828347067629439,-0.0017093315587842746,0.03115915800664837,0.02499328961327036,0.008437505474934362,-0.0010750107394915708,0.033890719622817644,0.006998589800274741,0.004670039577868489,9.35920312222541e-19,0.306068135068543,645
2014,ZiPS,batting,Standard,HBP/PA,0.025116936343734984,0.008328414147682223,-0.0012815807094191335,0.024308008226226585,0.02510130420531982,0.008407890393379996,-0.0009259755005001487,0.02552212174570012,0.006985274448970342,0.004642213797212303,-6.1730914210422915e-19,0.30870613985936546,645
2014,Davenport,batting,Standard,HR/BIP,0.025796880681189804,0.019226887660758394,0.00872434401842304,0.13456857321739957,0.02436940083614591,0.01751768352779238,0.0021219855760581845,0.22769655001385558,0.017113120731508762,0.013268682905582557,-4.938473136833833e-18,0.45444523081446986,645
2014,Davenport,batting,Fantasy,HR/BIP,0.017064394536708903,0.013973236811784428,0.006054480382899186,0.42213868330588356,0.01595465825206748,0.01286242159955585,-0.00011954807700387882,0.4948540590054298,0.015767352081409433,0.012723943249921817,-2.6324587492408756e-18,0.5049455971730086,263
2014,Marcel,batting,Standard,HR/BIP,0.025479960354628694,0.019861396882079534,0.007547317585600545,0.15570198566377624,0.02455513865939086,0.018370433014935603,0.003269320670472198,0.215879056568678,0.017997849786465965,0.013595079069229807,-3.1462853049183294e-18,0.39657795307304167,645
2014,Marcel,batting,Fantasy,HR/BIP,0.017113963303415428,0.013733502175854624,0.003144427589030887,0.41877665657938024,0.01682261682200005,0.012948775630462941,-1.1029589648163957e-05,0.43839759199500816,0.01640212334732384,0.012709263011935359,-7.897376247722627e-19,0.4642828576040219,263
2014,Steamer,batting,Standard,HR/BIP,0.02334598313951748,0.01701765239398634,0.004288057371235293,0.2912017981723102,0.022998158681393162,0.01632079217868866,0.00150592496589651,0.31216478849025797,0.016163649769414354,0.012350847732264228,7.965279252957795e-20,0.5133028630228287,645
2014,Steamer,batting,Fantasy,HR/BIP,0.015269827462388275,0.012289498767843764,0.002310700751372191,0.5372886897422425,0.015094980815108709,0.011882541084722087,-0.00017364630656832046,0.5478245428717591,0.014776197104409661,0.011662560926055885,4.317232348755036e-18,0.5652288201818068,263
2014,ZiPS,batting,Standard,HR/BIP,0.02420653317504429,0.017722283600203642,0.005604432226023187,0.2379851028347525,0.02361976938183035,0.016801802491019147,0.0018294583549285446,0.27447968422297464,0.016380137666409413,0.01263848485971494,-5.097778721892989e-18,0.500178396954977,645
2014,ZiPS,batting,Fantasy,HR/BIP,0.015251179849055788,0.012477357324944443,0.0031453828847921926,0.5384181318466252,0.01492355584328019,0.012028613418894914,-8.640434711669497e-05,0.5580364171577145,0.014724140289880783,0.011864996979507303,-7.686779547783357e-18,0.5682868376974556,263
2014,Davenport,batting,Standard,OBP,0.0829576400325477,0.0497209017542487,0.024485982834073015,0.037182076692677146,0.08113297037648537,0.048166306935562446,0.017324901087521685,0.07907101654064319,0.03513541535926452,0.02639670608264248,0.0,0.24307595080782762,645
2014,Marcel,batting,Standard,OBP,0.08647734668847637,0.052706527215446636,0.03055117199229705,0.0,0.08400012912474848,0.05037368215167084,0.022606731581509092,0.012831483720272763,0.03602801266057746,0.027001768749526044,3.823334041419742e-17,0.20412890244938353,645
2014,Steamer,batting,Standard,OBP,0.0829802655666032,0.04959000140843851,0.02224349374628167,0.036656814875159704,0.08205376448319558,0.04885409415344625,0.018489694599982086,0.058048787059635565,0.03427184035536613,0.026176210529734817,4.4605563816563655e-17,0.27982677273358214,645
2014,ZiPS,batting,Standard,OBP,0.08196647961757705,0.048575294393133274,0.02068295455035196,0.06005172636966705,0.08150717860272386,0.048252041588743216,0.01878033524220418,0.07055625514476782,0.03408143199533104,0.02618761915190165,-4.715445317751015e-17,0.28780685637576353,645
2014,Davenport,batting,Standard,PA,143.19496889813726,99.22907654497506,-25.070997387246017,0.5803533036760117,143.19496889813726,99.22907654497506,-25.070997387246017,0.5803533036760117,143.19496889813726,99.22907654497506,-25.070997387246017,0.5803533036760117,645
2014,Davenport,batting,Fantasy,PA,162.5189280108314,114.96209937293334,-56.612289487001775,0.0,162.5189280108314,114.96209937293334,-56.612289487001775,0.0,162.5189280108314,114.96209937293334,-56.612289487001775,0.0,263
2014,Marcel,batting,Standard,PA,172.51223077637673,138.984496124031,43.49302325581395,0.3909287895362554,172.51223077637673,138.984496124031,43.49302325581395,0.3909287895362554,172.51223077637673,138.984496124031,43.49302325581395,0.3909287895362554,645
2014,Marcel,batting,Fantasy,PA,152.54759277299823,113.36882129277566,-65.0342205323194,0.0,152.54759277299823,113.36882129277566,-65.0342205323194,0.0,152.54759277299823,113.36882129277566,-65.0342205323194,0.0,263
2014,Steamer,batting,Standard,PA,143.49839353250488,105.41007766280063,-5.775348883636236,0.5785729890284006,143.49839353250488,105.41007766280063,-5.775348883636236,0.5785729890284006,143.49839353250488,105.41007766280063,-5.775348883636236,0.5785729890284006,645
2014,Steamer,batting,Fantasy,PA,148.81140390781894,112.45057066855775,-37.531939118533984,0.0,148.81140390781894,112.45057066855775,-37.531939118533984,0.0,148.81140390781894,112.45057066855775,-37.531939118533984,0.0,263
2014,ZiPS,batting,Standard,PA,266.58299462504317,212.35038759689922,172.66356589147287,0.0,266.58299462504317,212.35038759689922,172.66356589147287,0.0,266.58299462504317,212.35038759689922,172.66356589147287,0.0,645
2014,ZiPS,batting,Fantasy,PA,112.79388314995467,88.89353612167301,9.091254752851711,0.032666717832744,112.79388314995467,88.89353612167301,9.091254752851711,0.032666717832744,112.79388314995467,88.89353612167301,9.091254752851711,0.032666717832744,263
2014,Davenport,batting,Standard,R/PA,0.12129894944547814,0.035999473422495896,-0.0005645237535893673,0.006942421239223395,0.121337377194167,0.03561868972788194,-0.0031052624448280187,0.006313116336257085,0.025276134343223712,0.017737613040961914,1.593055850591559e-17,0.11053845583750443,645
2014,Davenport,batting,Fantasy,R/PA,0.02087736525476014,0.016532543643602855,0.001249996574919304,0.08264997450141398,0.020846646844727278,0.016481234785792526,0.0005299019960539131,0.08534751823530229,0.02041079555584818,0.016094700604921228,2.1059669993927005e-18,0.09452486639767654,263
2014,Marcel,batting,Standard,R/PA,0.12105795227868053,0.03698818596374632,0.0039652665215508115,0.010884521630177058,0.12102041295596769,0.035678194387363346,-0.0025760203245684676,0.011497863710392742,0.02513276497258124,0.017546536189098762,-5.097778721892989e-18,0.12060011171142981,645
2014,Marcel,batting,Fantasy,R/PA,0.021241964492467368,0.016910375903519473,0.005403154794340206,0.050329263460134444,0.02054729477786931,0.01605452760042419,0.0004053997052448302,0.11142722731575438,0.02023853846803018,0.015744457989566887,-8.423867997570802e-18,0.10974390428977387,263
2014,Steamer,batting,Standard,R/PA,0.12184417165136488,0.03606949963313706,-0.0019226790038250198,0.0,0.12192070493339252,0.035800686338826146,-0.004727876965387676,0.0,0.02505371800513655,0.017625545748891462,7.00944574260286e-18,0.12612314729485985,645
2014,Steamer,batting,Fantasy,R/PA,0.020495713575642113,0.01605734119679651,0.0022437607065958643,0.1158829109263525,0.02037529854227565,0.015950886653743626,0.00033612173473833624,0.1262410038202848,0.019952434111007136,0.015648206673374965,-1.0108641597084963e-17,0.13473640138243526,263
2014,ZiPS,batting,Standard,R/PA,0.1214070646174304,0.036599128180170235,0.003247894960488279,0.005171384655067279,0.12142148585548086,0.03517301285537812,-0.0037484276711957573,0.004935030825005904,0.02449761519612233,0.016895541654127526,4.4605563816563655e-18,0.16448647740328115,645
2014,ZiPS,batting,Fantasy,R/PA,0.02091951225484578,0.01658361449784001,0.006123468894166836,0.07894236313266834,0.020009678528263897,0.015558000695594099,0.0005080483457813093,0.157317603990771,0.01948498255070083,0.015157419192859269,-1.4320575595870364e-17,0.17480477691314733,263
2014,Davenport,batting,Standard,RBI/PA,0.04876215458636969,0.032914461471512516,0.008779605512636901,0.09109491627707622,0.04839845226574616,0.03253198641510582,0.006460954633196254,0.10460285399225122,0.027290954542176456,0.020721432280383218,-8.921112763312731e-18,0.27989347714855484,645
2014,Davenport,batting,Fantasy,RBI/PA,0.02398536129494955,0.01878613486911789,0.0006371177637065387,0.2962358025991956,0.023977922224633248,0.018768756766036798,0.0002216231173130835,0.2966722804502424,0.023878703788204197,0.018668351310446134,6.739094398056642e-18,0.31886104423148065,263
2014,Marcel,batting,Standard,RBI/PA,0.049492196785035844,0.03460918401684211,0.01331941092442325,0.06367585917351648,0.04825693146600912,0.03316941702973794,0.007527323513708899,0.1098316184945366,0.02687962599268761,0.02092696946533418,-1.2425835634614161e-17,0.30143674775573037,645
2014,Marcel,batting,Fantasy,RBI/PA,0.023581067966948397,0.019205665170836765,0.004354146631153032,0.31976091813143304,0.023183430359046475,0.018691310665901142,0.0006027185383736911,0.34250866422402904,0.02305533946862308,0.01874671145791981,-1.3056995396234742e-17,0.36502406659498077,263
2014,Steamer,batting,Standard,RBI/PA,0.04810532430723085,0.03227896332127478,0.010986685206252678,0.11541605587519232,0.04720036359892032,0.030960611678917876,0.0058702085983138854,0.14838471638094475,0.024372134507582327,0.0184687571097617,-6.690834572484549e-18,0.4256899378600436,645
2014,Steamer,batting,Fantasy,RBI/PA,0.020758302226004933,0.017009703012691255,0.0038758053203160462,0.4728693109451364,0.02040026614806817,0.01653036752234416,0.0005344291223772357,0.4908962375722373,0.02021204727706774,0.01643165544023846,1.4741768995748903e-18,0.5119831317671096,263
2014,ZiPS,batting,Standard,RBI/PA,0.04943037998321694,0.034039229420319804,0.01326729562344681,0.06601337581590783,0.047914150692361775,0.032214819986642655,0.005331463630661755,0.1224328710618805,0.02656889788499615,0.02042278571369239,-2.803778297041144e-17,0.3174941596786348,645
2014,ZiPS,batting,Fantasy,RBI/PA,0.024116984655129098,0.019702737207585426,0.0070219573921894525,0.28849058059118105,0.023077150373050342,0.01865837576337383,0.0004835350063534198,0.3485231320876043,0.022934884560224533,0.018570401027858546,-1.6426542595263064e-17,0.3716417235358944,263
2014,Davenport,batting,Standard,SB/TOF,0.22671741051753866,0.056294874020575446,-0.003721205792306099,0.14449725652343326,0.22673643066193613,0.05615022429116553,-0.004740477833037994,0.14435370805729908,0.05331116311554286,0.03170383093173656,9.080418348371888e-18,0.5686027360963701,645
2014,Davenport,batting,Fantasy,SB/TOF,0.04070049924466495,0.028698962695436835,-0.0006751668809580129,0.6950414966056794,0.04069743032887736,0.02882744892189453,0.0004539239209354955,0.6950874840848867,0.03988110297030354,0.02837922689537482,-2.864115119174073e-17,0.7037798972730127,263
2014,Marcel,batting,Standard,SB/TOF,0.23999362966001647,0.0629098552415122,9.02460729184626e-05,0.041369837627800776,0.24012833596124022,0.059777232753055354,-0.00804261142159489,0.04029339435428725,0.05551492189355072,0.03353742126435315,-1.1151390954140914e-18,0.532199655967178,645
2014,Marcel,batting,Fantasy,SB/TOF,0.04443553904777849,0.03193588460099321,0.007943766642254315,0.6365018702687639,0.04372098279117919,0.02973437469219709,-0.00033261723727402416,0.6480985095379279,0.04149250147300372,0.028668379052202136,3.369547199028321e-18,0.6793587132752807,263
2014,Steamer,batting,Standard,SB/TOF,0.23055759759415728,0.06006543294392558,0.005248686297803806,0.1152704402627942,0.23052346590185485,0.05666522259523986,-0.0034367471345802605,0.11553237118345838,0.05029832486473292,0.029827175541018273,2.0948684435279003e-17,0.6159850662601545,645
2014,Steamer,batting,Fantasy,SB/TOF,0.03840046127222742,0.028023194956780913,0.007450128554476957,0.7285348042002462,0.03768191380787635,0.02654317660008571,0.0009141213172311954,0.7385990398608987,0.03629098355293006,0.025719650355627045,-2.3376233693258977e-17,0.7547112197559973,263
2014,ZiPS,batting,Standard,SB/TOF,0.2358725549113119,0.057565327219400025,0.003427672211249674,0.07400960072373075,0.23597712742355767,0.05481267306365843,-0.00781610155204626,0.0731883554748658,0.05059524403518761,0.030059599469169605,-6.372223402366236e-19,0.6114378794791877,645
2014,ZiPS,batting,Fantasy,SB/TOF,0.04035175066938972,0.028349693852698542,0.011258825772990992,0.700245274976683,0.03875094353077652,0.027015816779306964,0.0003646919623505336,0.7235568470739024,0.037362288541049817,0.026381324904283857,-1.1161625096781313e-17,0.7400156855170388,263
2014,Davenport,batting,Standard,SLG,0.12411126861446556,0.08361707225592206,0.04864190987126199,0.03970806060417531,0.11724653724759153,0.07696139369447136,0.026630412978074888,0.14299983781620196,0.06310950549461912,0.04714912761697841,-7.646668082839484e-18,0.2607185192240543,645
2014,Marcel,batting,Standard,SLG,0.13089498831626364,0.08940358750714106,0.05668788787357999,0.0,0.12325482972620513,0.08203131442253096,0.0356619084751308,0.0529154630624068,0.06509796253522948,0.04913677751369276,2.0391114887571956e-17,0.21339796648428355,645
2014,Steamer,batting,Standard,SLG,0.12080694387830576,0.07930790104343585,0.0409676807488593,0.09016078892548174,0.1172396593803486,0.07642430468054198,0.028795327890901033,0.14310038083598875,0.06059607027691089,0.04551109739958719,-1.0195557443785978e-17,0.3184319967808811,645
2014,ZiPS,batting,Standard,SLG,0.12132588274158407,0.07965347901343824,0.04286205763384913,0.08232738138093987,0.11714671783513135,0.07631963218190696,0.028992062036472685,0.1444584538167346,0.060986420722167145,0.04602449951681084,-7.136890210650185e-17,0.3096226037017532,645
2014,Davenport,batting,Standard,SO/PA,0.09172300396494623,0.052933221121911025,-0.02207084866541242,0.23900130994823043,0.09135308700348657,0.05273868742867078,-0.020479243382619913,0.24512711604681747,0.03846880694219532,0.02841041015697385,-3.186111701183118e-17,0.63589044180719,645
2014,Marcel,batting,Standard,SO/PA,0.10007799737992705,0.058241839744149364,-0.02922913981260057,0.09404926318210638,0.09796422939822512,0.05693407253870692,-0.02087408192462469,0.13191465769261712,0.04271833751117457,0.030689773450369284,-2.5488893609464945e-18,0.551003112743107,645
2014,Steamer,batting,Standard,SO/PA,0.09560855096836808,0.056072381670989935,-0.03345667230315076,0.17316121099308213,0.09168792699724776,0.0529221081745291,-0.019622177768586505,0.23958324514898321,0.03847348045563093,0.0282801377392616,1.3381669144969098e-17,0.6358019662648403,645
2014,ZiPS,batting,Standard,SO/PA,0.08939197114925751,0.05208415780289963,-0.018643614236261846,0.2771895916868299,0.08875190246407091,0.05177331448548058,-0.015282671128857506,0.2875035374124917,0.037626285048785166,0.027684528236097863,8.283890423076107e-18,0.6516648286211243,645
2014,Davenport,batting,Standard,wOBA,0.08365254581957693,0.05354407678333247,0.032199845900705994,0.02064495812919942,0.07938031389262724,0.04899212465985967,0.018447652631834326,0.11812412442709674,0.037925595960922064,0.027956975174667366,-5.862445530176937e-17,0.26948482482431924,645
2014,Marcel,batting,Standard,wOBA,0.0869769311019045,0.055859046118907005,0.03571506088778596,0.0,0.08294462852882019,0.052037846025305125,0.024297951191340907,0.03715058372464053,0.03905652459582466,0.02911522931540826,-3.9507785094670665e-17,0.2252678033402401,645
2014,Steamer,batting,Standard,wOBA,0.08207497724614769,0.05118148765140802,0.025748042609026547,0.05723515314438066,0.08039079675798166,0.04972044005445801,0.019731700677430263,0.09552929608096472,0.0368704997423913,0.027665535670496642,-3.823334041419742e-17,0.3095655351112173,645
2014,ZiPS,batting,Standard,wOBA,0.08131652867186513,0.05030664833701692,0.025962589849140925,0.074578681444056,0.07958436177012387,0.04887937006297119,0.019883381875083678,0.11358455619263053,0.03662163986220769,0.027495479478816795,2.803778297041144e-17,0.3188543475392712,645
2014,Davenport,pitching,Standard,1B/(BIP-HR),0.23269638051213637,0.2177085080138153,-0.21558203792786307,0.0,0.08761007105932962,0.05359451054831406,0.0018799267811269635,0.0,0.05030823683702897,0.029183375108000738,1.731456839766354e-17,0.0,675
2014,Marcel,pitching,Standard,1B/(BIP-HR),0.07444516118948892,0.045464873480911175,-0.0078090739365725284,0.0,0.07417156687240094,0.045297270144090074,-0.004507875721990784,0.0,0.03352386298189789,0.024056644189276423,-4.947019542189583e-18,0.0,675
2014,Steamer,pitching,Standard,1B/(BIP-HR),0.10041325804258228,0.0822407605914782,0.06532055858731294,0.0,0.07631693710508543,0.04695556444373637,-0.0028684268395641286,0.0,0.03405983516564511,0.023854624420316887,2.3189154104013668e-17,0.0,675
2014,ZiPS,pitching,Standard,1B/(BIP-HR),0.0915250412873445,0.07174368314417787,0.05107276108140976,0.0,0.07630660730120736,0.046835668641397675,-0.007368314573178857,0.0,0.03487715496921638,0.024689982358543108,3.555670295948763e-17,0.0,675
2014,Davenport,pitching,Standard,2B/(BIP-HR),0.07883557084191098,0.0654550246462182,-0.06381088744886251,0.0,0.046320817390885005,0.028765477277309427,-0.0015492742820913574,0.0,0.022140399911284997,0.015555485855353797,6.492963149123828e-18,0.0,675
2014,Marcel,pitching,Standard,2B/(BIP-HR),0.04532102338451368,0.027493571583761443,-0.0035935841758736845,0.0,0.04531602351282267,0.027495362263126114,-0.003529967935286604,0.0,0.02019911902761569,0.014498038604013263,3.4010759352553383e-18,0.0,675
2014,Steamer,pitching,Standard,2B/(BIP-HR),0.08048038018775039,0.06695690025758526,-0.06637913402773526,0.0,0.045581983309234235,0.02756352019194395,-0.002610563446941045,0.0,0.020561307627948607,0.014644399872919206,6.802151870510677e-18,0.0,675
2014,ZiPS,pitching,Standard,2B/(BIP-HR),0.07788160357029579,0.06428795765464232,-0.06200360281928539,0.0,0.04712985116862644,0.02877709364003627,-0.0003542020156156082,0.0,0.022474688309587904,0.015786942028537625,7.111340591897525e-18,0.0,675
2014,Davenport,pitching,Standard,3B/(BIP-HR),0.018671092530375563,0.007655134724684113,-0.007152502827316176,0.0,0.017258751447621394,0.007902369552054816,-0.0006427300737427821,0.0,0.00721242740761526,0.004707111655190451,-1.5459436069342446e-19,0.0,675
2014,Marcel,pitching,Standard,3B/(BIP-HR),0.017119277379795423,0.00793711022337232,-0.0006017565029215155,0.007159725954895113,0.017118602869478382,0.007942051430715805,-0.0005822517370919578,0.007237961478537058,0.007330208246886509,0.004875347252730172,7.729718034671223e-19,0.0,675
2014,Steamer,pitching,Standard,3B/(BIP-HR),0.018729359301130215,0.007649703730892811,-0.007421026252156164,0.0,0.01721294056313943,0.007854572110025899,-0.0007536933292320945,0.0,0.007157070335598708,0.004669753751370862,-1.5459436069342446e-19,0.0,675
2014,ZiPS,pitching,Standard,3B/(BIP-HR),0.018695238230789703,0.007846450796666994,-0.006963541898725073,0.0,0.017357681640480856,0.008073170868715906,-0.0005177791050292541,0.0,0.007209661280720678,0.004709969504067369,1.5459436069342446e-19,0.0,675
2014,Davenport,pitching,Standard,BABIP,0.09006256320941561,0.05316415268529056,-0.018407558132613414,0.0,0.0886626767100938,0.051733963060229246,-0.009415048908750834,0.022739765008115476,0.03678985411170059,0.02583416518913313,-1.9169700725984633e-17,0.024078635816542793,675
2014,Marcel,pitching,Standard,BABIP,0.08990186426124662,0.05284777775190969,-0.01200441461536774,0.0,0.08951282183016009,0.05254493207352474,-0.008620095394369382,0.003908929071886558,0.0379093187771074,0.02670756682013511,-3.5865891680874475e-17,0.0,675
2014,Steamer,pitching,Standard,BABIP,0.09134116177578563,0.05437920725641739,-0.00847960169257849,0.0,0.09116002706635919,0.05427895709395603,-0.006232683615737355,0.0,0.03803218153729943,0.026646410639934805,-5.81274796207276e-17,0.0,675
2014,ZiPS,pitching,Standard,BABIP,0.09042742998375623,0.053210911615189156,-0.01789438363660071,0.0,0.08902142214576747,0.051776431202127216,-0.008240295693823825,0.014815417746414594,0.03668524407101063,0.025657089045845377,-5.62723472924065e-17,0.029620708793032358,675
2014,Davenport,pitching,Standard,BB/BF,0.050946163592921624,0.029948604837640457,-0.011512060277538335,0.09657414165109968,0.05021925877212981,0.02949650223008084,-0.007680488175831024,0.12217055963511803,0.022741765745030788,0.016440854775832313,-1.174917141270026e-17,0.2955797857543915,675
2014,Marcel,pitching,Standard,BB/BF,0.05206334999693199,0.030789313042238895,-0.009546711306302537,0.05651768554329761,0.0522885678653269,0.03085260796723634,-0.010707082388295333,0.048337317859953766,0.023351761853443384,0.016982982960844942,-1.174917141270026e-17,0.25728404649126535,675
2014,Steamer,pitching,Standard,BB/BF,0.050096592195336784,0.030193250042608782,-0.005494563020859089,0.12645373003662275,0.05039949461250703,0.030306385105589705,-0.0077865737266424925,0.11585823053008015,0.02355124520333836,0.017243132407364668,-4.947019542189583e-18,0.2445404859485334,675
2014,ZiPS,pitching,Standard,BB/BF,0.048576874797681996,0.0296122060874096,-0.0024690291081583098,0.17864919473662755,0.04883053705032545,0.029664569109213702,-0.005550197136180626,0.17004881961223572,0.02395255752340613,0.017289132081500534,5.256208263576432e-18,0.21857512788173794,675
2014,Davenport,pitching,Standard,BF,187.36526271983843,124.04192592592592,-16.901481481481483,0.4787165166298827,187.36526271983843,124.04192592592592,-16.901481481481483,0.4787165166298827,187.36526271983843,124.04192592592592,-16.901481481481483,0.4787165166298827,675
2014,Davenport,pitching,Fantasy,BF,218.47078622731829,152.57246376811594,-58.443768115942035,0.157350414727099,218.47078622731829,152.57246376811594,-58.443768115942035,0.157350414727099,218.47078622731829,152.57246376811594,-58.443768115942035,0.157350414727099,345
2014,Marcel,pitching,Standard,BF,182.2256314044233,131.8548148148148,-2.423703703703704,0.5069230063088366,182.2256314044233,131.8548148148148,-2.423703703703704,0.5069230063088366,182.2256314044233,131.8548148148148,-2.423703703703704,0.5069230063088366,675
2014,Marcel,pitching,Fantasy,BF,205.27013661394403,146.4144927536232,-73.52173913043478,0.2561047067608184,205.27013661394403,146.4144927536232,-73.52173913043478,0.2561047067608184,205.27013661394403,146.4144927536232,-73.52173913043478,0.2561047067608184,345
2014,Steamer,pitching,Standard,BF,184.6836253745347,125.27703703703703,-17.765925925925927,0.49353131919358384,184.6836253745347,125.27703703703703,-17.765925925925927,0.49353131919358384,184.6836253745347,125.27703703703703,-17.765925925925927,0.49353131919358384,675
2014,Steamer,pitching,Fantasy,BF,218.66357588837207,155.46376811594203,-68.79130434782608,0.1558625653939767,218.66357588837207,155.46376811594203,-68.79130434782608,0.1558625653939767,218.66357588837207,155.46376811594203,-68.79130434782608,0.1558625653939767,345
2014,ZiPS,pitching,Standard,BF,248.92487876092665,188.51170383594655,116.91407405711986,0.07990552991720645,248.92487876092665,188.51170383594655,116.91407405711986,0.07990552991720645,248.92487876092665,188.51170383594655,116.91407405711986,0.07990552991720645,675
2014,ZiPS,pitching,Fantasy,BF,191.02907319121903,136.01420295825903,14.121449003357817,0.3557429117762355,191.02907319121903,136.01420295825903,14.121449003357817,0.3557429117762355,191.02907319121903,136.01420295825903,14.121449003357817,0.3557429117762355,345
2014,Davenport,pitching,Standard,ER/BF,0.07733066495698498,0.04245622876855258,-0.014180258494698658,0.0,0.07758251954701999,0.04254967494357743,-0.015495009762847739,0.0,0.029991030391128957,0.02045296816822501,-7.420529313284374e-18,0.08169231199860016,675
2014,Marcel,pitching,Standard,ER/BF,0.07748590884449015,0.04300586494892102,-0.01451306157672221,0.0,0.07783630125575183,0.043110488982090786,-0.016280438570543683,0.0,0.03121731084291845,0.021322964262119187,3.710264656642187e-18,0.005061070477981433,675
2014,Steamer,pitching,Standard,ER/BF,0.0769397977120997,0.04292875904242252,-0.009861273096989073,0.0,0.07791575986924378,0.04300962299425335,-0.01576000860140111,0.0,0.030417359383050974,0.02068775232386243,-2.4735097710947914e-18,0.0553988620661211,675
2014,ZiPS,pitching,Standard,ER/BF,0.07632495842695768,0.04275277546984281,-0.010071614494115972,0.010554350733233298,0.07689402515862731,0.04274061621940661,-0.013734236226921366,0.0,0.030971295969727093,0.021206273550136073,-3.710264656642187e-18,0.02068094848907509,675
2014,Davenport,pitching,Standard,ERA,5.888759242645822,2.261985947987544,-1.0639480197397064,0.0,5.897409429819488,2.2640216325066076,-1.1108275985882263,0.0,1.664632883093926,0.9128533201199642,7.915231267503332e-17,0.06388906035295783,675
2014,Davenport,pitching,Fantasy,ERA,1.0686854142726885,0.8393223099714137,0.15959033617583473,0.12941219985314711,1.057008067815412,0.8207264054179972,-0.025428648182678964,0.14833378948210885,0.940957390373541,0.7221851874428292,-2.290889791748034e-16,0.13991067199382778,345
2014,Marcel,pitching,Standard,ERA,5.904963891998488,2.290033423242417,-1.1334349375570503,0.0,5.907186698395632,2.290599206936996,-1.1449588995118234,0.0,1.710549252417916,0.9526634054851395,-1.5830462535006665e-16,0.011534425391125147,675
2014,Marcel,pitching,Fantasy,ERA,1.152517677869719,0.8951346148370165,0.14610209072621774,0.0,1.1432380355035752,0.8799518029826823,-0.00648297265425668,0.003709147549615155,1.01678727047529,0.7679951526053885,-3.6654236667968544e-16,0.0,345
2014,Steamer,pitching,Standard,ERA,5.879837306156867,2.2802145215794525,-0.9543213405968957,0.0,5.916991336299649,2.2795789125249786,-1.1614770544826578,0.0,1.6811065512587788,0.9274279681503569,-4.749138760501999e-16,0.045269354732326406,675
2014,Steamer,pitching,Fantasy,ERA,1.0965137701354855,0.8805402976713604,0.29749995927728995,0.08348201259536392,1.057359369419473,0.8298471975252224,-0.06459577209383212,0.14776758486385344,0.9387067456387392,0.7306370299788477,5.498135500195282e-16,0.1440201896035438,345
2014,ZiPS,pitching,Standard,ERA,5.807834824454758,2.2926903998172032,-0.7963699539422524,0.007925576504604237,5.841718894866629,2.2842414516368383,-1.0143665028155946,0.0,1.7109169712337176,0.9654484095472189,-2.3745693802509996e-16,0.011109396461234766,675
2014,ZiPS,pitching,Fantasy,ERA,1.2092851761285717,0.9540969857802825,0.32643754819747994,0.0,1.1643937472710304,0.8988565111989024,-0.0019063978450074162,0.0,1.0369056844869138,0.786357884035114,-4.123601625146461e-16,0.0,345
2014,Davenport,pitching,Standard,HBP/BF,0.021048999436695984,0.010997520734794517,-0.010458622040110927,0.0,0.018350006484957226,0.009302462450870469,-0.001745031715997833,0.0,0.007508810873254951,0.005059542905769877,1.9324295086678058e-19,0.0,675
2014,Marcel,pitching,Standard,HBP/BF,0.01823908904036568,0.008904694379774111,-0.002616988604613109,0.0,0.018151455102170023,0.009009330075417335,-0.0019130035704048056,0.0,0.007181628799391053,0.004749524163392231,-2.4348611809214355e-18,0.0586596491737692,675
2014,Steamer,pitching,Standard,HBP/BF,0.017985989573837288,0.008728150778635552,-0.002161086594081343,0.017145618905102356,0.017941111401661623,0.008794982951938165,-0.0017487002727074204,0.02204428500388511,0.00695580017047306,0.004548760200314425,-7.729718034671223e-19,0.11693034463590446,675
2014,ZiPS,pitching,Standard,HBP/BF,0.017921260921580272,0.009521112036388406,-0.00047353430725808487,0.024207155582031348,0.017948478177752462,0.009414611640876182,-0.001095678154407858,0.021241005908353428,0.0074449838280049255,0.005155746610532368,-9.662147543339029e-20,0.0,675
2014,Marcel,pitching,Standard,HLD/G,0.10200171572686774,0.08287254961319628,0.025087650123864363,0.13723760007407249,0.09950595555931536,0.06928979479108768,-0.011246126857062307,0.1789409257139123,0.081418860515292,0.053469159975089005,-5.565396984963281e-18,0.31169193685320207,675
2014,Steamer,pitching,Standard,HLD/G,0.13157412601805568,0.0734471038617478,-0.07236526019650454,0.0,0.11184297849488403,0.08283920669719137,-0.020828636165138074,0.0,0.09817074209200245,0.07282074648769485,2.4735097710947914e-18,0.0,675
2014,ZiPS,pitching,Standard,HLD/G,0.13076126690711012,0.07436959772179136,-0.06882903373300422,0.0,0.11279302413996647,0.08411278270815394,-0.019005085006534608,0.0,0.09856784094294292,0.07286628299509425,-2.4735097710947914e-18,0.0,675
2014,Davenport,pitching,Standard,HR/BIP,0.03641386676425429,0.020640318124448793,-0.0023224637037690126,0.015471751286146529,0.036545722341134436,0.02049536354200266,-0.003874785976767479,0.008328836539567841,0.015116197050625243,0.009988976850248401,9.275661641605467e-19,0.055136749578946986,675
2014,Marcel,pitching,Standard,HR/BIP,0.03649720756497809,0.021208892257324072,-0.0014232517195257727,0.01095999377159751,0.036719487392932806,0.02086630127986825,-0.0042778779570939824,0.0,0.015285523522538681,0.010304219652568359,-6.1837744277369785e-19,0.03385012057307624,675
2014,Steamer,pitching,Standard,HR/BIP,0.03629017355798311,0.02181392468753357,0.0016812698158922778,0.02214902189775836,0.03645204032739422,0.020743820452795707,-0.003821153668104467,0.013406458353619977,0.015106372072276466,0.01021955827864238,-3.0918872138684893e-19,0.056364603920332934,675
2014,ZiPS,pitching,Standard,HR/BIP,0.036017241820041616,0.020922480965540058,-0.0003152074646765244,0.036802187665709196,0.03618380645386714,0.02046403126877344,-0.0034821684211637782,0.02787281637807859,0.015308290818344885,0.010210783511450114,1.2367548855473957e-18,0.030969878794668282,675
2014,Davenport,pitching,Standard,L/G,0.17965372279619646,0.10686452137711466,-0.0059411621468225045,0.1334772087231314,0.17962259963551006,0.1071338522518224,-0.004910762969333435,0.1337774150490214,0.13825115103165092,0.0909031867709105,4.947019542189583e-18,0.23087247640293862,675
2014,Marcel,pitching,Standard,L/G,0.17722118287926195,0.12348000821540529,-0.0024111370432066607,0.1567840562041506,0.18607087617429888,0.1431965155259894,0.0567524174021476,0.07046798345691296,0.12921166796185987,0.10349801249056655,-1.1130793969926562e-17,0.32816239832674954,675
2014,Steamer,pitching,Standard,L/G,0.17755616917120481,0.10057071179938686,-0.015236607668611873,0.15359332315093766,0.1772746981461508,0.10110099314264483,-0.01150128711503992,0.15627472951189247,0.1401186056800843,0.09243360705310748,2.4735097710947915e-17,0.20995386004896122,675
2014,ZiPS,pitching,Standard,L/G,0.1630371461922094,0.1125120048208673,0.029202460396842163,0.2863575468611149,0.1635501903594251,0.11313179372989453,0.031942720944426024,0.2818591098550862,0.12095424058613627,0.09018760519114304,-9.894039084379166e-18,0.4112877948557193,675
2014,Davenport,pitching,Standard,R/BF,0.10254891178735588,0.06253989941788697,-0.043139957196931755,0.0,0.09844887147202644,0.06082722858799293,-0.03220181504663652,0.0,0.04839912826139238,0.03307174168547305,1.3604303741021353e-17,0.0,675
2014,Marcel,pitching,Standard,R/BF,0.07747018415774837,0.04379838381576441,-0.01463940302225075,0.0,0.07773768419936088,0.043904229158934875,-0.015994693873031762,0.0,0.03170437713255112,0.02173027342907597,-7.420529313284374e-18,0.016966051557088635,675
2014,Steamer,pitching,Standard,R/BF,0.07697059788035514,0.04405929049796814,-0.009618744344045322,0.0,0.07794689316168349,0.04406908072669231,-0.015612990048535703,0.0,0.03114668195423174,0.021396091960335734,7.420529313284374e-18,0.05124595226603745,675
2014,ZiPS,pitching,Standard,R/BF,0.07655142701865007,0.043675331582235764,-0.011236771898543108,0.006525860510311898,0.07687366517926572,0.04375767212104702,-0.013255355981716574,0.0,0.03179815345469084,0.022043019589730886,1.6077813512116144e-17,0.011142146402825626,675
2014,Davenport,pitching,Standard,SO/BF,0.06326893487909376,0.045117157129502324,-0.0026477106048482754,0.22475747267647483,0.06355326237484463,0.04555080640451884,0.006562728792039261,0.21777401226653215,0.04205121324277608,0.03243195834553405,-7.420529313284374e-18,0.38263516981871837,675
2014,Davenport,pitching,Fantasy,SO/BF,0.046009204450599125,0.03398033376977492,-0.013365959674432288,0.38584116724582396,0.044088670074088676,0.0336396734578222,-0.0023691375526470227,0.4360439609226432,0.03938151636140884,0.030883569850627297,-1.9329382617874038e-17,0.41978302932908096,345
2014,Marcel,pitching,Standard,SO/BF,0.06509470781985581,0.04739803004644743,0.0035744349394157856,0.17936902378018715,0.06542479760020162,0.04786168882003611,0.007473937383405435,0.17102522080675142,0.043879907892529144,0.03300780923268578,-1.1130793969926562e-17,0.3277725557726472,675
2014,Marcel,pitching,Fantasy,SO/BF,0.04715744440627569,0.034918220510299226,-0.008966570731715539,0.35480383509231783,0.04640724001098316,0.03495669296803285,-0.003194800962950838,0.37516876012767497,0.04083047159220809,0.03106450402765571,-3.293154075637799e-17,0.37630200111574064,345
2014,Steamer,pitching,Standard,SO/BF,0.062100317400445575,0.04432234140443758,-0.002326181974737495,0.2531314328950678,0.06253637242650821,0.04466890499952223,0.007730431916164043,0.24260590842954788,0.04019439859149098,0.0301747309584046,-1.6077813512116144e-17,0.43595222008773893,675
2014,Steamer,pitching,Fantasy,SO/BF,0.043124220970222026,0.03243818119654514,-0.013060821701150381,0.4604474122246559,0.041109159235811606,0.031183412470703446,-0.0009217387352271841,0.5096926046958062,0.03699325316611683,0.02811092851945547,1.5749867318267734e-17,0.4880228154762333,345
2014,ZiPS,pitching,Standard,SO/BF,0.06338651686473705,0.045411894190810875,-0.005468105063866019,0.22187330025080143,0.0632987156988326,0.04518370991537808,0.004333250727516034,0.22402748436110242,0.043542215097927224,0.032438688819350615,-2.2261587939853123e-17,0.3380794535154371,675
2014,ZiPS,pitching,Fantasy,SO/BF,0.04580907419853445,0.0334938145092174,-0.011879817594925597,0.3911724675133321,0.04425809117055101,0.03296129618908613,-0.0011989250279619585,0.431701365446982,0.0407454104864663,0.030586631247721402,-5.727224479370085e-18,0.3788979632955364,345
2014,Davenport,pitching,Standard,SV/G,0.08708622896549978,0.028377675143779438,0.0031766400245605867,0.3839892969498955,0.08709602055798114,0.02856226882606369,0.0034346125619143684,0.38385076609535207,0.07831721110380008,0.022636130677571094,-4.328642099415885e-18,0.46234476145028014,675
2014,Davenport,pitching,Fantasy,SV/G,0.10570354783819537,0.03808603433105645,-0.0010680777705913292,0.46601064426351924,0.1056989217913263,0.03895553542954152,0.00040352495745480147,0.4660573826329134,0.08034215417661024,0.023505468972243898,7.159030599212606e-19,0.48123668463905844,345
2014,Marcel,pitching,Standard,SV/G,0.0905262755191284,0.05558975576577311,0.024025919022033517,0.33436125438150155,0.08737756867977114,0.04088907318274408,0.004132521491328176,0.37986077783496963,0.08088383906991979,0.03342624105368188,0.0,0.4265270111520756,675
2014,Marcel,pitching,Fantasy,SV/G,0.1074283718660659,0.06009174871142499,0.0073219090032343665,0.44844165562850613,0.10766774671420865,0.04925377419184742,-0.010251778000566281,0.44598092224553365,0.08325358566286224,0.03487613246224555,-1.4318061198425212e-18,0.44295765874609905,345
2014,Steamer,pitching,Standard,SV/G,0.07470871807858505,0.024433954894708135,-0.0025676132081705384,0.546651840545026,0.07471362076607177,0.02823138027299128,0.0027065122607631605,0.5465923375222346,0.06605843772189675,0.023035425281766168,-2.4735097710947914e-18,0.6174871308186032,675
2014,Steamer,pitching,Fantasy,SV/G,0.09041674237420437,0.03355726224694054,-0.00847554146965329,0.6092930080986461,0.09005331720859028,0.037231645857744966,-0.0024994883299485167,0.6124275467571485,0.06871373972584009,0.024036894315005906,-7.159030599212606e-19,0.6205369579399419,345
2014,ZiPS,pitching,Standard,SV/G,0.11555140170780293,0.03388435173654182,-0.029167006871717232,0.0,0.11182697582302582,0.05146435687224281,-0.0019647836879310835,0.0,0.10718549922444988,0.047619301006032365,1.2367548855473957e-18,0.0,675
2014,ZiPS,pitching,Fantasy,SV/G,0.1538361606922399,0.05303885579687,-0.051135362224027085,0.0,0.1467608295273872,0.0669865353173905,-0.02209076768291709,0.0,0.11186726356664625,0.05020274312853189,0.0,0.0,345
2014,Davenport,pitching,Standard,W/G,0.14986382289363373,0.09922395527783119,0.018467850618520715,0.1922461245944237,0.15168932247843042,0.1036929563461012,0.02985877841002271,0.1724476815812922,0.13570357872213418,0.1007786134649098,4.947019542189583e-17,0.4195947849716637,675
2014,Davenport,pitching,Fantasy,W/G,0.13371742852381127,0.0949400936371387,-0.004831659379384631,0.3856179199237454,0.13439911385435785,0.09883512977216613,0.014356742185275544,0.37933776921391826,0.13269870218556543,0.10073231730146931,4.581779583496068e-17,0.3952237291447418,345
2014,Marcel,pitching,Standard,W/G,0.1494390333336401,0.11492961837676885,0.028771698004381993,0.19681879745935726,0.16893324855529637,0.1408628943886894,0.08387030696145155,0.0,0.14019482930015584,0.11453734977137404,0.0,0.38054081527726547,675
2014,Marcel,pitching,Fantasy,W/G,0.13471429503219515,0.09902256901591829,-0.03597046809355357,0.37642330907934174,0.13543214462296718,0.11384566040332865,0.03857199872996393,0.36975991938413844,0.13280606106016515,0.10922333418960968,1.145444895874017e-17,0.39424475401467307,345
2014,Steamer,pitching,Standard,W/G,0.1356662971120285,0.08607315846105311,0.014965415129002945,0.33804360891165985,0.13713518123203508,0.08930726330482118,0.02499354735601385,0.32363176028837803,0.12878976707533116,0.09192860394345541,4.947019542189583e-18,0.47722908175408774,675
2014,Steamer,pitching,Fantasy,W/G,0.1269910664424931,0.0866412068881191,-0.005812964646619421,0.4458735915802221,0.127271427173218,0.08857478876772991,0.010250647613145127,0.4434241787257852,0.1291399366777853,0.09408024407640896,-4.295418359527564e-17,0.42722700973595784,345
2014,ZiPS,pitching,Standard,W/G,0.1431693664681182,0.10396730496937229,0.05243054487865358,0.2627994628897661,0.13961558953693623,0.09975949981396773,0.04176131443257545,0.2989431040614531,0.12218872760423292,0.09112337265257588,-7.420529313284374e-18,0.5294443536808162,675
2014,ZiPS,pitching,Fantasy,W/G,0.1155604377930526,0.08408468788145294,0.013471127992149074,0.5411392987813723,0.1155352050500477,0.08403598827277622,0.013252928446779298,0.5413396623366074,0.11960062037770976,0.09057534862982419,-8.590836719055127e-18,0.5087209363103602,345
2014,Davenport,pitching,Standard,WHIP,0.7963968677804527,0.3453608721128085,-0.16340194893669654,0.0,0.7958140150610304,0.3450700945283781,-0.16053713736501318,0.0,0.25473120123053666,0.15191511802498722,0.0,0.09922170608954661,675
2014,Davenport,pitching,Fantasy,WHIP,0.1931854446835545,0.14680877137033577,0.02113760140714112,0.10749073297538159,0.19202586919584247,0.14630859629934506,0.0003414616864132083,0.11817296459976478,0.16812293693090508,0.12673938311037258,5.727224479370085e-18,0.13295601637111698,345
2014,Marcel,pitching,Standard,WHIP,0.8041264850607293,0.3530452406058827,-0.17576536985057892,0.0,0.8030510877748476,0.35256832419617146,-0.1707779577081113,0.0,0.2618665571291188,0.1572034096545088,-1.8798674260320415e-16,0.04805095609201504,675
2014,Marcel,pitching,Fantasy,WHIP,0.20025396461161096,0.15115114369961466,0.019464553840730047,0.040983286080539916,0.19930645718227472,0.14960270042808888,-0.000531402013775718,0.050037046898034454,0.1754752765834469,0.12943613619817151,-9.163559166992136e-17,0.05546280624299238,345
2014,Steamer,pitching,Standard,WHIP,0.7929013955632386,0.3483378935445022,-0.13845913486957254,0.0,0.7982935823081081,0.3495472410553833,-0.16658617138589715,0.0,0.2568086645878138,0.1541943061024017,-5.936423450627499e-17,0.08446917689371158,675
2014,Steamer,pitching,Fantasy,WHIP,0.19375692702518726,0.15066071908868145,0.04624909727133879,0.1022024701041262,0.18830619703853055,0.14365786292549942,-0.007513725526255569,0.15200526567917516,0.16490160571744167,0.12425441236644225,6.299946927307093e-17,0.16586381372110937,345
2014,ZiPS,pitching,Standard,WHIP,0.7803137851171175,0.35109407510994467,-0.10710810264408342,0.029820692763106837,0.7854009473368704,0.35053290932615505,-0.13941732491288847,0.017129522413263043,0.26657661448669545,0.16181806130335125,4.947019542189583e-17,0.013498564620400333,675
2014,ZiPS,pitching,Fantasy,WHIP,0.21895492170401265,0.16308766275919206,0.05309039087596303,0.0,0.21244477415100707,0.1578272738596181,0.0031802404035903608,0.0,0.1878581073417591,0.13775547063222202,-2.8636122396850425e-17,0.0,345
2014,Davenport,pitching,Standard,wOBA,0.23148634042262559,0.21294126193551804,-0.21138803918157606,0.0,0.09490966079394052,0.05985435137039901,-0.01033542542872282,0.0,0.051519044954571255,0.03389584801889456,0.0,0.0,675
2014,Marcel,pitching,Standard,wOBA,0.08866717359507856,0.05336051081777498,-0.016566191886116386,0.0,0.0892768598448432,0.05354010061960109,-0.01956856520094422,0.0,0.04048680682918809,0.027814417455118815,0.0,0.0580784402845852,675
2014,Steamer,pitching,Standard,wOBA,0.09185453888121091,0.05595084030288508,-0.027053662547622436,0.0,0.08928239242071002,0.05398635779622354,-0.016309198034434435,0.0,0.03996585518391475,0.02743422998921556,-2.349834282540052e-17,0.08216226840026986,675
2014,ZiPS,pitching,Standard,wOBA,0.09139642755515559,0.056484467945851026,-0.03129157539756088,0.0,0.08701295335396902,0.052925245766026294,-0.014039578782727815,0.03580561548400263,0.04045428757823473,0.0279889486367798,7.420529313284374e-18,0.05959094693258438,675
2015,Marcel,batting,Standard,1B/(BIP-HR),0.08037517169740127,0.0512200794672559,0.012367876628869725,0.0,0.0800572985160361,0.05102494909150907,0.010097880599706423,0.0024163573419025974,0.03572554542689649,0.026598129907834164,1.9136835697324017e-17,0.12939057758362837,636
2015,Steamer,batting,Standard,1B/(BIP-HR),0.07893621999167956,0.05009022463461624,0.00467694976553768,0.030159963514354016,0.07924930298409628,0.05019857671277955,0.008449796210538187,0.022451396218369113,0.034833822936470527,0.026332700280461703,1.9136835697324017e-17,0.17230962081090795,636
2015,ZiPS,batting,Standard,1B/(BIP-HR),0.08048148368628809,0.05103647422203179,0.010777565113405602,0.0,0.08036325203943878,0.050979398027974396,0.009855910499888142,0.0,0.03541356285515083,0.02637160073283228,3.57220933016715e-17,0.1445298281878179,636
2015,Marcel,batting,Standard,2B/(BIP-HR),0.05679706919054703,0.02781695228097628,0.0016427830748417254,0.015449328146518782,0.05681515832278823,0.02788328891276812,0.0021803400740922916,0.014822094958976795,0.019799595209746317,0.01430847672909106,-1.4352626772993013e-17,0.10927126376874097,636
2015,Steamer,batting,Standard,2B/(BIP-HR),0.057429154695150586,0.027427767919278985,-0.0027496753347834167,0.0,0.0573679452099937,0.02751198574861848,0.0007307825011716437,0.0,0.019613314906784293,0.01399640176048128,-1.4990521296237147e-17,0.12595288588601528,636
2015,ZiPS,batting,Standard,2B/(BIP-HR),0.05703582132470582,0.027492660198358117,-0.00013544871865959788,0.00715461738006451,0.05704939678250656,0.02756011565599379,0.0012518408123601713,0.006681934272752765,0.019787945356478966,0.014053026601914988,-1.786104665083575e-17,0.11031914441035628,636
2015,Marcel,batting,Standard,3B/(BIP-HR),0.011606609859640895,0.007325192909849509,0.00015014679171269747,0.0017433371813373455,0.011617717322371645,0.007450260448264369,0.0005296295003892773,0.0,0.007762059139460997,0.005401557627212063,1.146216721454303e-18,0.08262701852697263,636
2015,Steamer,batting,Standard,3B/(BIP-HR),0.011199728178825983,0.0066607600807844156,-0.0009450001292341065,0.07050638829631051,0.011166365930679196,0.007041392337257795,0.0003831997683934203,0.07603577419783714,0.007277387124261779,0.005093863740097773,7.275984405753402e-19,0.19361394919356434,636
2015,ZiPS,batting,Standard,3B/(BIP-HR),0.011406626110347382,0.007190657102561591,0.000720608100241264,0.03584722110585592,0.01138841963222368,0.0071192207662346945,0.0003228908987450827,0.03892259452429814,0.007778399067674699,0.005352348255646596,-8.372365617579257e-19,0.07876062536173722,636
2015,Marcel,batting,Standard,AVG,0.07687394231492771,0.04794974929347904,0.019668729391181562,0.0,0.07639444614712332,0.047645609921931516,0.017702183790437285,0.003956372388553064,0.03247505300979153,0.024119269248178095,8.930523325417875e-18,0.16295320004259806,636
2015,Marcel,batting,Fantasy,AVG,0.026621654750931232,0.02109531451550948,-0.0010723707209405824,0.1233569354218862,0.026626633836460193,0.021085520663490922,0.001189582593298146,0.12302898518568628,0.025754798785681442,0.020475136580550474,-9.112310110448828e-18,0.14557937636787643,268
2015,Steamer,batting,Standard,AVG,0.07360627587098734,0.04530834250985634,0.008583453229715486,0.0753348745928164,0.07437527493803191,0.045719900866568526,0.013692090558371946,0.05591313283282551,0.031369546771707287,0.02306278419770616,-6.378945232441339e-18,0.21897220231239656,636
2015,Steamer,batting,Fantasy,AVG,0.027113380400150516,0.021381229303813126,-0.007276955514720952,0.09067309305581395,0.026133866006822416,0.020671831004049197,0.0008931054263129437,0.15518809035862935,0.02516576867398058,0.019806574569194234,-4.3904766895798904e-17,0.18421484032004987,268
2015,ZiPS,batting,Standard,AVG,0.07364620955011812,0.0456814450147053,0.012856825326476265,0.07433128362079122,0.07383138286163947,0.045809322136341285,0.01387828777758994,0.0696704970021157,0.03128266437042551,0.023252995338064682,2.1688413790300552e-17,0.22329254525196285,636
2015,ZiPS,batting,Fantasy,AVG,0.02607829169121275,0.02078850807250004,-0.0032145395846366093,0.15877729707455857,0.02589059460443745,0.020691833796555235,0.0007608259857189971,0.17084302837393872,0.024988579478720206,0.019938235868441543,-6.627134625780966e-18,0.19566209186501615,268
2015,Marcel,batting,Standard,BABIP,0.09713050340059211,0.058560326179003024,0.014160806495424148,0.00042408474515764905,0.09694249468801612,0.058383696871663504,0.012807850174187927,0.004289957851808968,0.039165596190313325,0.028861464013766054,-5.868629613846032e-17,0.11352539802126982,636
2015,Steamer,batting,Standard,BABIP,0.09530678259963819,0.05681606946904886,0.000982274301520161,0.03760773992740474,0.09578039363830029,0.05678295860400504,0.009563778480103164,0.028019081173445204,0.0384245411502355,0.02800929917857593,-8.802944420769048e-17,0.14675413235296464,636
2015,ZiPS,batting,Standard,BABIP,0.09542268014370733,0.05680458585341565,0.011362724494987264,0.03526568798500873,0.09543079146279274,0.05681099318511434,0.011430642210993379,0.035101668269454156,0.037588913467787956,0.0277089566465641,-3.827367139464803e-18,0.18346207993241526,636
2015,Marcel,batting,Standard,BB/PA,0.040210052846581676,0.027371520627234112,0.0043380848490122146,0.14431629496535292,0.040134900166295284,0.027257580009250788,0.0035750302922951953,0.1475118555015349,0.023141595387890086,0.017395586255218524,-2.04923615592178e-17,0.47453597876912346,636
2015,Steamer,batting,Standard,BB/PA,0.03870511574216625,0.025733692669174555,-0.0031197770588224415,0.20716883198418135,0.03857968442437292,0.025818664749331276,-0.00019767287743112851,0.21229914717081255,0.02196174450257987,0.01665306148809913,-9.847496702581317e-18,0.5267506103689751,636
2015,ZiPS,batting,Standard,BB/PA,0.03932696971386323,0.02573376772927447,-0.001704299473154216,0.18148820632606733,0.03929890540387917,0.02583035257176072,0.0008354973142512271,0.1826559938600697,0.02165072630398947,0.01634598113208196,-3.029998985409636e-18,0.5400598390227526,636
2015,Marcel,batting,Standard,HBP/PA,0.013691633972270047,0.00708223035350417,0.0003699124873215756,0.09700997477107665,0.013698445238093085,0.007136233510440584,0.00056867948678695,0.0961113187048035,0.006771329855351782,0.004752124268639728,-5.182893001358588e-19,0.29191463814901,636
2015,Steamer,batting,Standard,HBP/PA,0.013562486871027282,0.006748387421583009,0.00016615282504031282,0.1139646405155107,0.013569450247368183,0.006836118030806094,0.00046533498716722045,0.11305457415450171,0.0066363639173002385,0.0045399220949326295,-5.182893001358588e-19,0.3198603988244172,636
2015,ZiPS,batting,Standard,HBP/PA,0.013323295153843036,0.006647782366723009,0.00037794178040668217,0.14494177222149174,0.013326969121784245,0.006673651906119458,0.0004906650649377775,0.14447013369409534,0.006538112131985584,0.004542440870846558,1.4751310850020596e-18,0.3398503382726652,636
2015,Marcel,batting,Standard,HR/BIP,0.032335212536455715,0.02022249011550244,0.0018692483586378653,0.1696616684765695,0.03260088828648063,0.020850287450435635,0.0045547817418727645,0.15596099961182996,0.018906438287870773,0.014130449781663371,2.711051723787569e-18,0.4626202733251741,636
2015,Marcel,batting,Fantasy,HR/BIP,0.01697423901689853,0.012828685892484138,-0.003400103053357693,0.5352205961796215,0.016631214436757052,0.012954736231573524,0.0001822202295248143,0.5538158131187118,0.016437341522532924,0.012810352349695528,1.035489785278276e-18,0.5681228135550946,268
2015,Steamer,batting,Standard,HR/BIP,0.030739346999655977,0.01813650069361016,-0.0011477814511081199,0.24959983258030816,0.030823552471349245,0.01864890547530228,0.002549771607079563,0.24548300170302528,0.017526640051347145,0.013034318064567571,-4.3855248473034205e-18,0.5381944262990255,636
2015,Steamer,batting,Fantasy,HR/BIP,0.015514645420311753,0.012009349538816994,-0.0038956929514799765,0.6117155869850014,0.01501778739322778,0.011746757211057763,7.835331774436255e-05,0.6361870519416666,0.015025297632830807,0.011726342805606364,-2.3816265061400348e-18,0.6391362372381786,268
2015,ZiPS,batting,Standard,HR/BIP,0.030771154109053827,0.01790747665209622,-0.0008973179962485695,0.24804609698610047,0.030854101447474448,0.01829199564474609,0.0024324535996182476,0.24398666905377342,0.017370869865667816,0.012582686969741899,2.2326308313544686e-18,0.5463666568851322,636
2015,ZiPS,batting,Fantasy,HR/BIP,0.015251469635467677,0.011542263180380647,-0.003408715904147095,0.6247768397652684,0.014865770191031346,0.011264938455066452,5.604860523651874e-05,0.6435151501597725,0.014816831024736885,0.01122404277460391,-5.17744892639138e-19,0.6490802896484856,268
2015,Marcel,batting,Standard,OBP,0.08409686953352816,0.051096166260502424,0.02198039791330979,0.0,0.08351629935815133,0.0507578292889257,0.0196424714730231,0.013349622657922944,0.035564406936021864,0.027074707058318753,5.358313995250725e-17,0.24349954358107673,636
2015,Steamer,batting,Standard,OBP,0.07961126787743031,0.04806925930168675,0.005798197526244932,0.10345956265482437,0.08044143740180418,0.04839869351924982,0.012903099347434535,0.0846642044409468,0.03514687434599563,0.026420410928355422,5.358313995250725e-17,0.2611581789427224,636
2015,ZiPS,batting,Standard,OBP,0.08006999042212437,0.048174122939614754,0.011135795748670452,0.09309801013383534,0.08051361022498577,0.04837147969593161,0.013972974351151947,0.08302097163575961,0.034123868726406076,0.02561981735827611,4.592840567357764e-17,0.3035425671094987,636
2015,Marcel,batting,Standard,PA,181.13182332595133,144.8569182389937,39.661949685534594,0.3356397968575977,181.13182332595133,144.8569182389937,39.661949685534594,0.3356397968575977,181.13182332595133,144.8569182389937,39.661949685534594,0.3356397968575977,636
2015,Marcel,batting,Fantasy,PA,168.47668025885594,124.31716417910448,-71.9589552238806,0.0,168.47668025885594,124.31716417910448,-71.9589552238806,0.0,168.47668025885594,124.31716417910448,-71.9589552238806,0.0,268
2015,Steamer,batting,Standard,PA,141.62021980300307,102.838836467491,-13.452987807351839,0.5938704221797924,141.62021980300307,102.838836467491,-13.452987807351839,0.5938704221797924,141.62021980300307,102.838836467491,-13.452987807351839,0.5938704221797924,636
2015,Steamer,batting,Fantasy,PA,147.2929004083919,112.12350733600445,-57.49589648887293,0.0,147.2929004083919,112.12350733600445,-57.49589648887293,0.0,147.2929004083919,112.12350733600445,-57.49589648887293,0.0,268
2015,ZiPS,batting,Standard,PA,262.23330567220785,209.7814465408805,173.8317610062893,0.0,262.23330567220785,209.7814465408805,173.8317610062893,0.0,262.23330567220785,209.7814465408805,173.8317610062893,0.0,636
2015,ZiPS,batting,Fantasy,PA,112.30543706352712,87.1455223880597,10.10820895522388,0.03789311153430219,112.30543706352712,87.1455223880597,10.10820895522388,0.03789311153430219,112.30543706352712,87.1455223880597,10.10820895522388,0.03789311153430219,268
2015,Marcel,batting,Standard,R/PA,0.12445670334487599,0.03859810762527603,-0.0019237532584378107,0.011799869109835437,0.12445062784469701,0.03863341474808702,-0.0014793884088240817,0.01189634705548559,0.025754821501415996,0.018065487696824565,1.2119995941638544e-17,0.12817715883891723,636
2015,Marcel,batting,Fantasy,R/PA,0.020464588960922524,0.016039766742450102,-0.0016591751130716217,0.14479260046691034,0.020407775565836075,0.015962208831067637,0.0006563263379295572,0.14953442963260677,0.019728987822929894,0.015352096380867535,-1.5739444736229796e-17,0.1801972469200056,268
2015,Steamer,batting,Standard,R/PA,0.12676170167110398,0.03937273132879329,-0.01232913604073805,0.0,0.12626289314121036,0.03888469682249472,-0.005079052012508516,0.0,0.026610890389500617,0.01853510751572833,6.378945232441339e-18,0.06925659687314989,636
2015,Steamer,batting,Fantasy,R/PA,0.022334206079989434,0.017657657062820412,-0.007328736836883831,0.0,0.021102674210899845,0.016353015037621998,0.00046527545845266355,0.09063049552407143,0.02049581904803375,0.015874608629953563,-2.4851754846678625e-18,0.11523014119518771,268
2015,ZiPS,batting,Standard,R/PA,0.12536569889586324,0.0390852720402892,-0.0014356858852809648,0.0,0.12540917289717507,0.03883506878025119,-0.003600469561946053,0.0,0.025983892121454563,0.01833834508153692,4.465261662708937e-18,0.11259971577597905,636
2015,ZiPS,batting,Fantasy,R/PA,0.020996472614310285,0.016457309195531372,0.0016154538986120257,0.09976047367143737,0.020941891216890877,0.016418259628318776,0.0005662479979215902,0.10443482693692141,0.020413299935168158,0.01597743956243124,-1.1597485595116691e-17,0.12234022042049786,268
2015,Marcel,batting,Standard,RBI/PA,0.05054595426301761,0.03447687554768654,0.008918651134868874,0.05943466982587553,0.05072094659124084,0.03462347177767096,0.009862214194486721,0.05291083893663995,0.0276007169348683,0.020729644530767755,-6.378945232441339e-19,0.3007751463716529,636
2015,Marcel,batting,Fantasy,RBI/PA,0.023923884230034744,0.018474768587239482,-0.0026718040917358857,0.37923077383590076,0.023782067156367923,0.0183983502361739,0.0006107525542356736,0.38656860771955825,0.023041025711642293,0.017815375852704974,1.3668465165673243e-17,0.4150161974678337,268
2015,Steamer,batting,Standard,RBI/PA,0.04822792322366943,0.03226818013676084,0.004798576843854589,0.14372495363411797,0.04858300413613708,0.03255433674693567,0.00757641420133142,0.13106978683263637,0.025826109554799352,0.019076017177987476,-3.827367139464803e-18,0.38779889599849493,636
2015,Steamer,batting,Fantasy,RBI/PA,0.02231558186129017,0.017152786036764324,-0.003943900379155449,0.45988874751399356,0.021969555017063564,0.016976523411680818,0.00048010836333319836,0.47650888370555067,0.021309786790615487,0.016408486339994057,2.070979570556552e-18,0.4996217394112522,268
2015,ZiPS,batting,Standard,RBI/PA,0.04966257021036807,0.033842145788428785,0.008264009446119751,0.09202362136718067,0.04935380405167592,0.03354823383315553,0.006141738076232206,0.10327881265746763,0.027253544943360384,0.02055055585695708,4.784208924331004e-18,0.3182547341623554,636
2015,ZiPS,batting,Fantasy,RBI/PA,0.023119924234906164,0.01792477790703239,0.001801732548199678,0.42025153426257356,0.023054092706549487,0.017888058340775927,0.00045446019585780324,0.4235483782095658,0.0226115920722077,0.017561474608421106,6.627134625780966e-18,0.4366185958715726,268
2015,Marcel,batting,Standard,SB/TOF,0.23564591598969145,0.056838042634768306,0.0012644601396288658,0.042567125555890484,0.23575409820070944,0.05349480511633358,-0.007252306891861596,0.04168783188895564,0.04972883930619351,0.030473155361064506,-5.741050709197205e-18,0.5087381210268351,636
2015,Marcel,batting,Fantasy,SB/TOF,0.04172886110524236,0.030773435382446007,0.008353832924440871,0.6006539743766666,0.04089797119049911,0.02818563708796742,0.0010642945493417057,0.6163989101687151,0.04067286884678184,0.028121098271612452,-6.212938711669656e-19,0.6171984387595777,268
2015,Steamer,batting,Standard,SB/TOF,0.22672521620388822,0.05329698891377168,0.006576565690556725,0.11368489650975644,0.22668480724172968,0.0486445781684656,-0.004992933787112061,0.11400080210189467,0.04392816100261875,0.026372548794091677,-5.103156185953071e-18,0.6166614776520902,636
2015,Steamer,batting,Fantasy,SB/TOF,0.03527029045886987,0.026602175383009914,0.011116489016069856,0.7147048587550857,0.03350573413478711,0.02362690432857807,0.0014890127274112973,0.7425371459733408,0.033469824021734686,0.02356550998533414,-4.970350969335725e-18,0.7407785440184957,268
2015,ZiPS,batting,Standard,SB/TOF,0.23131501581380345,0.054064505807164,0.008182443218075713,0.07743674609204232,0.23128047483056036,0.05068420036701687,-0.00713959900319086,0.07771224798782372,0.047852463483721956,0.028983245019556438,-1.196052231082751e-17,0.5451114340316499,636
2015,ZiPS,batting,Fantasy,SB/TOF,0.04081724607282925,0.029030535042397002,0.01532477645570691,0.6179117325099346,0.03783724172212924,0.02651799231433333,0.0006767995170886556,0.6716664654273028,0.0376043370299125,0.02639753301217426,4.556155055224414e-18,0.6727799093812254,268
2015,Marcel,batting,Standard,SLG,0.14118335127290566,0.08885882766660214,0.030850783088739932,0.04725174496457174,0.14176559583407675,0.08930951637641338,0.033414312842412565,0.039377213701132785,0.06513103758286021,0.04944464679261467,6.123787423143685e-17,0.2784652577519464,636
2015,Steamer,batting,Standard,SLG,0.13614373597784968,0.08449064357037327,0.007809231688366946,0.11405549842489071,0.13790015897565347,0.08576093801947776,0.02328778862551468,0.09104847496460133,0.06448478815649865,0.04870027820429326,-7.654734278929607e-18,0.2927127836569735,636
2015,ZiPS,batting,Standard,SLG,0.13463334430352136,0.0834189338045616,0.014446272678636428,0.13360396396294583,0.1357881565056925,0.08436745995946487,0.022825004779176608,0.11867726508059107,0.06326107669641547,0.04832776377395886,-4.592840567357764e-17,0.3193020976016714,636
2015,Marcel,batting,Standard,SO/PA,0.10274135985922798,0.05852797472847737,-0.025914067663168425,0.11761788442966448,0.10166472241579708,0.05792682318804446,-0.021247768377148733,0.13601413735517287,0.04142571177184457,0.02940161652671567,-2.1688413790300552e-17,0.5417332835664472,636
2015,Steamer,batting,Standard,SO/PA,0.09616577608553487,0.053678077042251034,-0.02643740085878296,0.22695075655001595,0.0944396614165106,0.05246896690974938,-0.01923354679979511,0.25445318268657313,0.036572204535805605,0.02661451922311874,2.0412624743812285e-17,0.6428253420260632,636
2015,ZiPS,batting,Standard,SO/PA,0.09310881473777585,0.05196530785075122,-0.01765425528787183,0.27531766640352984,0.09278042963024187,0.05179759988196864,-0.01583128138427674,0.2804204105502922,0.036771337896456306,0.026705605718943898,3.1894726162206695e-18,0.6389251655105205,636
2015,Marcel,batting,Standard,wOBA,0.08850879075209701,0.05417892614130353,0.022219974853425077,0.022775292139588177,0.08848561587562814,0.05416713216406064,0.022127481984572147,0.02328697231904131,0.03828382610503104,0.028834533790671215,6.761681946387819e-17,0.26500882269925796,636
2015,Steamer,batting,Standard,wOBA,0.08419318479124616,0.051897692702331515,0.005710980034992065,0.11574912052688924,0.08534887100132582,0.05211404315933162,0.01511795981169786,0.09130699328602754,0.03780835632974669,0.028219879177555005,1.2757890464882678e-17,0.283152044569121,636
2015,ZiPS,batting,Standard,wOBA,0.08372890384009647,0.05118660689182907,0.011087398084577973,0.12547458423115243,0.08441112591705466,0.05152341100909782,0.015415551777560203,0.1111652801210734,0.03659564415427579,0.027602798237613267,4.9755772813042444e-17,0.32840067940118145,636
2015,Marcel,pitching,Standard,1B/(BIP-HR),0.07285588000799902,0.04587453362887242,-0.0025891680759260595,0.0005086421139233188,0.072842761542622,0.045866286923269765,-0.002189166220443916,0.0008685475138364707,0.03552910344890449,0.0260750006144209,-1.5488585582860042e-17,0.02196330606686714,712
2015,Steamer,pitching,Standard,1B/(BIP-HR),0.07381568583183118,0.0467586281906704,-0.006818412617112753,0.0,0.07353281850684805,0.04666526466521159,-0.0021933247262216405,0.0,0.036442002251750136,0.026866087962584405,-2.973808431909128e-17,0.0,712
2015,ZiPS,pitching,Standard,1B/(BIP-HR),0.09348197655942626,0.07349751041305588,0.056507820636341036,0.0,0.07460375425034597,0.046913102127198424,-0.004469228105364865,0.0,0.036810454398763855,0.027091729245570177,-6.195434233144017e-18,0.0,712
2015,Marcel,pitching,Standard,2B/(BIP-HR),0.03730993154587453,0.025212948482185606,-0.003367612209573942,0.0,0.03720285107601469,0.025177599670561004,-0.0018335616216411054,0.0,0.020503102289459896,0.015050135983851444,9.912694773030428e-18,0.0,712
2015,Steamer,pitching,Standard,2B/(BIP-HR),0.03775767866526642,0.02588319827873496,-0.002538663544370262,0.0,0.03774777633320228,0.025884291024304274,-0.0023868666706513353,0.0,0.02124212955201687,0.015710910338691847,1.084200990800203e-17,0.0,712
2015,ZiPS,pitching,Standard,2B/(BIP-HR),0.07517745001049152,0.06573489449512587,-0.06308625393076922,0.0,0.04090077370256126,0.02763125882657351,0.001048682223397661,0.0,0.02226337107712127,0.015824128428791672,1.1771325042973632e-17,0.0,712
2015,Marcel,pitching,Standard,3B/(BIP-HR),0.0111581145179156,0.007669467935793216,9.015790087873261e-07,0.0,0.011177081835614873,0.007814354449478223,0.0006508760081288881,0.0,0.007347537240822909,0.005496574406012612,1.1616439187145031e-19,0.0,712
2015,Steamer,pitching,Standard,3B/(BIP-HR),0.010813340652607927,0.007247145514381409,-0.00042989061830720106,0.0011304052868734704,0.01080623711089146,0.007397953040536425,0.00017672116786948767,0.002442336808804235,0.0070654475694605975,0.005211262698581604,4.6465756748580125e-19,0.0,712
2015,ZiPS,pitching,Standard,3B/(BIP-HR),0.01288732262361276,0.007465109568156024,-0.006751395394957666,0.0,0.010991831271092043,0.007603104575839917,0.0005644555484103463,0.0,0.007048924690282628,0.005194321090172612,-7.744292791430022e-20,0.0,712
2015,Marcel,pitching,Standard,BABIP,0.0774087259866479,0.04787714871527062,-0.005955878706491209,0.0,0.07725288183944762,0.04774407483989377,-0.0033718518339561445,0.002345310529156208,0.03752776164296494,0.02628364931485224,-1.734721585280325e-17,0.021061303865847147,712
2015,Steamer,pitching,Standard,BABIP,0.07752126594273773,0.04803677765192227,-0.009786966779790211,0.0,0.07702695959645345,0.04762784601609478,-0.004403470229003471,0.00817196204979087,0.03710932731758336,0.026005032497361028,-2.478173693257607e-18,0.042769921491842555,712
2015,ZiPS,pitching,Standard,BABIP,0.07815083308126841,0.04935810004525055,-0.013329828689385847,0.0,0.07705858570205751,0.04793451512158176,-0.0028560903335568617,0.007357335639067264,0.03739274281812216,0.02649523804619398,-3.71726053988641e-18,0.02809275866860894,712
2015,Marcel,pitching,Standard,BB/BF,0.04367206083427187,0.0265598852774116,-0.010448213126342445,0.031457846735874484,0.04352024567437872,0.026482187188202375,-0.009794286272077759,0.0381799388911217,0.021943130565274662,0.01567854376388241,-5.266119098172415e-18,0.2465048168315105,712
2015,Steamer,pitching,Standard,BB/BF,0.039822423631808074,0.02488444363964091,-0.00611937480851135,0.19468362373716097,0.03986357209544161,0.02489220709508354,-0.0063816694010523775,0.1930184989614837,0.020921204194195513,0.01516418945559921,-5.5758908098296154e-18,0.3150534816798113,712
2015,ZiPS,pitching,Standard,BB/BF,0.03983469401004133,0.02521550377385689,-0.004954441203064322,0.19418726726165159,0.04005736494525688,0.02524678847836474,-0.006506621790029978,0.1851533043877056,0.02150377512995994,0.01544816887076214,-3.0977171165720085e-18,0.27637639450966867,712
2015,Marcel,pitching,Standard,BF,175.33591756615084,128.39747191011236,5.757022471910112,0.4694498403571554,175.33591756615084,128.39747191011236,5.757022471910112,0.4694498403571554,175.33591756615084,128.39747191011236,5.757022471910112,0.4694498403571554,712
2015,Marcel,pitching,Fantasy,BF,184.46488679594663,134.06413994169097,-65.27696793002916,0.33396820408126815,184.46488679594663,134.06413994169097,-65.27696793002916,0.33396820408126815,184.46488679594663,134.06413994169097,-65.27696793002916,0.33396820408126815,343
2015,Steamer,pitching,Standard,BF,169.06225401174794,117.27747596917527,-12.905550126279339,0.5067376377636359,169.06225401174794,117.27747596917527,-12.905550126279339,0.5067376377636359,169.06225401174794,117.27747596917527,-12.905550126279339,0.5067376377636359,712
2015,Steamer,pitching,Fantasy,BF,191.948727977507,138.85715444164444,-55.667506021938934,0.2788293889813287,191.948727977507,138.85715444164444,-55.667506021938934,0.2788293889813287,191.948727977507,138.85715444164444,-55.667506021938934,0.2788293889813287,343
2015,ZiPS,pitching,Standard,BF,239.48983814178374,181.4359554588125,137.1764047346758,0.010174017607001096,239.48983814178374,181.4359554588125,137.1764047346758,0.010174017607001096,239.48983814178374,181.4359554588125,137.1764047346758,0.010174017607001096,712
2015,ZiPS,pitching,Fantasy,BF,164.87093916737345,120.21282843042046,45.89446071980646,0.46794593338198,164.87093916737345,120.21282843042046,45.89446071980646,0.46794593338198,164.87093916737345,120.21282843042046,45.89446071980646,0.46794593338198,343
2015,Marcel,pitching,Standard,ER/BF,0.06788399019033711,0.03776900410254812,-0.01463526514355202,0.0,0.06693961538728085,0.0372585621519244,-0.00932024516079758,0.0058621172271123845,0.029777333320700615,0.021023001495702107,8.673607926401625e-18,0.05887257384207489,712
2015,Steamer,pitching,Standard,ER/BF,0.06755906396441211,0.036842063150180585,-0.01349874881995013,0.0,0.06700114350018105,0.03656081801402453,-0.010350957747398686,0.004033736863270576,0.0282612787902581,0.019349131886336787,-6.195434233144017e-18,0.15226435668069782,712
2015,ZiPS,pitching,Standard,ER/BF,0.06679680410123806,0.03659319569301512,-0.010959321814185964,0.010099448514100384,0.06638138680216553,0.03643757666721506,-0.008048739669441043,0.022373781101992174,0.02858020362522216,0.020203419092921643,-3.71726053988641e-18,0.13302322728486804,712
2015,Marcel,pitching,Standard,ERA,3.904883131491345,1.7959853500380147,-0.8593138139885137,0.0,3.854601231250617,1.771362775909215,-0.590134401865042,0.0,1.4590963433717075,0.930540946945804,1.5860311636848684e-16,0.06107407127561959,712
2015,Marcel,pitching,Fantasy,ERA,1.0688690133476786,0.8173397459019384,-0.08446388791429071,0.053723912966922915,1.0662551262929856,0.8202099082532949,0.039410341445218766,0.05834643340414725,0.9686982213099901,0.7434446902997801,9.58870541731199e-16,0.08207085397751601,343
2015,Steamer,pitching,Standard,ERA,3.8707165392387646,1.7547761855849577,-0.778894999780588,0.0,3.843424969314278,1.7425302540647443,-0.6294016112905498,0.0015220458190763342,1.409434762678624,0.862531390389747,3.965077909212171e-16,0.12390066246658105,712
2015,Steamer,pitching,Fantasy,ERA,0.9592192511316526,0.7346467394104979,0.02633456131918052,0.23791280590229125,0.9588644368556677,0.7339329269886697,0.0035980056756474686,0.23847649226586354,0.8642925846650045,0.6590487814088701,2.8766116251935974e-16,0.26927539867107664,343
2015,ZiPS,pitching,Standard,ERA,3.857176060505572,1.741912112576895,-0.5727298445611668,0.0,3.850218027966502,1.7402640168026724,-0.5238236115258953,0.0,1.4213150120981433,0.9019525243080404,7.930155818424342e-17,0.10906897948212757,712
2015,ZiPS,pitching,Fantasy,ERA,1.0354283477866693,0.8014309131959988,0.14256329921699826,0.11200812298249863,1.0272667856982947,0.7933934034003246,0.059071819696956365,0.1259517970988009,0.9381372902614361,0.7291385067681018,8.150399604715193e-16,0.13907572501662568,343
2015,Marcel,pitching,Standard,HBP/BF,0.012694692353832263,0.007308006164310163,-0.0005902462955166144,0.042358027910674,0.012686556051709548,0.007344147556476403,-0.0003766711882955537,0.043585181317833954,0.006264074920127179,0.00432657989142413,-1.045479526843053e-18,0.11937118001480618,712
2015,Steamer,pitching,Standard,HBP/BF,0.01278755149621752,0.0073051325572732525,-0.0007356531143990387,0.02829686801139586,0.012775130584756524,0.00735348992032538,-0.000472941533269911,0.030183636855042884,0.006213897028295748,0.00429924868555907,-2.4007307653433067e-18,0.1334230920848125,712
2015,ZiPS,pitching,Standard,HBP/BF,0.012699480366164924,0.007778649201860876,0.0009869363248481528,0.04163551079297412,0.01266313475031901,0.00759877800961024,0.0002285244919769099,0.04711329443137291,0.0064833931784602705,0.00457924109022265,4.6465756748580125e-19,0.05662638139510079,712
2015,Marcel,pitching,Standard,HLD/G,0.103069342238334,0.08325474984904803,0.02226473628490224,0.16941826593437448,0.101411841562422,0.07006180187702278,-0.012521612574872434,0.195917323701588,0.08178420677604484,0.055510710791656266,-1.2390868466288034e-17,0.29965747635847606,712
2015,Steamer,pitching,Standard,HLD/G,0.10223262068791254,0.06113131159865816,-0.007596706292301392,0.1828489280521397,0.10206780362435605,0.06234130658267631,-0.0049028308631848955,0.18548158825221328,0.08024276308874081,0.04284406901278683,0.0,0.325808372675486,712
2015,ZiPS,pitching,Standard,HLD/G,0.13449394252907546,0.07544344834432297,-0.07073235115006822,0.0,0.11602943988519997,0.08475739746254363,-0.019423589840076843,0.0,0.09758373946512396,0.07237112012532665,-8.673607926401625e-18,0.00292800528007231,712
2015,Marcel,pitching,Standard,HR/BIP,0.04064249227241771,0.022143684466949188,-0.008522724050553937,0.0,0.04001964827484405,0.022149558921437305,-0.004732535807638999,0.005808394611133028,0.017059142320442512,0.011527431858441104,5.5758908098296154e-18,0.03958932046879904,712
2015,Steamer,pitching,Standard,HR/BIP,0.04080035971735377,0.02179259410079187,-0.008709392268130077,0.0,0.040263822289148876,0.02180838169863618,-0.0056885451520456085,0.0,0.01677656203519425,0.011095266672298966,4.646575674858013e-18,0.07114370230485223,712
2015,ZiPS,pitching,Standard,HR/BIP,0.04049383599099429,0.02223726934380899,-0.007351467850530282,0.0,0.04004815968416788,0.022207713784046016,-0.004260096287696477,0.004391295645736815,0.01754967564073407,0.0119225817589528,4.336803963200812e-18,0.0,712
2015,Marcel,pitching,Standard,L/G,0.17645096426747697,0.12294317005625915,-0.002575599783374551,0.15674758773434416,0.18305694609605208,0.14056762411709156,0.04880098807744166,0.0924262089031549,0.13621277717424485,0.10569727680548564,2.973808431909128e-17,0.2874200298374403,712
2015,Steamer,pitching,Standard,L/G,0.16246435005041499,0.09833638785711768,0.0049813503225753725,0.28513229932320183,0.16239273486195202,0.09743098105311336,-0.0012446484148945594,0.285762395728832,0.12306703121954839,0.08443008542969095,9.912694773030428e-18,0.4183237073937034,712
2015,ZiPS,pitching,Standard,L/G,0.1690799243576572,0.11546251372114665,0.03418144345409654,0.2257279006126397,0.16720436669394387,0.11286051822184694,0.02318729172062491,0.2428102075725419,0.12581170064637665,0.09276705114571486,2.4781736932576068e-17,0.3920890289611282,712
2015,Marcel,pitching,Standard,R/BF,0.06943231473117749,0.03942297166463635,-0.015131184028389907,0.0,0.06850503403108181,0.03894138430339899,-0.010052168361671655,0.0068773110630788725,0.03085715549644983,0.021752280574405983,4.956347386515214e-18,0.06899322061969737,712
2015,Steamer,pitching,Standard,R/BF,0.06902499707207195,0.03815373198608044,-0.013711973668675331,0.0,0.0685601172990441,0.03797930416486335,-0.011138118564173655,0.005279576320258883,0.029505610282247813,0.019858226739298178,7.43452107977282e-18,0.14876343790704327,712
2015,ZiPS,pitching,Standard,R/BF,0.06854509206981549,0.03829180125324064,-0.012724374495135055,0.00571552261805397,0.06789225741880871,0.037953968340855654,-0.008534557800773756,0.02456478686393393,0.029877952475714734,0.0207342592781625,-2.478173693257607e-18,0.12714374264748318,712
2015,Marcel,pitching,Standard,SO/BF,0.06645137453065643,0.04609676750680145,0.004836824482119418,0.18186778158410855,0.0664345648122347,0.04606956908082542,0.004600119112399968,0.18228164308438943,0.04301998025030733,0.03308560652768657,9.912694773030428e-18,0.38693584868308406,712
2015,Marcel,pitching,Fantasy,SO/BF,0.04395098435771847,0.034778619450538284,-0.0031664544936257847,0.4219839507135089,0.04388815225667909,0.034809832918473435,-0.002123044171286715,0.42363542693663114,0.03937899556395342,0.030941482397769008,-2.996470442909997e-17,0.45313687334919495,343
2015,Steamer,pitching,Standard,SO/BF,0.06245586018235729,0.0418539151276967,0.002837014913920321,0.2772935234893942,0.06259955167001734,0.04206423299794397,0.005100789330173683,0.2739642529297355,0.03758474828302172,0.028589692206873005,-3.7172605398864105e-17,0.5320614766018965,712
2015,Steamer,pitching,Fantasy,SO/BF,0.03693613352854234,0.029318829265413543,-0.004652512997573759,0.5917694069951664,0.03664704337383716,0.029274024073283063,-0.0006113143202848715,0.5981346431436225,0.03299552931612682,0.025939035496132707,1.7229705046732486e-17,0.6160633494801432,343
2015,ZiPS,pitching,Standard,SO/BF,0.06371005679961655,0.04274337736504749,-0.0039125798322436735,0.24797627338204764,0.06369239587272586,0.04290582913371536,0.0036136180679950023,0.24839314933111678,0.0397607065275937,0.030383741055970595,-4.956347386515214e-18,0.47631070748580584,712
2015,ZiPS,pitching,Fantasy,SO/BF,0.04037127725212152,0.03157212026692972,-0.00960075197104403,0.5123057176021957,0.03922875540088789,0.031189349525374013,-0.0011089011428129934,0.539518969737114,0.03556468618364281,0.027992708039118016,1.5731469825277487e-17,0.5539461069547124,343
2015,Marcel,pitching,Standard,SV/G,0.09427787902531161,0.05649692040644861,0.02145848625585034,0.35252785959606425,0.09185368170641044,0.043118412060374624,0.003040888341222822,0.385397084614888,0.08222422372536957,0.03512386567306717,4.956347386515214e-18,0.41198850846318313,712
2015,Marcel,pitching,Fantasy,SV/G,0.10773300576312184,0.060299878446780045,0.006443486588588832,0.42031635207906215,0.10791818647189909,0.050669658760724656,-0.009025129364394695,0.41832181965198956,0.08436310373806201,0.03684970298867868,-2.9964704429099976e-18,0.4231215587022571,343
2015,Steamer,pitching,Standard,SV/G,0.08022733665661956,0.025436765426156936,-0.006788380992597701,0.5311367118656154,0.07993972910197351,0.03019701471165299,0.0001298398359592761,0.5344923489707198,0.07033568836324955,0.025409456005547577,-9.293151349716025e-19,0.5697333017281361,712
2015,Steamer,pitching,Fantasy,SV/G,0.09313286208794382,0.033452953851791464,-0.011088426303502,0.56678908033906,0.09253130107213284,0.03787704957464333,-0.0033563187122089017,0.5723673726009658,0.07145451800623066,0.02610853720030916,1.4982352214549988e-18,0.586154155334091,343
2015,ZiPS,pitching,Standard,SV/G,0.12193613428411033,0.035405235953478754,-0.031646139250317576,0.0,0.1177920631781315,0.05360898493376304,-0.002833272499923815,0.0,0.10731446947607212,0.04872540396028146,0.0,0.0,712
2015,ZiPS,pitching,Fantasy,SV/G,0.15053144281907638,0.05188841234114847,-0.051431310963206474,0.0,0.14292106671656346,0.06698474517210543,-0.02029521573183109,0.0,0.11100356488044162,0.051804336591010476,0.0,0.0012585750220333036,343
2015,Marcel,pitching,Standard,W/G,0.15200290522095905,0.11503952905137103,0.02419758516892618,0.19022317552111312,0.166190520620254,0.1363755788921385,0.0714137877193658,0.032002885794056635,0.14055120523066397,0.11281324775398045,-2.7259910625833677e-17,0.35135935944748664,712
2015,Marcel,pitching,Fantasy,W/G,0.13012014927735568,0.09547592137536347,-0.03323132551604638,0.3755304715991634,0.13035802450432724,0.10843446270833608,0.03415087554167362,0.37324517433472915,0.1305426674669726,0.10569175671961667,1.7978822657459984e-17,0.36215527849441576,343
2015,Steamer,pitching,Standard,W/G,0.13507840311932748,0.08674239174832839,0.01839262016316017,0.3605105242643545,0.13579353439010267,0.08774437760072187,0.023065070330583186,0.353721437654126,0.11431715930500393,0.0794100695019461,-2.7259910625833677e-17,0.5709006508012561,712
2015,Steamer,pitching,Fantasy,W/G,0.10191441501177835,0.06901804407623623,-0.003894001508848744,0.616916560854345,0.10210102616907091,0.06944483171820474,0.007296218564107261,0.6155123808292768,0.10529468530262408,0.0760029815173102,2.8466469207644975e-17,0.585024074325577,343
2015,ZiPS,pitching,Standard,W/G,0.1427876203293981,0.10305954971766881,0.0506808329632648,0.2854334579233406,0.13674465187767346,0.09665370598508571,0.029653703439268972,0.3446364760927191,0.12075493482797589,0.08898801915839027,-4.832438701852333e-17,0.5212103170948594,712
2015,ZiPS,pitching,Fantasy,W/G,0.11306314263054973,0.08125145701396422,0.019941267282190967,0.5285189402339491,0.11155696958072764,0.07969366222957246,0.007703076097192554,0.5409969596774254,0.1157774916139785,0.08605976335419982,1.4982352214549988e-18,0.4982836285386135,343
2015,Marcel,pitching,Standard,WHIP,0.548905369161545,0.2888452000037775,-0.14353805688745472,0.0,0.540958873746373,0.2832782560804925,-0.10928207797072,0.0012139576474766711,0.2303624775786552,0.15407421503605914,1.4869042159545642e-16,0.14499571397264455,712
2015,Marcel,pitching,Fantasy,WHIP,0.17168114725384317,0.13492217614988636,-0.0034397715743903854,0.19359159068749643,0.1716533838755069,0.13483399977211719,0.0015165427789329406,0.1938523859097313,0.157278115509628,0.12274735404858998,3.356046896059197e-16,0.22796043256097342,343
2015,Steamer,pitching,Standard,WHIP,0.539068498573995,0.2841791125829265,-0.1257966561669506,0.0081822559410335,0.5344897237453156,0.2818075521672915,-0.10444719880067926,0.0249594317414904,0.22664921652523587,0.14955402003148643,-4.9563473865152135e-17,0.17233754567621618,712
2015,Steamer,pitching,Fantasy,WHIP,0.1672443230455668,0.1315694662776723,0.010801084003587941,0.23473367251481547,0.16690075707295376,0.1312247249247699,0.001364747671836613,0.23787457931236244,0.15126957452106496,0.11716971907919353,3.595764531491997e-17,0.28582254602253676,343
2015,ZiPS,pitching,Standard,WHIP,0.5346731989913908,0.2787211085032369,-0.08959888192071917,0.024289908997878973,0.5349304939020324,0.2788350344661678,-0.09112169460687068,0.02335062255142173,0.22866802070678488,0.15332094425463452,1.5860311636848684e-16,0.15752761253785896,712
2015,ZiPS,pitching,Fantasy,WHIP,0.179313960724784,0.13993100062459643,0.03508378122855551,0.1202930130489065,0.1760205991687868,0.13743845635247284,0.007786303758682405,0.15231045974022406,0.16153772263917673,0.12530889713957546,4.794352708655996e-17,0.18557541197108374,343
2015,Marcel,pitching,Standard,wOBA,0.08410891484088967,0.04851276772320882,-0.021295679164046153,0.0,0.08251798981801042,0.04713515715516011,-0.013726435770119975,0.029064562741844213,0.03807614168261265,0.027285390710777877,1.486904215954564e-17,0.16716280574324283,712
2015,Steamer,pitching,Standard,wOBA,0.0841535988131764,0.04810569534236076,-0.02158176615987009,0.0,0.08270514714720323,0.04701835027038236,-0.014969495716650216,0.02465525130083379,0.03690108645200915,0.026025987581722924,-4.4607126478636923e-17,0.21777345455398622,712
2015,ZiPS,pitching,Standard,wOBA,0.08912533439135094,0.05521272414869278,-0.037481977064979695,0.0,0.08150723871026093,0.046529409573604595,-0.010247113569244803,0.052704588760330795,0.03766606106089215,0.026900637779374865,1.3629955312916838e-17,0.18500554062368435,712
2016,Davenport,batting,Standard,1B/(BIP-HR),0.08249432435627416,0.05132661103178271,0.010598382502721418,0.0,0.08222574522599288,0.05111271708712015,0.00825138404425075,0.0,0.037103358993080995,0.027366718362060703,-3.171711798951457e-17,0.0,633
2016,Marcel,batting,Standard,1B/(BIP-HR),0.08221876491902849,0.05039252899924953,0.013752018539435298,0.0,0.08183809239227219,0.04997069398681959,0.011254602414327287,0.0,0.03577234501165328,0.02619276408353827,-3.2985802709095156e-17,0.06406517693641178,633
2016,Steamer,batting,Standard,1B/(BIP-HR),0.08139875282676597,0.0487443776205891,0.012769271895606957,0.0,0.08137282675800622,0.04872511868018247,0.012602947178318707,0.0,0.033805112297144654,0.024501958048560736,5.074738878322331e-18,0.16417462715283648,633
2016,ZiPS,batting,Standard,1B/(BIP-HR),0.08098768354114126,0.04956066944574393,0.011818901741508219,0.008979763981749378,0.08099245608800976,0.04956567409042144,0.011851560917599546,0.008862960298130496,0.03500493854179503,0.025825876055979653,-3.0448433269933987e-17,0.10379074639527863,633
2016,Davenport,batting,Standard,2B/(BIP-HR),0.04915156346967269,0.028573735842252094,-9.491616598431521e-05,0.0,0.0491613318620639,0.02864655499823096,0.0009845648872884676,0.0,0.02272083693932332,0.016718401004429877,2.8545406190563114e-18,0.0,633
2016,Marcel,batting,Standard,2B/(BIP-HR),0.04770053167707777,0.02751937807019031,0.0017319270281966402,1.019067019814024e-05,0.0477339273909479,0.027599521697891028,0.002487302377955585,0.0,0.020950079513306175,0.015653269418056687,6.977765957693206e-18,0.017787327533978048,633
2016,Steamer,batting,Standard,2B/(BIP-HR),0.04789445464113809,0.02684573408534372,-0.0013596669405824104,0.0,0.04789458890863775,0.026937970420274873,0.0013643883408638465,0.0,0.020088792484049506,0.014842663672128626,1.554138781486214e-17,0.09688751338958534,633
2016,ZiPS,batting,Standard,2B/(BIP-HR),0.048258056495327065,0.027306326724424897,-0.00043536033360015746,0.0,0.048278936594049256,0.02742796892411028,0.0014850052411093787,0.0,0.02097587565154157,0.015660466521825143,6.977765957693206e-18,0.015367012809253788,633
2016,Davenport,batting,Standard,3B/(BIP-HR),0.01552790698558797,0.007039582910900943,-0.0002814642781119907,0.0,0.015542544587794515,0.007014613126528244,-0.0007307660708886161,0.0,0.007653871917248254,0.005070826412632966,7.731047509944177e-19,0.07971510377069746,633
2016,Marcel,batting,Standard,3B/(BIP-HR),0.01531574441303945,0.007657283002824236,0.0003096519499318978,0.004229029834203479,0.015312685551409811,0.0075746916352543115,4.68636415815823e-05,0.004626741021354297,0.007662949233363692,0.005091652921734468,-7.929279497378643e-20,0.07753093589650084,633
2016,Steamer,batting,Standard,3B/(BIP-HR),0.015095809429146467,0.007009851199100824,-0.0006737114792463135,0.03262234915908413,0.015080773470543513,0.0072483153413779085,1.2381680414198966e-05,0.03454847395404115,0.0072105489791481694,0.004859144039247404,4.1628717361237874e-19,0.18323602087809443,633
2016,ZiPS,batting,Standard,3B/(BIP-HR),0.015294513469348589,0.007655119918562307,0.001065227008861078,0.006987825451581164,0.015257383174816303,0.007394134163938629,1.7540224893667055e-05,0.011803418855384051,0.007486720362361114,0.005053246201810392,-1.9823198743446607e-19,0.11947206654905196,633
2016,Davenport,batting,Standard,AVG,0.07354107513318332,0.04597559783115505,0.01292842522999566,0.05203590525973023,0.07387282990050333,0.046111261619269595,0.014698620503019072,0.043463798681183,0.03232491579128758,0.023920376871390134,-5.0747388783223315e-17,0.20321461200683577,633
2016,Davenport,batting,Fantasy,AVG,0.027081978151129834,0.021570059223032033,-0.0046327167144293675,0.10979151905802664,0.02668719058736251,0.021101903640569544,0.0004844223612611902,0.1355563766629897,0.02550351946119782,0.020053224678354603,-4.11003433456791e-17,0.19789997780717006,268
2016,Marcel,batting,Standard,AVG,0.07642482842542159,0.047576357496211946,0.021113970006733696,0.0,0.07594071563188733,0.04728605915356924,0.019288276757483996,0.0,0.03284214124903024,0.024021833400640513,-2.7911063830772824e-17,0.1775121599368661,633
2016,Marcel,batting,Fantasy,AVG,0.026459998723034745,0.020560612752633423,-0.002071190975711489,0.15021199133265006,0.026403000569738273,0.020428064340297643,0.0011299286351217053,0.1538691478361679,0.02537298562301695,0.01952424209459753,6.576054935308655e-18,0.2060896906264702,268
2016,Steamer,batting,Standard,AVG,0.07517628512753576,0.04587315234778821,0.016660262891188084,0.009410635579578996,0.07541886698905406,0.045997213390941157,0.01772275407321259,0.0030073738362472735,0.031282315613872326,0.022845627600376964,7.612108317483497e-18,0.2537843663488931,633
2016,Steamer,batting,Fantasy,AVG,0.025171914508329857,0.02015721713080824,-0.004461652236825193,0.23093427447624093,0.024796264043172568,0.019701045627772234,0.0010657256525170742,0.2537171433398887,0.023848514203858244,0.01878079057376403,6.576054935308655e-18,0.29862392251918624,268
2016,ZiPS,batting,Standard,AVG,0.07371375297534152,0.04561825866591031,0.01434096650007712,0.04757895184481753,0.07410862939759667,0.045806793141544434,0.016249150551244006,0.03734759247655606,0.03163449415654095,0.023024547423291533,1.776158607412816e-17,0.23688789010301647,633
2016,ZiPS,batting,Fantasy,AVG,0.025874732963881625,0.02035796273098778,-0.004985890699845183,0.1873889688836856,0.025400452307048325,0.01980794151084793,0.0007350357278777986,0.2169060637854412,0.024396819859953407,0.01887002149677573,1.315210987061731e-17,0.2660022413639892,268
2016,Davenport,batting,Standard,BABIP,0.09596331278371807,0.05698006391541287,0.010222002058625113,0.003179231948517214,0.09579564817794324,0.05682457610622673,0.00850518286065061,0.006659427708748389,0.039830026044066366,0.028687487105687425,-2.5373694391611658e-17,0.06355014926078595,633
2016,Marcel,batting,Standard,BABIP,0.0967259255004489,0.05779821391854339,0.015793597517563835,0.0,0.09641886265816627,0.05749724642502533,0.013788768433864458,0.0,0.039733782595056666,0.028806958390085197,-1.5224216634966993e-17,0.0680702705274463,633
2016,Steamer,batting,Standard,BABIP,0.0961659494217087,0.05619361332277477,0.010735893475778238,0.0,0.09658189743650762,0.05644416654836489,0.013979717199596719,0.0,0.03755081412170635,0.02724427703719045,-1.0149477756644663e-17,0.16765752344748364,633
2016,ZiPS,batting,Standard,BABIP,0.09572146479870888,0.05662538851585607,0.012448768416769132,0.008197301914107502,0.09584340950436127,0.05674558743977149,0.013354106383602588,0.005668671004548487,0.03862482172067476,0.028073354855063334,-2.4105009672031073e-17,0.11936423419890618,633
2016,Davenport,batting,Standard,BB/PA,0.05173910040878434,0.02779485583465819,0.0004710432297383635,0.12290722489277417,0.05190407250033468,0.027928921535629297,0.0041617439534421185,0.11730502027271095,0.022463943041972387,0.016978442399113877,8.12751148481311e-18,0.48397439005843523,633
2016,Marcel,batting,Standard,BB/PA,0.05263756877471182,0.029263611575467197,0.0013214276091175821,0.09218065994479596,0.05288739758655606,0.02958895770444146,0.00530182495864196,0.08354281245553907,0.023377583361160702,0.017817068074638794,-5.2333244682699044e-18,0.44114581708021794,633
2016,Steamer,batting,Standard,BB/PA,0.05151564456914486,0.02731779794723992,-0.005071567762852256,0.1304670111052607,0.05128736368686157,0.027087104590714096,0.0015009457509000499,0.1381562464331556,0.021773584398993254,0.01646676422440165,-6.819180367745633e-18,0.5152038798263319,633
2016,ZiPS,batting,Standard,BB/PA,0.05163235605659867,0.027798830593819483,-0.005163060017914463,0.12652259970631974,0.05141911708622596,0.027513061647463963,0.0021639313113451337,0.13372253458325867,0.022192150961932167,0.0168786013355798,-4.113313739265171e-18,0.4963856767606414,633
2016,Davenport,batting,Standard,HBP/PA,0.01625460977467283,0.009003993545035137,-0.008944783744423089,0.0,0.013573474200335205,0.00814472699939569,0.00018978718284308878,0.008284335971561085,0.008382172677517494,0.005645304289671826,-5.500937651306434e-19,0.0,633
2016,Marcel,batting,Standard,HBP/PA,0.01305154027998702,0.007440578494384615,-4.5708175413972685e-05,0.08308586999670464,0.01305332962871561,0.0074956305041892855,0.00022090711414711386,0.08283443735886953,0.006688580275640619,0.004571610447074741,7.830163503661409e-19,0.36248178635044603,633
2016,Steamer,batting,Standard,HBP/PA,0.01299613530996259,0.007093019421406871,-0.0004450891701537011,0.09085411345380623,0.012988515121116732,0.0071914957240190765,9.819674626765362e-06,0.09191994296815675,0.006634048881534081,0.0044091008323564615,-3.766407761254855e-19,0.3728346679969594,633
2016,ZiPS,batting,Standard,HBP/PA,0.013150173123130573,0.007081948511868099,-0.00045850047934237913,0.06917493332969815,0.01314263183919473,0.007151440366847535,-0.0001092757148984677,0.07024223537546881,0.00647225463431642,0.004443198500683993,-1.932761877486044e-18,0.4030528272855197,633
2016,Davenport,batting,Standard,HR/BIP,0.03093224591728539,0.01987697151171563,-0.001371787353486449,0.2743126824627776,0.03131929428241094,0.020822281343143352,0.0050966810184692865,0.2560383314275191,0.018725914401662505,0.014452033499630111,6.898473162719419e-18,0.5122604768745546,633
2016,Davenport,batting,Fantasy,HR/BIP,0.018342255914171428,0.014411309171238377,-0.006981982237920479,0.4772790233326635,0.016965062690916022,0.013575327227553146,0.0003508219725034122,0.5528272100745857,0.016642874728789486,0.013393982007692767,-1.541262875462966e-18,0.5591003992422028,268
2016,Marcel,batting,Standard,HR/BIP,0.033005069906906014,0.022571626666561075,0.00048600059020572224,0.17379477223000905,0.0338347314173463,0.02382478533686359,0.007462613958787389,0.13173540661897842,0.020051927019204583,0.015506579263270948,5.867666828060196e-18,0.44073954432794993,633
2016,Marcel,batting,Fantasy,HR/BIP,0.01900784183582395,0.014863574560025867,-0.008235459881815455,0.43865475179648794,0.01714997618897566,0.013923082596282946,0.000804009634099427,0.5430260176317316,0.01667983229456296,0.013623975889067011,3.699030901111118e-18,0.5571400806887112,268
2016,Steamer,batting,Standard,HR/BIP,0.030609850429135096,0.01956668422288031,-0.003915485609630277,0.28936099719629305,0.030689879282364024,0.020382702185128134,0.00449853027457597,0.2856402361648739,0.01816038283675644,0.013818950641871748,-1.3479775145543694e-18,0.541275558262821,633
2016,Steamer,batting,Fantasy,HR/BIP,0.01831548292309528,0.01416708352061179,-0.008585116661903813,0.478803872888692,0.01618428181042276,0.012845773123525424,0.00042224532144786314,0.5930404019923623,0.015830218944402036,0.012614243084003567,-2.543083744513894e-18,0.6011065912661915,268
2016,ZiPS,batting,Standard,HR/BIP,0.03069071793562796,0.01982675170048908,-0.002855936445501987,0.285601193435004,0.030928007364213243,0.020545381107527686,0.004772614073785929,0.274511546358995,0.01844917396434912,0.013983004923266753,5.867666828060196e-18,0.526570044586498,633
2016,ZiPS,batting,Fantasy,HR/BIP,0.01833496749939345,0.014287505813977188,-0.007974116035098148,0.477694353964082,0.01651436124160735,0.012927431317516017,0.00037365834086537913,0.576271191188636,0.016234130244984168,0.012711612367295917,-7.192560085493841e-18,0.5804912062340286,268
2016,Davenport,batting,Standard,OBP,0.08166612021347304,0.04939909236639114,0.0064432078092352485,0.07312499362473324,0.0829819443225129,0.049638202841711845,0.016067445960580976,0.04301630825720981,0.03492118206496176,0.025481503834431925,9.642003868812429e-17,0.23951819428552057,633
2016,Marcel,batting,Standard,OBP,0.08436775437425817,0.050411933568441626,0.019895536715402395,0.010785888183061587,0.0847261718899383,0.050632826040041,0.02136442384343973,0.002363125629952556,0.03505218972027748,0.025517429426319946,2.5373694391611658e-17,0.23380155970702332,633
2016,Steamer,batting,Standard,OBP,0.08272985262186533,0.04893006286677106,0.010514558780731527,0.048821937516904224,0.08375928473001504,0.049348721563738235,0.016791224196038606,0.025003079427360797,0.03411266027753027,0.02477923725492172,7.104634429651264e-17,0.2743250449617599,633
2016,ZiPS,batting,Standard,OBP,0.0814748913812886,0.04879516834844079,0.00844829524069935,0.07746063994857011,0.08259237447661191,0.049095697445571865,0.01595982733509804,0.051980592824500405,0.03428574233075906,0.025146532200469984,6.597160541819031e-17,0.2669424514955875,633
2016,Davenport,batting,Standard,PA,138.77399147978667,102.27458721264314,-17.4467831052182,0.623111470054869,138.77399147978667,102.27458721264314,-17.4467831052182,0.623111470054869,138.77399147978667,102.27458721264314,-17.4467831052182,0.623111470054869,633
2016,Davenport,batting,Fantasy,PA,144.0693530348279,111.66062077597037,-62.2576357013435,0.0,144.0693530348279,111.66062077597037,-62.2576357013435,0.0,144.0693530348279,111.66062077597037,-62.2576357013435,0.0,268
2016,Marcel,batting,Standard,PA,169.7813294859659,137.05845181674565,37.90205371248025,0.4358733446354628,169.7813294859659,137.05845181674565,37.90205371248025,0.4358733446354628,169.7813294859659,137.05845181674565,37.90205371248025,0.4358733446354628,633
2016,Marcel,batting,Fantasy,PA,145.14445969138634,112.66044776119404,-58.690298507462686,0.0,145.14445969138634,112.66044776119404,-58.690298507462686,0.0,145.14445969138634,112.66044776119404,-58.690298507462686,0.0,268
2016,Steamer,batting,Standard,PA,138.5847714382454,99.73349083694048,-17.762559728034866,0.6241385536342455,138.5847714382454,99.73349083694048,-17.762559728034866,0.6241385536342455,138.5847714382454,99.73349083694048,-17.762559728034866,0.6241385536342455,633
2016,Steamer,batting,Fantasy,PA,144.89871723709618,109.13843210419613,-54.430224788722704,0.0,144.89871723709618,109.13843210419613,-54.430224788722704,0.0,144.89871723709618,109.13843210419613,-54.430224788722704,0.0,268
2016,ZiPS,batting,Standard,PA,258.9951996236997,206.99684044233808,160.0616113744076,0.0,258.9951996236997,206.99684044233808,160.0616113744076,0.0,258.9951996236997,206.99684044233808,160.0616113744076,0.0,633
2016,ZiPS,batting,Fantasy,PA,110.57250947114417,88.40671641791045,-7.712686567164179,0.20939645195797862,110.57250947114417,88.40671641791045,-7.712686567164179,0.20939645195797862,110.57250947114417,88.40671641791045,-7.712686567164179,0.20939645195797862,268
2016,Davenport,batting,Standard,R/PA,0.1474891685257438,0.04246765737047707,-0.010011048211911252,0.006603715841619673,0.14731095680538983,0.04263343956277426,-0.0069053782521577185,0.009002914462312828,0.027147019452196986,0.018571684231079733,-1.5858558994757286e-17,0.0751363959884852,633
2016,Davenport,batting,Fantasy,R/PA,0.021540014950084674,0.01709656959445042,-0.004269657957261344,0.0,0.021114966786996578,0.01660641745430004,0.0003155272382892237,0.0,0.02086279033713905,0.01646185136948358,-4.110034334567909e-18,0.013762523872947074,268
2016,Marcel,batting,Standard,R/PA,0.14703550112008623,0.041830296906094785,-0.009329680285878458,0.012705565908371796,0.1468164077078833,0.0422808020027999,-0.0047604534289549015,0.01564565243579319,0.026103437474451034,0.017734981000020352,-1.8395928433918452e-17,0.14487661226992843,633
2016,Marcel,batting,Fantasy,R/PA,0.019959517965079058,0.016006925127913487,-0.006014199970829846,0.10010714977708035,0.019064242811351644,0.015263378648924106,0.0011106745072201876,0.17902520176742853,0.018861654750691875,0.015131753364312467,8.220068669135819e-18,0.19388631059774164,268
2016,Steamer,batting,Standard,R/PA,0.1497485844683037,0.04301220564570734,-0.018746556138371857,0.0,0.14879990931125753,0.0422355402193092,-0.008258803050497985,0.0,0.026144430074171016,0.0175625396265329,0.0,0.14218874751587063,633
2016,Steamer,batting,Fantasy,R/PA,0.022480349969292976,0.018040688090630204,-0.01085795673296123,0.0,0.01969378130223064,0.015661048984516934,0.0006116466733797948,0.12390959139419289,0.01911500794579106,0.015193183461084244,-9.0420755360494e-18,0.17208513579918672,268
2016,ZiPS,batting,Standard,R/PA,0.14865162468913198,0.04212131719383543,-0.012111861611075813,0.0,0.14833143974127605,0.042341713884764536,-0.007183848876968067,0.0,0.026470193385537875,0.01772172725226309,-2.0298955513289325e-17,0.12067866787174453,633
2016,ZiPS,batting,Fantasy,R/PA,0.020432640418632738,0.016134669696442047,-0.005674080243646748,0.05693920980056122,0.019648352779491812,0.0155185078745007,0.000871871023467118,0.12794676321068132,0.01948776730707464,0.015318047834925482,1.2330103003703728e-18,0.13948016606769043,268
2016,Davenport,batting,Standard,RBI/PA,0.05348337402878461,0.03590816755811942,0.004999092192279079,0.05821891066975482,0.0538037766363064,0.0362179443677936,0.007704933846152341,0.04690126417611995,0.030858623463635354,0.023955313463186464,7.294937137588352e-18,0.16729094700853608,633
2016,Davenport,batting,Fantasy,RBI/PA,0.02826413074418188,0.02254468333096729,-0.003974246506507955,0.18037582145989384,0.027984666028334756,0.02224684734137065,0.0002740096489481009,0.196503940295487,0.02792956671770869,0.022198816620172233,2.0550171672839546e-18,0.16945987254637895,268
2016,Marcel,batting,Standard,RBI/PA,0.05329002054631321,0.035642408790298924,0.006993553776918679,0.06501606952804273,0.05417646045299716,0.036444313905734015,0.012007180011115668,0.033651834556050475,0.028696184638622696,0.021987362510996672,1.5858558994757286e-17,0.27990714148128915,633
2016,Marcel,batting,Fantasy,RBI/PA,0.026075436648542616,0.020914416500708466,-0.007414324068480683,0.30239967544219504,0.025042488447975894,0.01996673381619733,0.0014731030674392073,0.3565742183033913,0.02428064272558338,0.019282836304669867,1.4385120170987683e-17,0.3722993466304807,268
2016,Steamer,batting,Standard,RBI/PA,0.05189784194328188,0.0338424440805614,0.004678158356869071,0.11323004648010881,0.052524029590731824,0.034636711706085836,0.009341993988980508,0.09170181570314784,0.026585549665403482,0.020482003149220544,2.5373694391611657e-18,0.3819388072976875,633
2016,Steamer,batting,Fantasy,RBI/PA,0.02365575768778476,0.019084403102593458,-0.0059516125330175895,0.4258607726390674,0.02292892396864869,0.01882068659396761,0.0012499497270117366,0.46060012305936215,0.022249939869522027,0.01810020680020503,-4.932041201481491e-18,0.4729037739668287,268
2016,ZiPS,batting,Standard,RBI/PA,0.05167088096006652,0.03370870173476683,0.00460344900654549,0.12096917745485458,0.05207138256593737,0.034111722893294345,0.007920901835946815,0.10728961039750362,0.028088321671320877,0.021563573231374845,-2.5373694391611657e-18,0.31009106751004645,633
2016,ZiPS,batting,Fantasy,RBI/PA,0.025074775588631765,0.020109092047385008,-0.0043450193177589904,0.35491401820756363,0.024714281065397036,0.019886600418647794,0.0009646297895554994,0.37332920225141064,0.024328530981980193,0.01953154500151157,-8.220068669135819e-18,0.36982090048280936,268
2016,Davenport,batting,Standard,SB/TOF,0.16799660233411184,0.047843311472139924,0.0023316142089008975,0.16185814755511818,0.16798045432071926,0.04767746678433137,0.00010517988724235805,0.1620192659968389,0.047879492784544106,0.028413188480092073,-1.5858558994757286e-17,0.5968533183861711,633
2016,Davenport,batting,Fantasy,SB/TOF,0.04045737858905405,0.02576066541532916,0.00052852196486687,0.7144833007260577,0.040453951696904154,0.025712094719209887,-4.539895100348764e-05,0.7145316673543943,0.03944432736640114,0.025709638026994382,8.836573819321005e-18,0.704684800788635,268
2016,Marcel,batting,Standard,SB/TOF,0.17813774998201,0.0536056091516508,0.0018356503241124882,0.05761480227883753,0.1781626544897387,0.05125244752998259,-0.0034990139024195827,0.057351283961959654,0.05306897179963793,0.031482718971886474,-6.66059477779806e-18,0.5047262004276399,633
2016,Marcel,batting,Fantasy,SB/TOF,0.04652930789035976,0.030507679845566637,0.004326041471334301,0.622350233548778,0.04633980089442421,0.028643553207382322,-0.0010560724362886549,0.6254201924426691,0.0441415461578184,0.028226997955669582,-1.1713597853518542e-17,0.6301617945860698,268
2016,Steamer,batting,Standard,SB/TOF,0.16947463571952537,0.05305420761150092,0.010611597570009075,0.14704533458045677,0.1691450526287384,0.048683558625270094,0.0010013388540768458,0.15035964863662687,0.04835579633456652,0.028689793132613033,-2.0893651475592724e-17,0.5887924434868959,633
2016,Steamer,batting,Fantasy,SB/TOF,0.042441071484661266,0.028863307914636992,0.007619013511843027,0.6857981666594646,0.041753687950747,0.02647788828912454,0.0004186593076408095,0.6958934896931136,0.04038208954558388,0.025986311805546117,-3.493529184382723e-18,0.6904760453306524,268
2016,ZiPS,batting,Standard,SB/TOF,0.16982159046541415,0.050733035334179145,0.00966777167998355,0.14354935898283516,0.16955959346843483,0.04780983801775268,-0.0021328286931530456,0.14618994673564,0.04809278200480553,0.029616880084830693,-1.4272703095281556e-17,0.5932535156501733,633
2016,ZiPS,batting,Fantasy,SB/TOF,0.04220848289787395,0.02973266898273518,0.011262779575688974,0.6892325527093832,0.0406784179697216,0.027478526265359127,-0.00016692438350509573,0.7113549301346762,0.0396536244344535,0.027213135254161712,4.315536051296305e-18,0.7015425194013045,268
2016,Davenport,batting,Standard,SLG,0.13400126223859343,0.08644071224435575,0.013309288192770292,0.09729142250793832,0.13647247878620272,0.08781139494819783,0.029078107516007385,0.0636893780604827,0.06454396761041642,0.04897868678865099,-2.5373694391611657e-18,0.2940705670290471,633
2016,Marcel,batting,Standard,SLG,0.13874692598280974,0.09054308538972135,0.030519518105121414,0.03222025066458267,0.1413969017237427,0.0923967248169648,0.04091228828559094,0.0,0.06668845525444937,0.05049844102197522,-2.5373694391611657e-18,0.24638195661336837,633
2016,Steamer,batting,Standard,SLG,0.1342605186813999,0.08593965478568313,0.012793303766447259,0.09379504633531022,0.13734655812070984,0.08756087105482202,0.03165215272722525,0.05165719912949063,0.06326913244498851,0.04728669362359259,3.806054158741749e-17,0.32168139154852515,633
2016,ZiPS,batting,Standard,SLG,0.1342900242236289,0.08590124693284398,0.01326885980685847,0.09339670128473332,0.13700270456830735,0.08688284510690662,0.030199223394354584,0.05639969655091093,0.06399784255964196,0.04726065974317859,-2.0298955513289325e-17,0.3059661705870529,633
2016,Davenport,batting,Standard,SO/PA,0.09042142560814145,0.054874182609099924,-0.02805799608805374,0.20517795327423727,0.08853123335651926,0.053751909148526476,-0.021189530789874733,0.2380609462282537,0.03980495090257199,0.029877424030099485,-2.4105009672031073e-17,0.5970739547034631,633
2016,Marcel,batting,Standard,SO/PA,0.09522479409642218,0.05665197893901923,-0.027769167269422114,0.11848990605530862,0.09310995116841923,0.05577083033184342,-0.01930876087988451,0.1572099437505904,0.04184776377463808,0.030499859403872145,-3.806054158741748e-18,0.5546559369050976,633
2016,Steamer,batting,Standard,SO/PA,0.09062704124217955,0.054747267033791555,-0.03150159020579726,0.20155903988045587,0.0869217465370192,0.051960717200919236,-0.018288783508699526,0.26551303396917125,0.038163625357893236,0.02863926930390823,0.0,0.6296175468649324,633
2016,ZiPS,batting,Standard,SO/PA,0.08615944228433706,0.05177438550543174,-0.0215250658958692,0.27833945280222194,0.0847513264054374,0.05079137843457627,-0.014922007055168328,0.30173509810735843,0.03815588460956137,0.027974501182997415,-1.903027079370874e-18,0.6297677813653513,633
2016,Davenport,batting,Standard,wOBA,0.08329187873153812,0.05208755079073904,0.009266065584356355,0.0898046856597039,0.08474566407876667,0.05237061714979712,0.018170043724094486,0.05775410598295316,0.036491033590673336,0.026643882467391414,7.104634429651264e-17,0.2826366848687657,633
2016,Marcel,batting,Standard,wOBA,0.08625358489211774,0.05390891779712431,0.019893267762763758,0.02392410442316728,0.08752588727402785,0.05463444369157525,0.024836306864046545,0.0,0.03744261799058301,0.027630673505046013,5.582212766154565e-17,0.24473519303260105,633
2016,Steamer,batting,Standard,wOBA,0.08423436318501719,0.051978585043994475,0.008722856464128665,0.06908961970164251,0.08596442945041206,0.05247717377925131,0.01924950426487097,0.03045750409755532,0.036052307338985706,0.026251633493360634,2.7911063830772824e-17,0.2997824949478143,633
2016,ZiPS,batting,Standard,wOBA,0.08347531367666743,0.05174790530045282,0.00816123820680208,0.08579119764315224,0.08505981256362563,0.05212562858121562,0.018266075906151022,0.05075542912470932,0.03622892999643607,0.026197538593966372,9.134529980980197e-17,0.2929048646406468,633
2016,Davenport,pitching,Standard,1B/(BIP-HR),0.24260535823606189,0.22997397328304844,-0.2298255872097497,0.0,0.07809288854712719,0.04748980952628615,-0.007806403339078449,0.0,0.04042797507383267,0.027472461900606943,-4.067595811491905e-17,0.0,720
2016,Marcel,pitching,Standard,1B/(BIP-HR),0.07660768331938542,0.04700948096634024,-0.008919034950283213,0.0,0.07644146464474712,0.04693179215591165,-0.007355919923113221,0.0,0.03810111456220273,0.02698742728060568,-4.005965571923846e-17,0.0,720
2016,Steamer,pitching,Standard,1B/(BIP-HR),0.09232598134881614,0.07329151261452499,0.05372880928925425,0.0,0.07555817477508639,0.04571437256345977,-0.008469704301899118,0.0,0.03687539725514235,0.025889061908749195,-2.834991020130722e-17,0.026470415859265906,720
2016,ZiPS,pitching,Standard,1B/(BIP-HR),0.09304719032307157,0.07401426006347184,0.05151534239194587,0.0,0.07815088292861896,0.04821142084225559,-0.010178967396755854,0.0,0.039343163167467915,0.027474147989421664,-3.574553894947432e-17,0.0,720
2016,Davenport,pitching,Standard,2B/(BIP-HR),0.07865098690347636,0.06814049202289717,-0.06807025402997274,0.0,0.03943173002813106,0.026818161062255,-0.001563034172890282,0.0,0.02090066805804061,0.01470991953688682,-3.69781437408355e-18,0.0,720
2016,Marcel,pitching,Standard,2B/(BIP-HR),0.040026376027513466,0.02738927518112277,-0.003290591653967344,0.0,0.03991864645531007,0.02745408703145972,-0.0014884724926226111,0.0,0.021226655032146494,0.015561843265794385,-1.109344312225065e-17,0.0,720
2016,Steamer,pitching,Standard,2B/(BIP-HR),0.07871930757133748,0.06816006330279056,-0.06788455034496572,0.0,0.039876843686518844,0.026988179702772293,-0.0013211560946433548,0.0,0.020980141644175332,0.014644553080105621,-3.0815119784029587e-18,0.0,720
2016,ZiPS,pitching,Standard,2B/(BIP-HR),0.07614406118002848,0.0658563795434847,-0.06324195821979015,0.0,0.04243336050578164,0.028595707325383298,0.0014890635645906222,0.0,0.022993799492171146,0.015665423074231133,-3.69781437408355e-18,0.0,720
2016,Davenport,pitching,Standard,3B/(BIP-HR),0.014880297203358555,0.007500454839019377,-0.007441446146600879,0.0,0.012892082168128137,0.007776291299688872,-0.0003970623656910125,0.0,0.007132565124396593,0.00493125850711585,-2.311133983802219e-19,0.0,720
2016,Marcel,pitching,Standard,3B/(BIP-HR),0.013199659593830994,0.008044325177388945,-6.776726898799428e-05,0.0,0.013200230675598857,0.008027609716848655,-0.0001402458511064032,0.0,0.007354784229426635,0.0051321373005905856,-3.0815119784029584e-19,0.0,720
2016,Steamer,pitching,Standard,3B/(BIP-HR),0.014874725107103247,0.007523737448351684,-0.00742177658246138,0.0,0.012896226160048686,0.00779858678019936,-0.00037144286129702696,0.0,0.007145645545464191,0.0049515393473528,-1.5407559892014792e-19,0.0,720
2016,ZiPS,pitching,Standard,3B/(BIP-HR),0.014625432968715319,0.0076767784428260636,-0.006930037478973896,0.0,0.012879569658159363,0.007991790791183628,-7.378697023975296e-05,0.0,0.007188345422827189,0.005007234168571009,-3.0815119784029584e-19,0.0,720
2016,Davenport,pitching,Standard,BABIP,0.0767244441345294,0.04914931538571928,-0.0161666420243905,0.0,0.07536097581216032,0.04800402651319222,-0.007348242099528113,0.008352035845090033,0.03910510822986907,0.029114742307672702,1.7256467079056567e-17,0.0,720
2016,Marcel,pitching,Standard,BABIP,0.07676606557098896,0.04867313799693432,-0.012277393873238547,0.0,0.07630870296182964,0.048418760193216295,-0.008984638266842194,0.0,0.039477107117268616,0.029051224944971175,-9.860838330889467e-18,0.0,720
2016,Steamer,pitching,Standard,BABIP,0.07812850065347302,0.04945475236582436,-0.021577517638172852,0.0,0.07577430801029045,0.047335597079867855,-0.01016230325783947,0.0,0.03796356368740851,0.02737736192758271,-4.9304191654447334e-18,0.03749533785457526,720
2016,ZiPS,pitching,Standard,BABIP,0.0772134633683899,0.04900077866330147,-0.01865665330681817,0.0,0.07543640029330029,0.04743799454467922,-0.008763690802404984,0.006366075309308217,0.03844571368270081,0.028145994194386324,-4.5606377280363783e-17,0.012891823032304961,720
2016,Davenport,pitching,Standard,BB/BF,0.042847270162113246,0.027789935856316422,-0.012539716736552303,0.09288710335916284,0.04155171432894592,0.027026344118394968,-0.0069210475480363555,0.1469137958543334,0.02278236788238098,0.016765272291425316,9.244535935208876e-19,0.2937746586155411,720
2016,Marcel,pitching,Standard,BB/BF,0.045587634785007713,0.029698173306959362,-0.015392366063311345,0.0,0.04393642271318088,0.02867121353148467,-0.009439371195532564,0.04618441664914863,0.02399179000561895,0.01754675467770857,-2.157058384882071e-18,0.2168032450609667,720
2016,Steamer,pitching,Standard,BB/BF,0.043199293515497846,0.027626212439506227,-0.011959579189255692,0.0779206108492928,0.04201918217247008,0.026918312196911248,-0.0065164595133532085,0.1276109284010436,0.022955390139055575,0.016694672286086194,0.0,0.2830069716610675,720
2016,ZiPS,pitching,Standard,BB/BF,0.04435081583114643,0.02844815882914245,-0.013407667782481002,0.028107452648961195,0.042855050906925984,0.027429641095261224,-0.007023252715966274,0.09255762356827946,0.023478736553062422,0.01719128788308375,7.703779946007396e-18,0.2499416987897355,720
2016,Davenport,pitching,Standard,BF,161.10043899519468,115.71694444444444,-11.855000000000002,0.5356394014995902,161.10043899519468,115.71694444444444,-11.855000000000002,0.5356394014995902,161.10043899519468,115.71694444444444,-11.855000000000002,0.5356394014995902,720
2016,Davenport,pitching,Fantasy,BF,184.11479509959668,137.96213872832368,-59.64075144508671,0.287247438505263,184.11479509959668,137.96213872832368,-59.64075144508671,0.287247438505263,184.11479509959668,137.96213872832368,-59.64075144508671,0.287247438505263,346
2016,Marcel,pitching,Standard,BF,182.5140557753171,132.81944444444446,2.7444444444444445,0.40398862764354604,182.5140557753171,132.81944444444446,2.7444444444444445,0.40398862764354604,182.5140557753171,132.81944444444446,2.7444444444444445,0.40398862764354604,720
2016,Marcel,pitching,Fantasy,BF,200.9289193616443,148.41907514450867,-73.15895953757226,0.15111999145123456,200.9289193616443,148.41907514450867,-73.15895953757226,0.15111999145123456,200.9289193616443,148.41907514450867,-73.15895953757226,0.15111999145123456,346
2016,Steamer,pitching,Standard,BF,164.58665292612247,114.91982303129302,-10.431346023745007,0.5153244170187203,164.58665292612247,114.91982303129302,-10.431346023745007,0.5153244170187203,164.58665292612247,114.91982303129302,-10.431346023745007,0.5153244170187203,720
2016,Steamer,pitching,Fantasy,BF,193.45247852408983,147.7031957675956,-48.92014443667638,0.21311728511701145,193.45247852408983,147.7031957675956,-48.92014443667638,0.21311728511701145,193.45247852408983,147.7031957675956,-48.92014443667638,0.21311728511701145,346
2016,ZiPS,pitching,Standard,BF,242.60198088129093,185.2972211519877,128.7416481759813,0.0,242.60198088129093,185.2972211519877,128.7416481759813,0.0,242.60198088129093,185.2972211519877,128.7416481759813,0.0,720
2016,ZiPS,pitching,Fantasy,BF,183.73130548389088,135.2168098846612,35.51734589152253,0.29021350698640114,183.73130548389088,135.2168098846612,35.51734589152253,0.29021350698640114,183.73130548389088,135.2168098846612,35.51734589152253,0.29021350698640114,346
2016,Davenport,pitching,Standard,ER/BF,0.06391201888323922,0.03987739489813809,-0.015641134338917582,0.004389385390153322,0.06293055259957395,0.03944567787985387,-0.010961449546674147,0.03473282911387432,0.031199262352848093,0.021940673072528928,1.2326047913611834e-18,0.1001262164365262,720
2016,Marcel,pitching,Standard,ER/BF,0.06637432964501425,0.04156663265574121,-0.020519592722299945,0.0,0.06426520004191336,0.04052671649791076,-0.012063083606242217,0.0,0.0321047274215547,0.022863237839996813,1.2326047913611835e-17,0.047135995463879476,720
2016,Steamer,pitching,Standard,ER/BF,0.06600203784829972,0.041084357644689824,-0.022516095157418845,0.0,0.06331955862523463,0.039329123180718,-0.012651958168761,0.022762322162813153,0.030792528912943873,0.02157577940220601,4.9304191654447334e-18,0.12343593406984188,720
2016,ZiPS,pitching,Standard,ER/BF,0.06539714880551196,0.04090672250096998,-0.018703509853278583,0.0,0.06367122556881642,0.039985293920749274,-0.01127205280224134,0.011877328082968042,0.031790050681538534,0.022498865501265966,-8.628233539528284e-18,0.06572357996627143,720
2016,Davenport,pitching,Standard,ERA,4.104778945846985,2.039495669783358,-0.9748299509325105,0.0,4.063507425736443,2.0305731224802575,-0.7830554501321138,0.0124797669620057,1.583632515666635,1.0068084834082014,-3.1554682658846294e-16,0.09542358459481048,720
2016,Davenport,pitching,Fantasy,ERA,1.1678092020055393,0.9125540078589993,-0.00912339514506837,0.14704883348578535,1.168227258235426,0.9153769090386774,0.03255504468464752,0.14643803957619206,1.050282185415093,0.8206686055492597,-1.910464848576773e-16,0.13406079489730094,346
2016,Marcel,pitching,Standard,ERA,4.245570425965267,2.128492115877993,-1.2759814720655274,0.0,4.136242314986351,2.0873733026899206,-0.8436592697927643,0.0,1.62499038407146,1.0522220403547524,-7.099803598240416e-16,0.04755911335370344,720
2016,Marcel,pitching,Fantasy,ERA,1.2455019327771135,0.9391861705796541,-0.26543157718907706,0.029782300710857412,1.217166821085204,0.9485138131985452,0.025960122654108568,0.07342497052296115,1.0864765072125446,0.8485591231142301,-5.253778333586126e-16,0.07334924403005805,346
2016,Steamer,pitching,Standard,ERA,4.216561317210431,2.0979660387974497,-1.3230423231440822,0.0,4.096541623120158,2.0261987895721183,-0.8675856827951162,0.0,1.5723166692967152,0.985905636780124,0.0,0.10830470039074003,720
2016,Steamer,pitching,Fantasy,ERA,1.1513038609568205,0.8913743089369092,-0.269068895462705,0.17098898011853947,1.1194538048053437,0.880663384609655,0.008620402809565138,0.21622260297531948,1.0075785658427199,0.7919636202801223,-5.253778333586126e-16,0.2030460184394437,346
2016,ZiPS,pitching,Standard,ERA,4.172634841490734,2.0878322364841755,-1.0873656050646132,0.0,4.107642626672491,2.0587686907851133,-0.8026271781543484,0.0,1.6151926451164411,1.0321272823475094,-5.522069465298102e-16,0.05900980835738545,720
2016,ZiPS,pitching,Fantasy,ERA,1.211534596430273,0.9394215636990563,-0.11222393577006874,0.08198025543226439,1.206519769680578,0.9414628056327414,0.021635342436279185,0.08956432619007193,1.0898106176871234,0.8473178210953158,-8.119475606451285e-16,0.06765322301469823,346
2016,Davenport,pitching,Standard,HBP/BF,0.015361483119250145,0.009894526188747687,-0.00984234023711343,0.0,0.0118323572894935,0.007842834082790531,-0.0009493032952248632,0.0,0.006756878198177606,0.004825411529744502,-1.5407559892014792e-19,0.0,720
2016,Marcel,pitching,Standard,HBP/BF,0.011558654523218831,0.007651843523469455,-0.0011860304898039591,0.03335536037891451,0.011520446697497987,0.00770503251155182,-0.0007244763940321076,0.03973540177263912,0.006439459633022167,0.004677774868092056,-1.2326047913611834e-18,0.07847695617926864,720
2016,Steamer,pitching,Standard,HBP/BF,0.01157350373116019,0.007560315863109513,-0.001389395108663693,0.03087010098454379,0.011519536182806898,0.007627390018103779,-0.0008271299896612815,0.03988718416364989,0.00637641225244205,0.004555088919470117,-1.8777963618393027e-18,0.09643349193405759,720
2016,ZiPS,pitching,Standard,HBP/BF,0.01171445747459376,0.008037888056967384,2.3473944698620733e-05,0.0071202787315121085,0.011716758426182769,0.008000287491740234,-0.00023337763290217346,0.0067301979199106965,0.006688758155894281,0.004812401418559153,6.933401951406656e-19,0.005743734033800796,720
2016,Marcel,pitching,Standard,HLD/G,0.10502027364769125,0.0826281069780085,0.024230907781263397,0.1420739923406209,0.10247050494120466,0.07001656243747295,-0.007621246471121933,0.18322714671582774,0.08564139145426125,0.05860841768753578,0.0,0.2935376962626486,720
2016,Steamer,pitching,Standard,HLD/G,0.10076245547125014,0.06018606340903629,-0.004310034600405679,0.21022928335825453,0.10071964757602342,0.06068610561551721,-0.0031545797658938993,0.21090019278285,0.08164262585212026,0.044745551114719874,1.1709745517931243e-17,0.35796974793418157,720
2016,ZiPS,pitching,Standard,HLD/G,0.1332621200742464,0.07244487181745699,-0.06733548231261663,0.0,0.11581357234149303,0.08327485565643473,-0.013713426635530731,0.0,0.10228298627435341,0.07612218622571175,7.3956287481671e-18,0.0,720
2016,Davenport,pitching,Standard,HR/BIP,0.03253111252445816,0.022163832797276274,-0.008623673945399963,0.0,0.031416996997679365,0.021570821885063977,-0.0017669664936852477,0.016538071661165166,0.017824039184796747,0.012600029806915936,1.848907187041775e-18,0.07289286949761453,720
2016,Marcel,pitching,Standard,HR/BIP,0.03265202776556788,0.022728660924451784,-0.007735501144934311,0.0,0.031727451752834486,0.022127150464064806,-0.0005605849519071381,0.0,0.018381872979384324,0.013160310044349265,1.848907187041775e-18,0.013953975853590483,720
2016,Steamer,pitching,Standard,HR/BIP,0.03218192842006667,0.021884979239886564,-0.009473662400843358,0.0,0.03081095941544198,0.02113524144657677,-0.0018409189419609537,0.05411431044151227,0.01733315734843911,0.012269880580513925,0.0,0.1232555531549604,720
2016,ZiPS,pitching,Standard,HR/BIP,0.03201586810489793,0.022238395783287773,-0.007994400888576492,0.0,0.031007312258746117,0.02147231735493401,-0.0005899564123219262,0.04201996790721385,0.01807713268208927,0.012801252760398398,-3.69781437408355e-18,0.046376914295361726,720
2016,Davenport,pitching,Standard,L/G,0.165394071468552,0.09768258428677559,-0.01069250665457959,0.24710127371330837,0.16518647772882938,0.09864883816735012,-0.006760417595887399,0.24899008354795082,0.13778556446975596,0.09259691135835137,2.465209582722367e-17,0.29662263485953133,720
2016,Marcel,pitching,Standard,L/G,0.17290909593249404,0.12417092870583772,0.0038178371445520658,0.17712784603351073,0.18141198558856989,0.14205790316975472,0.05502116810335258,0.09420766874152675,0.1392846586310749,0.11096824499384736,2.21868862445013e-17,0.2812340134217519,720
2016,Steamer,pitching,Standard,L/G,0.15504369899890863,0.09595596659887112,0.01988113943103342,0.3383856317922591,0.1541831439342732,0.09390486385100295,0.011364549232979717,0.3457097026505248,0.11888457750770601,0.08014379083564613,6.163023956805917e-18,0.4763609980280811,720
2016,ZiPS,pitching,Standard,L/G,0.1713324879683238,0.11691188852937699,0.04084217964394792,0.19206554604070591,0.16905064972746456,0.1143845757364325,0.029856060991541058,0.21344268485428997,0.13012501432099743,0.09151837110845713,7.3956287481671e-18,0.3726606499749444,720
2016,Davenport,pitching,Standard,R/BF,0.1031391785320779,0.06524586335145806,-0.05080517164884984,0.0,0.09539992881350452,0.06162117629127803,-0.032320608527980826,0.0,0.05103924566409609,0.03440861211962183,-9.860838330889467e-18,0.0,720
2016,Marcel,pitching,Standard,R/BF,0.0696011239529971,0.04332096810991637,-0.02159669587285301,0.0,0.06739176364454322,0.042294377747042325,-0.012796508282575204,0.0,0.033726199022538345,0.024099810951751496,-9.860838330889467e-18,0.0435241599752193,720
2016,Steamer,pitching,Standard,R/BF,0.06896972284815697,0.04236866987566185,-0.023146758965817547,0.0,0.06638159170769403,0.04092534866752402,-0.013618571823692124,0.01846210192717257,0.03212903837240681,0.022572522872402915,1.7256467079056567e-17,0.1319701461895465,720
2016,ZiPS,pitching,Standard,R/BF,0.06888010783264135,0.04287240651940784,-0.020783008951163914,0.0,0.06675562071274044,0.04158619298795044,-0.011990709018699301,0.007369932596115292,0.033301966255058754,0.02348631153333189,1.9721676661778934e-17,0.06743532569824007,720
2016,Davenport,pitching,Standard,SO/BF,0.0632485427348631,0.04488901973552235,-0.005621590279232801,0.2363910185985414,0.06354032369512455,0.04469678590103115,0.008282321803997168,0.22932933835363745,0.042069745463654766,0.030677767210587382,1.2326047913611834e-18,0.4136564171129634,720
2016,Davenport,pitching,Fantasy,SO/BF,0.046305027028063876,0.03362861982746549,-0.017832582058034785,0.3564733164294489,0.042789099718905294,0.03185553897425344,-0.0021800251239925935,0.45048876844640773,0.037802195764650624,0.028015847347751595,2.0149433949833152e-17,0.4726822089424123,346
2016,Marcel,pitching,Standard,SO/BF,0.06570706180299321,0.047620128843067024,0.006926115557107579,0.17587312782132947,0.0661321987066315,0.04799440398618184,0.010199059353755771,0.1651741190394147,0.04417898806342037,0.0326647615822803,-1.9721676661778934e-17,0.35338773868237416,720
2016,Marcel,pitching,Fantasy,SO/BF,0.045620206249808615,0.03421283516001391,-0.0064898707099859424,0.3753672308936328,0.04519663289190924,0.03429599626872479,-0.00191071408726393,0.3869125327860351,0.03979708264101795,0.029796776937345552,1.3432955966555435e-17,0.4155587724221731,346
2016,Steamer,pitching,Standard,SO/BF,0.06218580377858212,0.04429745033885705,0.001039596558936721,0.26183663949982927,0.06266633082957271,0.044583710756968424,0.007815087271329084,0.2503845747877882,0.040748089455944166,0.030109949049141202,9.860838330889467e-18,0.4499186643661204,720
2016,Steamer,pitching,Fantasy,SO/BF,0.04130610437664324,0.030874898570144166,-0.009954606010722055,0.48791889464077365,0.040117897171728506,0.030239615113161443,-0.001531533720144628,0.5169561055233465,0.0357426574554768,0.026993522496847767,7.46275331475302e-19,0.5285756092039195,346
2016,ZiPS,pitching,Standard,SO/BF,0.0636662345058491,0.0448942860748206,0.0019215682099809161,0.22627200705064154,0.0642672659947635,0.04530464732803089,0.008976886245994445,0.21159452731216166,0.04225389092460088,0.031003609152429227,6.163023956805917e-18,0.40851215898044313,720
2016,ZiPS,pitching,Fantasy,SO/BF,0.04325524633181604,0.03203404146811615,-0.010468900941235206,0.43845074606210455,0.0419879528589079,0.03156123578978696,-0.0012528914450911917,0.4708732994430368,0.03742712896456094,0.02807809873779973,1.2686680635080133e-17,0.4830942088902985,346
2016,Davenport,pitching,Standard,SV/G,0.06922661111713521,0.02271123771093984,-0.0033796451195580854,0.5609807331289103,0.06919819051028718,0.026873546109166303,0.0027363998737542643,0.5613411330548709,0.06158469366705356,0.023390006699356498,-3.0815119784029584e-19,0.6386235774467955,720
2016,Davenport,pitching,Fantasy,SV/G,0.07782458031820799,0.030085913056896823,-0.013669440616202401,0.6747966904501329,0.07675613474182433,0.0347842467350958,-0.004657523543662292,0.6836647601782042,0.05970778080196654,0.024646618726978587,-8.209028646228323e-18,0.691337874713557,346
2016,Marcel,pitching,Standard,SV/G,0.08189139787285962,0.05191535860460528,0.023446534462316294,0.38565262721114024,0.07856201291979398,0.037748763962619204,0.003940660697327906,0.4345910988634002,0.07352403068126497,0.032419708480336616,6.163023956805917e-19,0.4849221686807924,720
2016,Marcel,pitching,Fantasy,SV/G,0.09658050201200374,0.056369104255524494,0.00649819814633986,0.49915850996314626,0.09688936678891805,0.04640986090889321,-0.01009864382062899,0.4959500021358477,0.07598053867877887,0.03430976486065701,-5.970202651802416e-18,0.5001655114421535,346
2016,Steamer,pitching,Standard,SV/G,0.07151296177267323,0.023393368399991267,-0.004085231840357966,0.5315028356835239,0.07143688221973413,0.027881746619472545,0.0024111322995261,0.5324991332602902,0.06511112879629383,0.024494618172191836,-1.848907187041775e-18,0.5960527160892429,720
2016,Steamer,pitching,Fantasy,SV/G,0.08547957801486097,0.03169600461393339,-0.014728567695280229,0.6076748756806947,0.0843753688089929,0.036689626171426896,-0.005419899483322878,0.6177453736274972,0.06542681216626187,0.02586572502349107,-2.985101325901208e-18,0.6293764569811428,346
2016,ZiPS,pitching,Standard,SV/G,0.10906237378216774,0.03257399482151184,-0.02833629279738116,0.0,0.10531759406958786,0.05027482427264807,-0.0003738115890859582,0.0,0.10274409393949456,0.04741865691281004,-1.2326047913611834e-18,0.0,720
2016,ZiPS,pitching,Fantasy,SV/G,0.14564603138255425,0.0513658398803647,-0.04996675942187536,0.0,0.1382466772587633,0.06508832360377044,-0.019901114610097956,0.0,0.10765673280166689,0.05020976538597271,-7.46275331475302e-18,0.0,346
2016,Davenport,pitching,Standard,W/G,0.12666725346593594,0.08498876356042315,0.008117014355194865,0.28544879228234077,0.12772211351389504,0.08805126210984711,0.018281988455719784,0.27349795182495973,0.11837988540151075,0.08778510905062518,-3.69781437408355e-17,0.5272949709939552,720
2016,Davenport,pitching,Fantasy,W/G,0.11449951152745597,0.08304286138289131,-0.004194820737366861,0.4956540912495784,0.1151714268433389,0.08586292030371034,0.01311167198046039,0.489717436132483,0.11436428605005634,0.08724658656276056,-2.3880810607209662e-17,0.5206977719854596,346
2016,Marcel,pitching,Standard,W/G,0.13455965667936093,0.1058363607572262,0.0334054297145123,0.19362994669384037,0.1500274638529884,0.12581351019180376,0.07428230905742955,0.0,0.13527634471782582,0.10931151550132909,-4.683898207172497e-17,0.3827258192472617,720
2016,Marcel,pitching,Fantasy,W/G,0.13006263184525862,0.09685928560874452,-0.023047481970581638,0.3492318192945696,0.13353315803360113,0.11058789665692499,0.03802633978041662,0.31403892137948675,0.13312357147807619,0.10848612720827798,-5.970202651802416e-18,0.3505607648237842,346
2016,Steamer,pitching,Standard,W/G,0.12476759171178704,0.08542913550196236,0.0326583762548399,0.30672069770934995,0.12408997528164888,0.0847092599420459,0.029965639713574153,0.3142306889173695,0.11484992925328037,0.08274920325362295,-2.465209582722367e-17,0.5550657312811926,720
2016,Steamer,pitching,Fantasy,W/G,0.10680331927933581,0.0756327879553685,0.006135804968050311,0.5611756334975854,0.10732957114402403,0.07634285064445161,0.012261155552488558,0.5568405420690952,0.11394724346477818,0.08471910719469945,-3.88063172367157e-17,0.5241870602452853,346
2016,ZiPS,pitching,Standard,W/G,0.13315901044977868,0.09944688047803746,0.06027899466546963,0.21032976556072602,0.12359219929029835,0.09022021230436243,0.03431132261117714,0.31972146012798297,0.11697306078632956,0.08838387579173114,-4.43737724890026e-17,0.5384634489169701,720
2016,ZiPS,pitching,Fantasy,W/G,0.11609338575198418,0.08641276952100009,0.031236299047384918,0.48151500942354897,0.11272785319441561,0.08333344249752359,0.014338795229738658,0.5111408965126574,0.1170370598589325,0.08973225319117717,1.791060795540725e-17,0.49803272158804623,346
2016,Davenport,pitching,Standard,WHIP,0.5960956690412159,0.3291109971197914,-0.15334374293733985,0.027361324655534203,0.5908450135888612,0.3262090358950816,-0.13146135147319835,0.044420661244762516,0.2510286478259525,0.17034412956604986,-1.183300599706736e-16,0.1453434743731017,720
2016,Davenport,pitching,Fantasy,WHIP,0.2020452672355242,0.15880747360290268,0.007131560523401032,0.1206553462836526,0.20194446765042837,0.15878714114700027,0.0031838903623460117,0.12153253056017799,0.17989123751825617,0.14119115261120346,1.1940405303604831e-17,0.1608959063546691,346
2016,Marcel,pitching,Standard,WHIP,0.6295121637817211,0.34892962496957314,-0.2151602911076064,0.0,0.6103273786964046,0.33577082217188814,-0.15002631671406824,0.0,0.25731909845838474,0.17553445340878807,-1.183300599706736e-16,0.10197364632023143,720
2016,Marcel,pitching,Fantasy,WHIP,0.2068179830506419,0.16140376437209267,-0.03867803437468119,0.07862089174173337,0.20316918712462165,0.15920989501006008,-0.00017557571857869885,0.11084505168965253,0.1817775918934923,0.14453259381053707,1.134338503842459e-16,0.1432058105387205,346
2016,Steamer,pitching,Standard,WHIP,0.6196934493007966,0.3404932230584088,-0.2158954434285664,0.0,0.5984466138607346,0.3245703953136936,-0.14397645997967018,0.019674206362127578,0.2472178471756578,0.16248757941405784,-1.183300599706736e-16,0.17109515172813416,720
2016,Steamer,pitching,Fantasy,WHIP,0.19338840169991733,0.15060292614393017,-0.04344872505880795,0.19439414867186222,0.1884449674072797,0.14515495814630305,-0.00047279839043659735,0.23505387107162767,0.16924408731785184,0.12971034155621658,1.7910607955407247e-16,0.25728391187289723,346
2016,ZiPS,pitching,Standard,WHIP,0.6128228514554337,0.33904315541765834,-0.18484027694034202,0.0,0.6003723483743509,0.33062410595023733,-0.13806171593148756,0.01335489696148251,0.2557534988423041,0.17188103643066097,-1.2819089830156307e-16,0.11286807764755213,720
2016,ZiPS,pitching,Fantasy,WHIP,0.20433581170755333,0.15796550308492277,-0.01940643933341463,0.10060444166669813,0.20341628287193528,0.15699740498104323,0.0012923153067331806,0.10868094389599892,0.1829686142874135,0.14214842291986104,1.552252689468628e-16,0.13194145028132565,346
2016,Davenport,pitching,Standard,wOBA,0.23769165662929123,0.22587349670539397,-0.2253348820457152,0.0,0.07698540699177887,0.05317117219754282,-0.014326141318210079,0.0,0.04651887043364583,0.03287772286323782,3.4512934158113135e-17,0.0,720
2016,Marcel,pitching,Standard,wOBA,0.07723573939231433,0.05312937958643145,-0.026630184493495267,0.0,0.0738924601435015,0.05067655232871311,-0.01427945911927538,0.014900266742893353,0.04198058135847936,0.03094829191925821,7.3956287481671e-17,0.08482385929722491,720
2016,Steamer,pitching,Standard,wOBA,0.08699079849480325,0.06360374559108466,-0.050604929904428206,0.0,0.07228052247023503,0.04923575109219683,-0.014762582309297374,0.05741067772207198,0.040126585443770874,0.028778041989266284,9.860838330889467e-18,0.16387308705639803,720
2016,ZiPS,pitching,Standard,wOBA,0.08497245943822565,0.06206727977768066,-0.04603534403721223,0.0,0.07239738161830589,0.04990692677566263,-0.011845459165021967,0.054360361432816195,0.041650875636808554,0.03042053129420912,4.43737724890026e-17,0.09914257080548938,720
2017,Marcel,batting,Standard,1B/(BIP-HR),0.07134483921204866,0.04647103727396827,0.01251964129586214,0.0,0.07082015585142852,0.04605719413281085,0.009063653281354396,0.0024465767214472134,0.03623956005494347,0.027088481540253756,3.6627338357748814e-17,0.13100534878723002,626
2017,Steamer,batting,Standard,1B/(BIP-HR),0.07123782174824948,0.045604959483543324,0.012941998311710159,0.0,0.07071686411454349,0.045189920004941465,0.009671760080758368,0.005354333217776119,0.034305570098713205,0.025403566153895534,1.6419151677611535e-17,0.22128139355443954,626
2017,ZiPS,batting,Standard,1B/(BIP-HR),0.07131411651978321,0.045799941461185434,0.010275058571800305,0.0,0.071207328208867,0.045735034963892404,0.009505640657105295,0.0,0.03475003204300111,0.025820306434901744,3.789035002525739e-18,0.20097256992099322,626
2017,Marcel,batting,Standard,2B/(BIP-HR),0.04053909952552454,0.02631092882956413,0.003509731735307911,0.0,0.04081098974424106,0.026576723901257305,0.005868262981325225,0.0,0.020407536144989875,0.015143749268868457,1.4208881259471522e-18,0.045909388913596305,626
2017,Steamer,batting,Standard,2B/(BIP-HR),0.039024221511579915,0.02482552984102195,0.0002934074355593698,0.0731279378502997,0.039251808684051676,0.025219565480683024,0.004230922867150761,0.06228547687119812,0.019468814268557687,0.014458111500291053,1.1840734382892934e-17,0.13166465840274655,626
2017,ZiPS,batting,Standard,2B/(BIP-HR),0.039483884678301426,0.025211104719304097,0.001242704519278803,0.05116423793388647,0.03975527627696997,0.025524194582005305,0.004800953768892257,0.03807580767935437,0.019646619216739273,0.014315265800801023,2.2102704181400143e-18,0.11573155172850202,626
2017,Marcel,batting,Standard,3B/(BIP-HR),0.012849792580088885,0.007386661757473217,0.0007070962866754281,0.0042909268078659135,0.01283480194492739,0.007037557505222152,-0.0003390527581877352,0.006612770494256792,0.007418779408236019,0.00493799663205242,1.4011535686423306e-18,0.04342585356130668,626
2017,Steamer,batting,Standard,3B/(BIP-HR),0.012496050135398666,0.006677363556254157,-0.0002607335704913354,0.058358159051192904,0.012498279673925207,0.006646442568459383,-0.0003517212192008148,0.05802211461648876,0.006963031553644724,0.004618064009984017,7.425127185939111e-19,0.15734374350258118,626
2017,ZiPS,batting,Standard,3B/(BIP-HR),0.012845478187621287,0.0073318510844225995,0.0015548146923871548,0.0049594447649065065,0.012758222079646995,0.0068666327164574395,-0.0004282166421343266,0.018431653459622388,0.007304826703570079,0.0048617129113725215,-3.946911460964312e-20,0.07258619141412481,626
2017,Marcel,batting,Standard,AVG,0.07681121464441497,0.046624193198630495,0.02124859196005779,0.0,0.07630317160886793,0.04622049830376364,0.019331682873122927,0.0,0.0329107392759742,0.0247104106464442,-2.6523245017680174e-17,0.18662553154366046,626
2017,Marcel,batting,Fantasy,AVG,0.026857454844580048,0.02175197697582867,-0.002626994056189862,0.15550940499565058,0.02673296941996105,0.021734436850051088,0.00047944869503737417,0.16331976062524234,0.026118849967744096,0.02112683610961251,-1.1045983261174436e-17,0.19191255774022997,287
2017,Steamer,batting,Standard,AVG,0.07315160596505983,0.04364036613421165,0.016797458438860737,0.054155001149800874,0.07309948080045521,0.043601555351464316,0.016568984520301717,0.05550247015164078,0.03094472979946389,0.02338490238046523,3.031228002020591e-17,0.2809010580151744,626
2017,Steamer,batting,Fantasy,AVG,0.024934770711401846,0.020478528817324624,-0.0039365586213258585,0.27209304867792905,0.024622522403224288,0.02020499236138182,0.00014937485140964412,0.29020948531450186,0.024504565071653685,0.020054086449071515,-2.6825959348566485e-17,0.28871401135926755,287
2017,ZiPS,batting,Standard,AVG,0.07317882160942271,0.04352186834664855,0.013237134028844385,0.053451077584103834,0.07370370946081231,0.0437742365223426,0.015884538817281166,0.03982380602336344,0.031049876955838055,0.02332023290713407,1.6419151677611535e-17,0.2760059001561379,626
2017,ZiPS,batting,Fantasy,AVG,0.025556236295085848,0.020824385900872853,-0.0064800268196871895,0.2353566800754302,0.02472111058993601,0.020149877717749037,-5.3318040554871724e-05,0.28451412624812933,0.02461392114831889,0.019973946451028648,-9.152386130687389e-17,0.2823513596444305,287
2017,Marcel,batting,Standard,BABIP,0.08815753114428973,0.05409182235854638,0.016736469317845473,0.0,0.08777580849807058,0.053785651544155245,0.014592863504491821,0.0,0.039028565057413554,0.02845253412596482,-2.2734210015154436e-17,0.12455545414926472,626
2017,Steamer,batting,Standard,BABIP,0.08618649109615059,0.052662972668872994,0.012974672176778196,0.024642252687593014,0.08627512789410918,0.05271447192865137,0.01355096172870821,0.022635046181895713,0.03720808218875178,0.02736259724036657,-7.704371171802336e-17,0.2043207275534753,626
2017,ZiPS,batting,Standard,BABIP,0.08694698556953781,0.05266709401442858,0.013072577783466268,0.0073535402391431415,0.0870717829129292,0.052736644011971055,0.013878377783863242,0.004501950982060743,0.037496636380730315,0.02717363911602184,2.5260233350171595e-17,0.1919316521823876,626
2017,Marcel,batting,Standard,BB/PA,0.03752975836062748,0.027440015556089933,0.001250660581247201,0.17303166491091648,0.038212392760572034,0.028060613772425518,0.007298516956931384,0.14267436443552417,0.02517738879373249,0.01936749985587718,2.723368908065375e-18,0.4206800449190623,626
2017,Steamer,batting,Standard,BB/PA,0.03502113604620575,0.025068809104593387,-0.003925589226964946,0.27989172057298695,0.034894831852853324,0.02507183792101678,0.002565067416446986,0.2850765143607362,0.023380413003280337,0.017608954101088273,1.7405879542852614e-17,0.5004241079849605,626
2017,ZiPS,batting,Standard,BB/PA,0.035948722078056335,0.025838241518272603,-0.006072187407982257,0.2412402981263969,0.03559886904511644,0.025515241415809655,0.0034409763387260556,0.2559369363609728,0.023663187578890105,0.017784888364876718,1.4287819488690808e-17,0.488266782928932,626
2017,Marcel,batting,Standard,HBP/PA,0.012837919627268417,0.00764428894957916,-0.00025400638504117796,0.08061347612138003,0.012838403708093579,0.007747737886692465,0.0002773962137970739,0.08054413999980314,0.007386870624321574,0.005142042112213755,-5.723021618398252e-19,0.2764170091129404,626
2017,Steamer,batting,Standard,HBP/PA,0.012658189706046574,0.007242159397821067,-0.0007742433434049818,0.10617596436516652,0.012634566099916755,0.007408618603142485,4.412089877997146e-05,0.10950908608042609,0.007193849386215283,0.004937534997623909,-2.960183595723234e-19,0.3137378509439881,626
2017,ZiPS,batting,Standard,HBP/PA,0.012928515022893588,0.007363768337937074,-0.0006145452927264496,0.0675917282185503,0.01291444123767327,0.007499635852034834,0.00011814271430325418,0.06962063428345067,0.007281979969766515,0.004967104520271406,0.0,0.2968203011017446,626
2017,Marcel,batting,Standard,HR/BIP,0.03569729358719189,0.02450257646210492,-0.0010717171093740491,0.13052322598370614,0.03635802659075178,0.025765303971959485,0.006982686136879387,0.09803848143876881,0.023030574527850695,0.016588579255487467,-8.525328755682912e-18,0.3883820041101167,626
2017,Marcel,batting,Fantasy,HR/BIP,0.022261426596803104,0.01601619061079427,-0.010268615349521145,0.3368075107678078,0.019753746287762056,0.015012989493281404,0.00028955046683034344,0.47780518193212873,0.01962754022002424,0.014744748060855892,-7.002364388780222e-18,0.4926469936160027,287
2017,Steamer,batting,Standard,HR/BIP,0.033288478694034535,0.02164316610199999,-0.006658281165059691,0.24390685715981253,0.03274187271519854,0.022145070670079297,0.002870561479582005,0.26853351007662707,0.020562054003911905,0.014988285789460383,-3.1575291687714494e-19,0.5124673541621705,626
2017,Steamer,batting,Fantasy,HR/BIP,0.020918393552859127,0.015606540014438279,-0.01055190953236186,0.4144145548306042,0.01806215256939763,0.013773262299606353,-7.043711414025884e-05,0.5634111625191303,0.01794107190831993,0.013667900414747998,-1.5779976087392052e-18,0.5760884399002337,287
2017,ZiPS,batting,Standard,HR/BIP,0.03337788429461327,0.021786767365759883,-0.004731040057902148,0.2398400002636445,0.03321384089861075,0.02210546181743329,0.0033850860082295926,0.2472936060732055,0.019981624628321336,0.014479621422292898,1.5787645843857247e-18,0.5396031926630016,626
2017,ZiPS,batting,Fantasy,HR/BIP,0.019583818587911635,0.015051190548633922,-0.00935383909604579,0.48675069523382164,0.01720617437883401,0.01314781961415559,-0.00014419467856127466,0.6038111445994494,0.01700179049273979,0.01297998914053359,-1.5779976087392052e-18,0.6193132101770811,287
2017,Marcel,batting,Standard,OBP,0.08298283286246849,0.050446620204036126,0.020400146055234335,0.0,0.08379640206980954,0.05094564796436291,0.023491539094739902,0.0,0.036732776401582866,0.0276169481423209,-3.9153361692765973e-17,0.21263712273046054,626
2017,Steamer,batting,Standard,OBP,0.07715830569149734,0.046482070340373945,0.011887974970897342,0.11770042315983875,0.07814460871184292,0.046983996103679586,0.017160993049738296,0.09499964864926791,0.03421521686542761,0.026013702202053686,-1.2630116675085798e-18,0.3168658153265195,626
2017,ZiPS,batting,Standard,OBP,0.07771325457819687,0.046932771668889435,0.00727184730247413,0.10496318221625944,0.07928750413781908,0.047466164853441614,0.01732160900319432,0.06833409994878592,0.03428129200308596,0.026008631178031164,-2.5260233350171596e-18,0.3142247816571728,626
2017,Marcel,batting,Standard,PA,165.2560168895852,130.0814696485623,28.36581469648562,0.44689370891322044,165.2560168895852,130.0814696485623,28.36581469648562,0.44689370891322044,165.2560168895852,130.0814696485623,28.36581469648562,0.44689370891322044,626
2017,Marcel,batting,Fantasy,PA,148.7870002001903,112.44947735191637,-53.62020905923345,0.0,148.7870002001903,112.44947735191637,-53.62020905923345,0.0,148.7870002001903,112.44947735191637,-53.62020905923345,0.0,287
2017,Steamer,batting,Standard,PA,138.67882797062194,102.12092605947305,-24.463098647114567,0.6104938119736767,138.67882797062194,102.12092605947305,-24.463098647114567,0.6104938119736767,138.67882797062194,102.12092605947305,-24.463098647114567,0.6104938119736767,626
2017,Steamer,batting,Fantasy,PA,150.5006732386113,113.13379699095616,-53.80557416457332,0.0,150.5006732386113,113.13379699095616,-53.80557416457332,0.0,150.5006732386113,113.13379699095616,-53.80557416457332,0.0,287
2017,ZiPS,batting,Standard,PA,249.29883782948323,196.58785942492014,159.80511182108626,0.0,249.29883782948323,196.58785942492014,159.80511182108626,0.0,249.29883782948323,196.58785942492014,159.80511182108626,0.0,626
2017,ZiPS,batting,Fantasy,PA,106.16972474750828,82.15679442508711,7.139372822299651,0.1988198468003416,106.16972474750828,82.15679442508711,7.139372822299651,0.1988198468003416,106.16972474750828,82.15679442508711,7.139372822299651,0.1988198468003416,287
2017,Marcel,batting,Standard,R/PA,0.045451424065661765,0.0307390192015074,0.005250542749209408,0.026342585543505104,0.04633243781830914,0.031128223554531122,0.010413022796102058,0.0,0.024012095553779852,0.018046088279808217,1.2630116675085798e-18,0.15446730142250986,626
2017,Marcel,batting,Fantasy,R/PA,0.02096379484121421,0.016701290920100316,-0.007137214343337867,0.0712191985351659,0.01972011645450383,0.015660837174999654,0.0005849165901400617,0.17815034264853324,0.019622985865134765,0.015512450852814207,-1.4201978478652845e-17,0.19558978391903592,287
2017,Steamer,batting,Standard,R/PA,0.043928148709218504,0.030179416084307974,-0.005380377149351979,0.09051197041002523,0.043985293738564996,0.029552954561240085,0.005828573969497028,0.08814417087032889,0.023718512324246637,0.01801316264367603,1.2630116675085798e-18,0.17501667041190716,626
2017,Steamer,batting,Fantasy,R/PA,0.02322814915328076,0.01868393031981132,-0.011929877338031011,0.0,0.01993086947216883,0.015826139164904034,0.00012090545909733393,0.16048991482201558,0.019863621942591763,0.015702079052196498,3.944994021848013e-18,0.17573990045714705,287
2017,ZiPS,batting,Standard,R/PA,0.04401468195505233,0.029465838186345402,0.0008555743595302771,0.08692527398257599,0.04458349623960839,0.02975545174950196,0.007150378789088847,0.06317293013900094,0.023172669262175895,0.017725188095063595,-1.3893128342594375e-17,0.2125510509342443,626
2017,ZiPS,batting,Fantasy,R/PA,0.020564851936036525,0.016545183475134978,-0.007529035105279752,0.10623241054934185,0.019139024034482047,0.01533104376568588,0.00027472797074761754,0.22587159458821404,0.019107397760551127,0.015306306491742307,-6.311990434956821e-18,0.23730572862722144,287
2017,Marcel,batting,Standard,RBI/PA,0.06674928984813677,0.039736977088482194,0.004089902975682568,0.02514909507124674,0.06735893501278459,0.0404963203787049,0.00992399804395695,0.007260449988809259,0.031566725864853123,0.023909433087077096,-1.3893128342594375e-17,0.21767320302586712,626
2017,Marcel,batting,Fantasy,RBI/PA,0.028488894777,0.02234764076685385,-0.00923533518158871,0.16776640445972335,0.026954275229639883,0.021309310082057244,0.0004552399987814161,0.2550118611350418,0.026231735126467853,0.020723283858412902,3.944994021848013e-18,0.2777350282268265,287
2017,Steamer,batting,Standard,RBI/PA,0.06423516927863698,0.03714706800834165,0.0014102464080908142,0.09720188015573694,0.06448561042927844,0.03755323489461799,0.005850279917495438,0.0901484681568655,0.029253022477805358,0.022133186347690216,1.2630116675085798e-18,0.32815263433287445,626
2017,Steamer,batting,Fantasy,RBI/PA,0.026121573484525342,0.020585926049483977,-0.006776264007545702,0.3003308762804179,0.025227343942825872,0.019902861263857402,-5.916260227263008e-06,0.34741498415750127,0.024620795890106278,0.01928009092283568,1.9724970109240064e-18,0.3637223156902446,287
2017,ZiPS,batting,Standard,RBI/PA,0.06508035561015099,0.03748118402615413,0.0022614008957207235,0.07328811103602684,0.06522351980902281,0.03768493562234618,0.0048753239836391215,0.06920645259213098,0.03083111494312111,0.02327859061033578,-8.841081672560057e-18,0.25371005611764896,626
2017,ZiPS,batting,Fantasy,RBI/PA,0.0280657148835047,0.02204059681271315,-0.004373021985749591,0.19230711173782455,0.027723387739422605,0.02157404662239704,-0.00015873599478256203,0.21189036108774018,0.02716695222780477,0.021104929877155267,2.9981954566044894e-17,0.22531641378064837,287
2017,Marcel,batting,Standard,SB/TOF,0.09935694989624186,0.045469141477945604,0.005306861013410405,0.26852902559211045,0.09921638929066488,0.04349164934701731,0.000501183607170917,0.2705971904494707,0.043572333866563805,0.027670941304994173,-5.170454013863248e-18,0.6111931522933094,626
2017,Marcel,batting,Fantasy,SB/TOF,0.03733884012381363,0.026235906572853844,0.003918972759598807,0.7066670193982811,0.037133463697063246,0.025030636670967166,-0.0002519758716161063,0.7098850089638693,0.03595562817004304,0.02415208520322199,-1.9724970109240064e-18,0.7171437121792246,287
2017,Steamer,batting,Standard,SB/TOF,0.09930631443476472,0.04543093712449976,0.01258782134067348,0.26927439735360736,0.09863742171043575,0.042258728079625454,0.005103931932412361,0.2790850710447831,0.04101215314264545,0.026115273511264116,-1.5156140010102955e-17,0.6555411077734863,626
2017,Steamer,batting,Fantasy,SB/TOF,0.03498237232255225,0.024941379476586586,0.005092969179943798,0.742523400677769,0.03461462474683778,0.02390889961283252,0.0005866925247373019,0.7479083245596672,0.033348013903799385,0.022981581275202587,8.876236549158028e-19,0.7566832404019999,287
2017,ZiPS,batting,Standard,SB/TOF,0.0985316562146669,0.04414844320276496,0.011519473648051334,0.2806302664592677,0.09788651178743839,0.04184371573766866,0.002445442012225523,0.2900196958852912,0.04594385513911547,0.0275688968709065,-7.657008234270765e-18,0.5677180243266942,626
2017,ZiPS,batting,Fantasy,SB/TOF,0.042651692764368296,0.02682780361431765,0.007023379827698805,0.6172530017903815,0.04206983625007674,0.025841339845776624,-0.00017913862322683667,0.6276246776375054,0.039613066237624756,0.0247706203706272,-1.9724970109240064e-19,0.656672179503186,287
2017,Marcel,batting,Standard,SLG,0.14610285896625738,0.09517162617193818,0.02873943205494569,0.004760160728273122,0.14895367260430237,0.09743591171708436,0.040830211106929706,0.0,0.07265010598442326,0.0537179616917616,7.072865338048046e-17,0.19119979346724902,626
2017,Steamer,batting,Standard,SLG,0.1336148100215648,0.08540164824814947,0.008363167037898099,0.16762405545599268,0.1362137035945242,0.0869690222156082,0.027770454672940113,0.1349286550901495,0.0669044760766889,0.04973644426378103,1.187230967458065e-16,0.314071106128498,626
2017,ZiPS,batting,Standard,SLG,0.13520517425271367,0.08605797557396902,0.008984909060955403,0.1476912478691803,0.13777012240620745,0.08761844352629945,0.027944517779850034,0.11504657948390895,0.06668808105166214,0.04991029430640903,8.841081672560058e-17,0.3185010506154241,626
2017,Marcel,batting,Standard,SO/PA,0.09768280592416802,0.0573323156234372,-0.03076735416034653,0.10170430588558821,0.09534998856743232,0.05584401917863577,-0.022278236658653933,0.14409737912680398,0.043848107346997296,0.03186825259354966,1.6419151677611535e-17,0.5366795869540976,626
2017,Steamer,batting,Standard,SO/PA,0.09378605798932502,0.05415557833993416,-0.03256372684990406,0.17194415014120235,0.09060061973611847,0.05154071104787252,-0.021749573093439504,0.227238632404148,0.03888678376228595,0.028444710307581566,-2.778625668518875e-17,0.6355954587917003,626
2017,ZiPS,batting,Standard,SO/PA,0.08923865253281572,0.050771708280414246,-0.021712405676509988,0.25029730228767855,0.08847305518435034,0.05012991397979057,-0.01831319054784901,0.26310583926864584,0.03834230026692463,0.027784918928433596,-1.9576680846382987e-17,0.6457286289148414,626
2017,Marcel,batting,Standard,wOBA,0.08915476371518319,0.055198708347265056,0.019658101571143435,0.0,0.0907446522440646,0.05650308198807208,0.02593185252093388,0.0,0.040136194123543745,0.029539691142261897,3.9153361692765973e-17,0.18617201648775217,626
2017,Steamer,batting,Standard,wOBA,0.08185035801296252,0.05011766399311417,0.007995791925165013,0.14583152863315285,0.08346550968983839,0.05093525278361378,0.018191835790950392,0.11178834058113163,0.03702540564169424,0.02756420643242956,6.567660671044614e-17,0.30743603256951035,626
2017,ZiPS,batting,Standard,wOBA,0.08289346073065866,0.05070872507980232,0.006313684946281946,0.12392172042984329,0.08466125310442502,0.051659102714633386,0.018332063792905945,0.0861566519412642,0.03696173101767766,0.027856904923049496,3.410131502273165e-17,0.3098160648715633,626
2017,Marcel,pitching,Standard,1B/(BIP-HR),0.07497195532932872,0.047287644208565724,-0.0057034800293081465,0.0,0.07507604184590155,0.047240220056746385,-0.006938851330689993,0.0,0.03646876751325515,0.026586691382046446,6.141018745056962e-19,0.006176985927727419,732
2017,Steamer,pitching,Standard,1B/(BIP-HR),0.10151757206329286,0.0856608725857975,0.06907998357801366,0.0,0.07474816137890723,0.0471262785426754,-0.007315348456494691,0.0,0.03619397361497883,0.026293849331753157,1.965125998418228e-17,0.02109756708384214,732
2017,ZiPS,pitching,Standard,1B/(BIP-HR),0.09718895374347387,0.0793886407361815,0.05910620349984575,0.0,0.07759417357620926,0.049178316496347456,-0.008288928482558154,0.0,0.037528568846142515,0.027270960355264575,-1.7194852486159494e-17,0.0,732
2017,Marcel,pitching,Standard,2B/(BIP-HR),0.0459205457004567,0.027326484499532747,-0.005784253008502198,0.0,0.04564450668741119,0.027332729221003087,-0.002860429369126224,0.0,0.02236050130496698,0.01640326965873889,-1.0439731866596837e-17,0.0,732
2017,Steamer,pitching,Standard,2B/(BIP-HR),0.08506437714438328,0.07204095301172157,-0.07178069658113646,0.0,0.04574141719566996,0.02682279426860602,-0.0029660394096555037,0.0,0.021698431433087886,0.015536698888260946,1.8423056235170886e-18,0.0,732
2017,ZiPS,pitching,Standard,2B/(BIP-HR),0.0838282662642021,0.07058116445145797,-0.06904796735812335,0.0,0.047542884176907385,0.028172006898186174,-0.000877158643195407,0.0,0.022727721102855286,0.015947519849959006,1.2282037490113925e-18,0.0,732
2017,Marcel,pitching,Standard,3B/(BIP-HR),0.016168163283557593,0.008301647307198463,0.00030215860225878496,0.0,0.016174039701961823,0.008096922109720161,-0.0005304301441061487,0.0,0.007584768534284492,0.005136639554512169,-6.141018745056962e-19,0.0,732
2017,Steamer,pitching,Standard,3B/(BIP-HR),0.01738963103289083,0.007280311477325288,-0.007244875166656142,0.0,0.01582757892756387,0.007572731412165218,-0.0007753730899476282,0.0,0.007146572613258049,0.004686734151460612,5.373391401924842e-19,0.0,732
2017,ZiPS,pitching,Standard,3B/(BIP-HR),0.017142750375260644,0.0073423250209962935,-0.006987961914304836,0.0,0.01566453026462524,0.007622151542024895,-0.0005789902405361412,0.019119454120827495,0.00710983106981645,0.004690928774443431,2.3028820293963608e-19,0.009978988868708294,732
2017,Marcel,pitching,Standard,BABIP,0.09352567227943474,0.05521434308141759,-0.01118557443555155,0.0,0.09342717605700179,0.05517802410973852,-0.010329710843922296,0.0,0.04157340017666994,0.030326455226383976,6.018198370155823e-17,0.0,732
2017,Steamer,pitching,Standard,BABIP,0.09284828098129423,0.05428919506098366,-0.009945588169778932,0.0,0.09297387009250938,0.05433087653665354,-0.011056760956097826,0.0,0.04028519056718715,0.029071198497110682,1.7194852486159494e-17,0.025397469526842964,732
2017,ZiPS,pitching,Standard,BABIP,0.0936146957104727,0.055419305905051904,-0.016929725772582428,0.0,0.09258543174336083,0.05472065013374374,-0.009745077366289689,0.0,0.041043970639911664,0.030061883325184634,-4.91281499604557e-18,0.0,732
2017,Marcel,pitching,Standard,BB/BF,0.062001903244525265,0.0322014718317225,-0.0157371830979118,0.0,0.06057909853049899,0.03117833366645794,-0.008558627499875952,0.0247810703678365,0.024035370921882272,0.017113764289857485,-2.1493565607699368e-18,0.20823744898455343,732
2017,Steamer,pitching,Standard,BB/BF,0.05988945944033346,0.030341466402635235,-0.010639043852412721,0.04685868212824873,0.05919073600590259,0.02985947009939542,-0.0054758680552646575,0.06896932438793024,0.023119975924319847,0.016213293260945318,9.211528117585444e-18,0.26739807726600495,732
2017,ZiPS,pitching,Standard,BB/BF,0.06074482367133914,0.03163201975589852,-0.014058884210933336,0.01943799440575844,0.05936398270064873,0.030698829732889107,-0.00563924325395425,0.06351123917027324,0.023991132251671494,0.01693897083203884,-7.062171556815507e-18,0.21114934813453035,732
2017,Marcel,pitching,Standard,BF,170.65072740843306,122.18169398907104,4.036885245901639,0.4176304622984247,170.65072740843306,122.18169398907104,4.036885245901639,0.4176304622984247,170.65072740843306,122.18169398907104,4.036885245901639,0.4176304622984247,732
2017,Marcel,pitching,Fantasy,BF,184.55878880200794,130.6096256684492,-53.45989304812834,0.16513531537770076,184.55878880200794,130.6096256684492,-53.45989304812834,0.16513531537770076,184.55878880200794,130.6096256684492,-53.45989304812834,0.16513531537770076,374
2017,Steamer,pitching,Standard,BF,164.2517839626687,115.26947705602386,-10.836834379884063,0.4604862062391555,164.2517839626687,115.26947705602386,-10.836834379884063,0.4604862062391555,164.2517839626687,115.26947705602386,-10.836834379884063,0.4604862062391555,732
2017,Steamer,pitching,Fantasy,BF,179.95912354383873,134.86652452295476,-46.29578559283904,0.20623057504542996,179.95912354383873,134.86652452295476,-46.29578559283904,0.20623057504542996,179.95912354383873,134.86652452295476,-46.29578559283904,0.20623057504542996,374
2017,ZiPS,pitching,Standard,BF,246.4543814754684,184.97815770008526,141.51364914315647,0.0,246.4543814754684,184.97815770008526,141.51364914315647,0.0,246.4543814754684,184.97815770008526,141.51364914315647,0.0,732
2017,ZiPS,pitching,Fantasy,BF,167.4501647375411,119.56955436971735,44.16843121064538,0.31274519337581674,167.4501647375411,119.56955436971735,44.16843121064538,0.31274519337581674,167.4501647375411,119.56955436971735,44.16843121064538,0.31274519337581674,374
2017,Marcel,pitching,Standard,ER/BF,0.07893368112218917,0.04258461703421714,-0.020800002189831846,0.0,0.07712918966197584,0.04144615951819314,-0.0122892625291596,0.0,0.03291112030501885,0.023285383764114976,-1.2282037490113925e-17,0.05130543803773602,732
2017,Steamer,pitching,Standard,ER/BF,0.07769993897399306,0.04121401849567421,-0.020324112124633704,0.0,0.07610046238807006,0.04035362983719684,-0.012925532591367453,0.02346838500327819,0.03120071870356186,0.021549288825230335,1.2282037490113925e-18,0.14735102346557438,732
2017,ZiPS,pitching,Standard,ER/BF,0.07763094880955825,0.04175639529768765,-0.020457491530625555,0.0,0.07574603419334049,0.04043740346627316,-0.01137569526104091,0.03254334576419504,0.03177920905553258,0.022349803288121695,-1.473844498813671e-17,0.11544010110115599,732
2017,Marcel,pitching,Standard,ERA,7.345205389923018,2.323280459170566,-1.4287175009676703,0.0,7.271940535409327,2.269411290446492,-0.9850434650036815,0.0,1.992676955153673,1.069658665858325,-1.5721007987345824e-16,0.03920121539413268,732
2017,Marcel,pitching,Fantasy,ERA,1.262550685209951,0.9696254148256274,-0.263569597934299,0.023131632224062004,1.2350625447303425,0.9557378255968897,0.02853400825190616,0.06520516218872685,1.139416051415191,0.8801173016695845,4.2147158395594253e-16,0.06382926072718931,374
2017,Steamer,pitching,Standard,ERA,7.296120650522848,2.261134851606053,-1.3598205641783079,0.0,7.238674277388033,2.223884228386837,-1.0070455371508447,0.0025956170110598142,1.9383717729453889,0.9974695854092592,-6.288403194938329e-16,0.09085573784627843,732
2017,Steamer,pitching,Fantasy,ERA,1.148532679106556,0.87300840418705,-0.18998447987157166,0.1916022124149861,1.132735869265214,0.8689216265117355,-0.0075721289217954915,0.21368654130072018,1.0341525459684422,0.7951328856872675,7.961129919167803e-16,0.22881316467863222,374
2017,ZiPS,pitching,Standard,ERA,7.283247951845448,2.263736378906026,-1.285057683496754,0.0,7.230082306590898,2.2298210164693164,-0.9379566524802295,0.004961957338933565,1.957851064250093,1.029590447058199,-3.1442015974691647e-16,0.07249138670222943,732
2017,ZiPS,pitching,Fantasy,ERA,1.1749796687737757,0.9161089548436067,-0.17645236018785584,0.15394400585110335,1.1617701439986798,0.9126289144320255,0.01637317534403855,0.17286037642391272,1.0745477623261641,0.8454394260144756,3.278112319657331e-16,0.1673895746052756,374
2017,Marcel,pitching,Standard,HBP/BF,0.015353697276565005,0.008468906819912083,-0.0015211586271153144,0.0101427268632589,0.015298278911086255,0.00856972308184821,-0.0007843730935174764,0.017275506770117688,0.007320080909225992,0.005187340398504125,-2.0150217757218158e-18,0.05632447267047669,732
2017,Steamer,pitching,Standard,HBP/BF,0.01529101423028823,0.008313023042969839,-0.0017869965549647884,0.018208616266822242,0.01521266231278274,0.00843817127348105,-0.0008962896514739097,0.028244334235381974,0.007221371698449465,0.005069794312572063,-3.2624162083115115e-19,0.08160326962287978,732
2017,ZiPS,pitching,Standard,HBP/BF,0.015243283023874829,0.008633745623098066,-0.0003916926081263377,0.024328412640889252,0.01524335253981541,0.008633318374181522,-0.00039438864893298256,0.02431951365467422,0.007351387652619348,0.0052278653753147645,-5.085531148250297e-19,0.048235331575642526,732
2017,Marcel,pitching,Standard,HLD/G,0.09573813852744718,0.0801603018553083,0.027755646395229077,0.20007195774026432,0.09183128296103665,0.06540285715293749,-0.006129377487666168,0.2640263473663913,0.08092603018410506,0.055822775466090914,-8.597426243079747e-18,0.3538995073553606,732
2017,Steamer,pitching,Standard,HLD/G,0.0942086384476565,0.05769961015064454,-0.004671220115136552,0.22542688659819066,0.09409844510953448,0.0592727400498684,-0.0010344618092838387,0.22723782200587594,0.0777302342787921,0.04381827776329504,-6.1410187450569625e-18,0.4039213700187967,732
2017,ZiPS,pitching,Standard,HLD/G,0.12841597696351323,0.07268799769369062,-0.06902737730251002,0.0,0.10889056143569288,0.08290529092454144,-0.011457314150791173,0.0,0.10085245730413053,0.07737166485395491,-1.2282037490113925e-18,0.0,732
2017,Marcel,pitching,Standard,HR/BIP,0.0320291140140759,0.02271553241642385,-0.008379086815300713,0.0,0.03092063435681046,0.022019705761452926,-0.0006561862229887656,0.02945891533605982,0.01868596459602206,0.013970032337620274,1.8423056235170886e-18,0.036024403827064844,732
2017,Steamer,pitching,Standard,HR/BIP,0.03225970623581203,0.022478418406395598,-0.009610698441369404,0.0,0.030842319895168994,0.021540913513749003,-0.001710431122842286,0.0343689794388522,0.01790305974955119,0.013012168172178833,-7.369222494068354e-18,0.11510952908267258,732
2017,ZiPS,pitching,Standard,HR/BIP,0.03227935880772661,0.022667778069515195,-0.00779478777630591,0.0,0.03132880475794608,0.022134525631307,-0.0005438005159946176,0.003666376976329766,0.01865660150853622,0.013828991457208187,3.0705093725284813e-18,0.03905160214733505,732
2017,Marcel,pitching,Standard,L/G,0.15488579949902992,0.11798659695717519,0.005320300463704156,0.1670004757750465,0.16549485360897515,0.1365401234820482,0.05854264498317882,0.04897806092446633,0.13257375047332737,0.11023169317147538,7.369222494068354e-18,0.3028158428116199,732
2017,Steamer,pitching,Standard,L/G,0.14112742016481156,0.0899486465850457,0.022048540797512384,0.30841692729915104,0.14029576389623735,0.08875655156897665,0.015877367418847585,0.3165438342509106,0.11064884709303885,0.07772793029082527,2.0879463733193674e-17,0.5143468489521621,732
2017,ZiPS,pitching,Standard,L/G,0.1542300597845798,0.10642805773871684,0.04283081039996474,0.17403888192484074,0.15186861270901975,0.10459809958312309,0.03334130328173919,0.19913815897571507,0.11736435898218993,0.08569950364106063,3.5617908721330386e-17,0.4536073020180177,732
2017,Marcel,pitching,Standard,R/BF,0.08000600717654736,0.044098313377991145,-0.02155238167840395,0.0,0.07810359750634863,0.042837072147245775,-0.012795152015961367,0.0,0.034094428482500626,0.024333709889991145,3.684611247034177e-18,0.05025084710687078,732
2017,Steamer,pitching,Standard,R/BF,0.07877458894010314,0.04285737525141916,-0.02093628995816967,0.0,0.07714730546062332,0.041869516156938076,-0.013586725667542402,0.023001200918002507,0.03222564741219448,0.02262870622016578,1.5966648737148103e-17,0.15151261982103514,732
2017,ZiPS,pitching,Standard,R/BF,0.07881843629553896,0.043511263745751844,-0.02235152355034241,0.0,0.07649169977446314,0.04175379945612306,-0.011756906027275431,0.039535915557041834,0.032782807569358974,0.023309175232579114,2.456407498022785e-18,0.12191941623235714,732
2017,Marcel,pitching,Standard,SO/BF,0.0671401237416088,0.04864477333974113,0.005197527445097241,0.18039242038361258,0.06767967190927716,0.049155324041468135,0.009987795815463935,0.16716650993220472,0.04689667909228768,0.0348563006752212,-2.456407498022785e-17,0.35231224519180226,732
2017,Marcel,pitching,Fantasy,SO/BF,0.04877942554034645,0.03630212402612578,-0.009791943525270927,0.35293593036668025,0.047845419165421524,0.03614857578382295,-0.002373591597300765,0.37747807839816294,0.043493965058329545,0.03254401942232856,5.853771999388091e-18,0.4075329589134198,374
2017,Steamer,pitching,Standard,SO/BF,0.06269404042886052,0.044555083486336786,-0.0010996501762617365,0.28534866287783645,0.06318572316037661,0.04501157338769901,0.00794368532321796,0.2740952937248561,0.04230317762467465,0.03132895875260049,1.2282037490113925e-18,0.4729795250086044,732
2017,Steamer,pitching,Fantasy,SO/BF,0.04347531867578663,0.03213886474167825,-0.011286562935541356,0.48600431855407933,0.041984754519250586,0.03165389689382291,5.273498333173057e-05,0.5206451139945572,0.038432942872270025,0.02881255313036468,3.000058149686396e-17,0.537391643201852,374
2017,ZiPS,pitching,Standard,SO/BF,0.06372642237123834,0.04571022835287956,0.0002338932028895487,0.2616185684254406,0.06449379738797371,0.046317688142162694,0.009922081400285691,0.24372875282343887,0.04342029781565679,0.032699239246742826,-1.2282037490113925e-17,0.4447774425637996,732
2017,ZiPS,pitching,Fantasy,SO/BF,0.04477195986019399,0.03363848677879337,-0.012337815198430649,0.45488750951305124,0.04304019713635353,0.032741595386060265,0.00038969691297076315,0.49624145532636454,0.03907330861284325,0.02993172796770361,4.0976403995716635e-17,0.521847348711891,374
2017,Marcel,pitching,Standard,SV/G,0.07681769392846131,0.050624360908217536,0.025223427689384948,0.3361297467731411,0.07269534225285054,0.036249248913098296,0.0044582495638924215,0.40546989688565227,0.06867597135217278,0.031166542143064968,4.2987131215398735e-18,0.4597540058436391,732
2017,Marcel,pitching,Fantasy,SV/G,0.08628084007584987,0.05266464035738813,0.012172958126366866,0.48470707586645445,0.08561735696082248,0.04224057081424205,-0.005842033747660092,0.492601612521001,0.07011206104875647,0.03233996568647296,4.390328999541068e-18,0.4869659368131236,374
2017,Steamer,pitching,Standard,SV/G,0.06475294991917695,0.022302777440247567,-0.005283412354030351,0.528284882724914,0.06454154138952233,0.026274460125538298,0.0007618975014442615,0.5313600107819707,0.06119094146252321,0.023890221436627185,2.456407498022785e-18,0.5710998441422441,732
2017,Steamer,pitching,Fantasy,SV/G,0.07540127770021986,0.029594422655802987,-0.009938496894512622,0.6064654568042109,0.07478944743155432,0.03339718396416538,-0.0026234497925045563,0.6128260778486649,0.060291671279625196,0.024364815999268218,3.292746749655801e-18,0.6206191733522602,374
2017,ZiPS,pitching,Standard,SV/G,0.08635785926380073,0.032075495124114686,0.005681794472799991,0.16099526032983935,0.0863578208549601,0.032075823715291,0.005681210665176047,0.16099600664737046,0.07448977180741707,0.025639447674326295,1.8423056235170886e-18,0.3644126843331664,732
2017,ZiPS,pitching,Fantasy,SV/G,0.08644971199332488,0.03476963448750873,-0.0028960618871133343,0.4826880027574527,0.08640130044824462,0.03635154120027417,-0.0001385275171500272,0.4832672264530752,0.06982892109762591,0.025375372086992386,-1.4634429998470227e-18,0.49110123473900413,374
2017,Marcel,pitching,Standard,W/G,0.1506524569971433,0.11221465739218257,0.023286385917293692,0.1423590207490193,0.1643145921508348,0.13298807499720028,0.06960875062453141,0.0,0.1384184956872216,0.11058581326485935,1.2282037490113925e-17,0.3581089931896444,732
2017,Marcel,pitching,Fantasy,W/G,0.12916264501974747,0.09275502223272289,-0.03283340174027721,0.3674152762820848,0.12941596309961725,0.10727935052143217,0.03381619296051283,0.3649315506414085,0.13052841870490395,0.1055154456001675,-8.780657999082136e-18,0.39040769888302185,374
2017,Steamer,pitching,Standard,W/G,0.1335479390606001,0.08819426122489564,0.024812048182353726,0.3260503274940123,0.13341279962051,0.08798250347346659,0.024074069249963446,0.3274135997504638,0.11944709854104579,0.08439211537441375,3.930251996836456e-17,0.5220040128502326,732
2017,Steamer,pitching,Fantasy,W/G,0.10916113330655955,0.07448306781434837,0.00046123330412955516,0.5481639154486192,0.10946595264460933,0.0752802969344242,0.008176460100815575,0.5456369964439047,0.11556881937342425,0.08354790252463226,2.9268859996940453e-18,0.5221290028741654,374
2017,ZiPS,pitching,Standard,W/G,0.14171481546486245,0.10156977810654916,0.05400428378504351,0.2411016698292362,0.13450315805603025,0.09373944411133003,0.03040515206245399,0.31637482285784957,0.11594024462824114,0.08444757359658565,4.175892746638735e-17,0.5496590230198,732
2017,ZiPS,pitching,Fantasy,W/G,0.10831941049984722,0.07766058198240568,0.02257537348040494,0.5551051120402332,0.1063389410362108,0.07563873512667982,0.009193648755966176,0.5712249540251884,0.11139209050213421,0.08245933696611746,-2.3415087997552363e-17,0.5560459432621818,374
2017,Marcel,pitching,Standard,WHIP,0.889274490722081,0.37951778141264075,-0.22597463645460952,0.0,0.8757247250870999,0.3696350101804249,-0.16477017509444233,0.0,0.28405213910317806,0.1743852209295285,-3.930251996836456e-17,0.0826143093335846,732
2017,Marcel,pitching,Fantasy,WHIP,0.20627551986665987,0.16048063644711413,-0.0299915802583561,0.09466216978382624,0.20418320325645972,0.15844580257936539,0.006378501563953978,0.11293526764138617,0.18634480572347803,0.144364324763367,-1.0536789598898563e-16,0.1478650638783876,374
2017,Steamer,pitching,Standard,WHIP,0.874467405227235,0.36169454643814136,-0.1825438898972779,0.0,0.8692266624493881,0.3592283538847633,-0.15551212057868236,0.0024373635380060543,0.27564964671164105,0.16465507818719688,1.0808192991300254e-16,0.13608559838492285,732
2017,Steamer,pitching,Fantasy,WHIP,0.1908370313955354,0.14756494768361722,-0.0019980340109720246,0.22510904460780556,0.19083225904079118,0.14770617143958686,0.001473322320495876,0.2251478002755145,0.17444154215319016,0.13406756369937178,-7.609903599204518e-17,0.25325276562673094,374
2017,ZiPS,pitching,Standard,WHIP,0.8750296221226281,0.3673090507645166,-0.1886463458025327,0.0,0.867624381200515,0.3624888313959802,-0.15060767260055538,0.006111670367165756,0.2814858191051518,0.17169131144780572,1.1790755990509367e-16,0.09911599845843466,732
2017,ZiPS,pitching,Fantasy,WHIP,0.20155890515413333,0.1575098012888929,-0.008468607586769828,0.13559102242797982,0.2014641809794593,0.1570834836217365,0.00579148385563753,0.1364033029545788,0.18394862687727928,0.14245367782394477,-5.853771999388091e-17,0.1696391044337714,374
2017,Marcel,pitching,Standard,wOBA,0.08731056578458879,0.05568617181743343,-0.02699739968775495,0.0,0.08452725999822851,0.053316598125683116,-0.01582979390527579,0.011465106707486905,0.04196053690977322,0.030505562782196034,-1.7194852486159494e-17,0.10742911435627478,732
2017,Steamer,pitching,Standard,wOBA,0.09257331126195938,0.060882392887864525,-0.042970607059486285,0.0,0.08350852938407775,0.051501173471131007,-0.015821807512055454,0.03514935302018096,0.03990349018393103,0.02862543743993442,-1.1053833741102532e-16,0.19279766439810497,732
2017,ZiPS,pitching,Standard,wOBA,0.09289055513465821,0.0628464744217202,-0.04547705720164096,0.0,0.08212111867846356,0.05144155922942722,-0.013541995107761818,0.0669430873863115,0.040912027567417866,0.029715457900699686,-1.2282037490113925e-17,0.15147889256984393,732
2018,Davenport,batting,Standard,1B/(BIP-HR),0.07930257452476862,0.04973530596155483,0.007020297758117629,0.0,0.07900659103521243,0.04917498928557614,0.0015581018456639873,0.0,0.03815172844654048,0.02934148079557788,-3.410529342107545e-17,0.0,629
2018,Marcel,batting,Standard,1B/(BIP-HR),0.07799451388181279,0.047458962913867496,0.009659367710512972,0.010873035063834302,0.07748686077854337,0.04687594849330612,0.0037911452385756424,0.02370725115815231,0.03510331516559918,0.026621881474714625,-5.3052678655006256e-17,0.1362674229673988,629
2018,Steamer,batting,Standard,1B/(BIP-HR),0.07793834552685885,0.04694563802196338,0.010098009356645173,0.012297177008336102,0.07747312914471867,0.046438579288740935,0.005447001833771494,0.024053242892361548,0.03435259728756937,0.02601916383367024,-4.5473724561433936e-17,0.172815877138924,629
2018,ZiPS,batting,Standard,1B/(BIP-HR),0.07823908216312535,0.04714077285392549,0.007684768591932432,0.004660076016316572,0.07799676285489551,0.04682945833267271,0.004603988100123809,0.010815991257011492,0.03519941576140615,0.02686889592361438,-1.0105272124763097e-17,0.13153175429916208,629
2018,Davenport,batting,Standard,2B/(BIP-HR),0.03723031337044134,0.02652601981007205,0.006572124980772672,0.0,0.03703586160675553,0.02631684886385316,0.00536205539475131,0.0,0.021782096766096437,0.016657753769708357,2.2105282772919276e-18,0.0,629
2018,Marcel,batting,Standard,2B/(BIP-HR),0.03642862188140541,0.025837463068663895,0.006229367450443284,0.01731183423405569,0.03645263968661798,0.02586040843435442,0.0063683174211584155,0.016015612073092322,0.020523615444057446,0.015763313383783596,1.5789487694942338e-18,0.0868452871327472,629
2018,Steamer,batting,Standard,2B/(BIP-HR),0.03522560714938865,0.024789699520460198,0.003925476934651751,0.08114450495419145,0.035368941959095804,0.024962974383505452,0.005052526637961348,0.0736515506323584,0.019736782489566618,0.015395917504604456,2.2105282772919276e-18,0.15552006001398988,629
2018,ZiPS,batting,Standard,2B/(BIP-HR),0.03527294669376393,0.02482471125569066,0.003637606795737339,0.07867315342736836,0.03544413157412249,0.025004573854225585,0.005033674381899362,0.06970877968194444,0.019732736306286483,0.01544757462666987,6.000005324078089e-18,0.1558662735235783,629
2018,Davenport,batting,Standard,3B/(BIP-HR),0.014615535246498432,0.006420286517169944,-0.0005825620237796159,0.001997760309406571,0.014604384726329361,0.006580378957667573,-0.00011645258500586745,0.003519976077919651,0.007411892536941615,0.005147429265446904,4.539477712295923e-19,0.09477859046010728,629
2018,Marcel,batting,Standard,3B/(BIP-HR),0.0146067262807165,0.007235852154734026,0.0007085580335441651,0.0032004146218123086,0.014593726148513175,0.0071343449065017425,0.00034992105527259916,0.004973948202476763,0.0076275622404011045,0.0053829959015006595,1.9934228214864703e-18,0.04133226864447204,629
2018,Steamer,batting,Standard,3B/(BIP-HR),0.014196334047974853,0.006543194036927433,-0.00022943910795438324,0.058425937094090274,0.014197834052316291,0.006708652611427678,0.0003085995458209029,0.05822695053973004,0.0070593534148238905,0.00493620532792673,1.1250009982646417e-18,0.17884254815481515,629
2018,ZiPS,batting,Standard,3B/(BIP-HR),0.01436097552484633,0.007099828344686337,0.0015113524248642704,0.036459551171710514,0.014284339485531716,0.006832249412521295,0.00029819903559239304,0.046715804061544186,0.007225097969676083,0.005082850977333699,1.0657904194086079e-18,0.13983043960695474,629
2018,Davenport,batting,Standard,AVG,0.0643991533794822,0.04193730256897909,0.015645412795158232,0.05014593316203675,0.06338316700061321,0.04112539800741177,0.010721653070513407,0.07988006250209678,0.03216382951484415,0.024506514657192356,6.315795077976935e-18,0.173543548391898,629
2018,Davenport,batting,Fantasy,AVG,0.027250084299067952,0.02153433724114462,0.0030044390558416644,0.07736881978522425,0.027084230626308856,0.02130606313675923,0.00012291604062794834,0.0885655629438058,0.02654281747218447,0.020922755075365937,4.77050683165155e-17,0.11703815894571079,278
2018,Marcel,batting,Standard,AVG,0.06729573559999738,0.043463692587998974,0.02544724796152092,0.0,0.06439639559276894,0.04113802996704087,0.01630160005063208,0.050227283263702405,0.030414865277034034,0.023070743675788628,6.315795077976935e-18,0.26097987454804406,629
2018,Marcel,batting,Fantasy,AVG,0.024808224477478734,0.020012806163410963,0.005931193547152116,0.23531284843318434,0.024099468200945173,0.019530413803887158,0.0007179294792468265,0.2783820201452981,0.023628751414884182,0.019099724918999056,9.5410136633031e-17,0.30027169727598435,278
2018,Steamer,batting,Standard,AVG,0.0652781471845907,0.04175896808901236,0.021302309275005347,0.024039571732729637,0.06330357193608005,0.04014239750421217,0.014138391013879733,0.08218954070039863,0.03030672627483359,0.02273835534019022,3.284213440548006e-17,0.26622565337098536,629
2018,Steamer,batting,Fantasy,AVG,0.024948032619275713,0.019718200975465734,0.004184133687402661,0.22666968761129236,0.024600870545637813,0.019454899801053287,0.0005526976975191919,0.2480423559395153,0.024185003042258568,0.01913920308493823,6.145059647551149e-17,0.2669388789342094,278
2018,ZiPS,batting,Standard,AVG,0.06423027500293023,0.04135442096028477,0.018102262468624904,0.055121137880133286,0.06305532380059127,0.04047305886422738,0.013346817565560505,0.0893739056900632,0.030583844942735035,0.0234101410346564,6.947374585774629e-17,0.2527453302506186,629
2018,ZiPS,batting,Fantasy,AVG,0.02571915961756556,0.020623667574683955,0.002191277619883388,0.17812461287033077,0.02562925267490294,0.020550730396064504,0.00043025439870633973,0.18386065954188924,0.02499943515090052,0.020071304818280285,3.5576661117401394e-17,0.21673578344962607,278
2018,Davenport,batting,Standard,BABIP,0.08527536558029197,0.05345299483122228,0.01300986071511069,0.0,0.08455129742389471,0.05269974065732509,0.006803704655409421,0.015509864134131357,0.040072058316663633,0.030650746959174576,-3.157897538988468e-17,0.036178399279309104,629
2018,Marcel,batting,Standard,BABIP,0.08451047921879846,0.05178610350803579,0.016597293194500425,0.016460184745837436,0.08352842691249492,0.05099546372338031,0.010509383715006754,0.039185780778446144,0.0378506801942548,0.028576124861085416,4.92632016082201e-17,0.14007469200678835,629
2018,Steamer,batting,Standard,BABIP,0.08446855501130504,0.051012293241529595,0.013794047183342536,0.017435777356367144,0.08403259295800301,0.05071329682620308,0.010808128017553823,0.02755209296780381,0.03750185924204279,0.028064527591287112,3.410529342107545e-17,0.15585130637519184,629
2018,ZiPS,batting,Standard,BABIP,0.08442108533350151,0.051027632477484305,0.012833727812534043,0.018539830837938642,0.08402937833530227,0.050704673592962615,0.009935861517615595,0.027626492512419443,0.03746250232786518,0.028370764742191093,3.031581637428929e-17,0.1576221868122749,629
2018,Davenport,batting,Standard,BB/PA,0.04049838417336406,0.025829765444073907,0.0026031544683887413,0.21770208984689932,0.04044997590216137,0.025732567162610027,0.0016905156072462852,0.21957115485234435,0.022278855208657765,0.01736419668038164,1.815791084918369e-18,0.5278568455793874,629
2018,Marcel,batting,Standard,BB/PA,0.04141675562869668,0.026769307528790868,0.002370187721386735,0.1818198676028433,0.0416096646363216,0.027026250498178757,0.004651272317827329,0.17418035593124903,0.023501419674418527,0.017902083551671093,-1.2000010648156177e-17,0.47461683660618836,629
2018,Steamer,batting,Standard,BB/PA,0.04083318596712657,0.02563454170308936,-0.0018952340509295377,0.204714047045784,0.04079482261009524,0.025714637687710366,0.0006785187329749995,0.20620770990944814,0.022419323253379045,0.01728337007609088,2.5263180311907743e-18,0.5218843571426119,629
2018,ZiPS,batting,Standard,BB/PA,0.0413428319506625,0.026139886811572928,-0.004511995238653388,0.18473795747293498,0.041124903162655456,0.02614146013140501,0.0015446706673914647,0.19331021973017637,0.022319853493778134,0.01749296095082357,-3.9473719237355846e-19,0.5261175398357718,629
2018,Davenport,batting,Standard,HBP/PA,0.015513894959413103,0.009919797574693082,-0.009919797574693082,0.0,0.01194870795205699,0.008527946655801154,0.000702188603391851,0.0,0.008893593256028927,0.006492642546013933,7.500006655097611e-19,0.0,629
2018,Marcel,batting,Standard,HBP/PA,0.011178901242144365,0.007562870413518439,-0.0002560335456958574,0.12166780976980562,0.01120665117295988,0.007805389473705232,0.0008287042339145315,0.11730174392099324,0.007396517670071104,0.0053829789037465265,1.7171067868249793e-18,0.30832819675514955,629
2018,Steamer,batting,Standard,HBP/PA,0.010866363215256743,0.00712453287696246,-0.0009028630909620374,0.17009382560872188,0.010838379599962786,0.0073964935109341184,0.00045583394786494154,0.1743627555399252,0.007162617108051881,0.005181251628116292,1.825659514727708e-19,0.3513820776581549,629
2018,ZiPS,batting,Standard,HBP/PA,0.010701686270061583,0.007031377051466747,-0.0008429497851742981,0.19505725425587594,0.010679610852514076,0.007235743511784765,0.0004884293998493637,0.19837469776443473,0.006935311248855982,0.005061213888966842,2.644739188902842e-18,0.3918966634448616,629
2018,Davenport,batting,Standard,HR/BIP,0.040997703349591984,0.02243710862611442,0.003737625739723284,0.1434413455439516,0.04083306742573732,0.021605322383442177,0.0007053804816593283,0.150306958188827,0.02036155716614521,0.014988824904168894,6.789479708825206e-18,0.39548489289328803,629
2018,Davenport,batting,Fantasy,HR/BIP,0.01796389847901879,0.014152241009488,0.0025819475450481306,0.4263896959017459,0.01777842937653071,0.01373747472457725,0.00019327611641564493,0.4381730835340937,0.01771633052436134,0.013737990356850792,-2.8299616797932924e-18,0.45287451403523216,278
2018,Marcel,batting,Standard,HR/BIP,0.04115732570075558,0.02332501823930989,0.004307437483077719,0.13675843100876606,0.04107259130282304,0.02310427363693339,0.0034038676768173965,0.1403092427726753,0.020303842790765067,0.014878952359283857,2.2105282772919276e-18,0.39890700498300036,629
2018,Marcel,batting,Fantasy,HR/BIP,0.017246120031754485,0.013129735538386828,0.00013576153940965508,0.4713130761479267,0.017252564319053632,0.013160533742446736,0.0004906634579649613,0.4709178977583326,0.01711973154923112,0.01309422916020515,8.085604799409408e-18,0.4891030643332951,278
2018,Steamer,batting,Standard,HR/BIP,0.0403148428726681,0.020915382680876823,-0.00018368986006515346,0.1717375111104985,0.040318836807678164,0.020828478182133837,-0.0005964793717774899,0.17157339337236788,0.02007967202590038,0.014525063641487597,1.8947385233930805e-18,0.41210683296990713,629
2018,Steamer,batting,Fantasy,HR/BIP,0.017624486090502555,0.013381851249051242,0.000304663195105305,0.4478606688646962,0.017621942024256765,0.01334270836249931,-5.6128552452258814e-05,0.4480200582104644,0.01765665495352409,0.013322767162226964,4.244942519689939e-18,0.4565541740623672,278
2018,ZiPS,batting,Standard,HR/BIP,0.04045910753449872,0.02092583944682033,0.0004390257179043031,0.16579911264107594,0.04045676386597755,0.02085858468568307,5.5709966054357134e-05,0.1658957550957938,0.020062585134877076,0.01448277699124216,3.473687292887314e-18,0.41310694815427285,629
2018,ZiPS,batting,Fantasy,HR/BIP,0.0178396345021445,0.013476910200238362,8.605725392346647e-05,0.43429806430280116,0.017839464948579117,0.013469708443516831,-3.682841879975421e-05,0.4343088174742653,0.017934941619919854,0.013500424952776084,2.627821559808057e-18,0.4392886698541696,278
2018,Davenport,batting,Standard,OBP,0.0660797203007777,0.04266741723669264,0.009879317553228201,0.12178860375310507,0.06628168397322162,0.04287617335005584,0.011150475802159075,0.1164121328267439,0.034839442728266105,0.026518232069752932,3.9157929483457e-17,0.2703638966048777,629
2018,Marcel,batting,Standard,OBP,0.07063883532905951,0.04576182783878244,0.024636344432675362,0.0,0.06880064747027353,0.04412388964542742,0.01872521035097556,0.047976372264669775,0.03388396403298856,0.025543886124809467,4.5473724561433936e-17,0.30983593949837374,629
2018,Steamer,batting,Standard,OBP,0.06701067018865157,0.04316733777638703,0.017003530558348245,0.09686931287026801,0.06620102684244598,0.0423856259949741,0.013463509472299628,0.11856127254802296,0.03373613341187284,0.02546421358451731,4.5473724561433936e-17,0.31584496586864164,629
2018,ZiPS,batting,Standard,OBP,0.06563552743265327,0.0421478331864155,0.012279739440119111,0.13355572723144182,0.06586657598980111,0.04235047563603902,0.013460140117208357,0.12744491925638823,0.033419090381582396,0.02566213433566558,7.578954093572322e-18,0.3286435499831707,629
2018,Davenport,batting,Standard,PA,142.811626605217,101.85375749157069,-13.414991874885029,0.5789202261390842,142.811626605217,101.85375749157069,-13.414991874885029,0.5789202261390842,142.811626605217,101.85375749157069,-13.414991874885029,0.5789202261390842,629
2018,Davenport,batting,Fantasy,PA,150.01719431516744,110.26277093335574,-46.95341841537013,0.0,150.01719431516744,110.26277093335574,-46.95341841537013,0.0,150.01719431516744,110.26277093335574,-46.95341841537013,0.0,278
2018,Marcel,batting,Standard,PA,170.72476664487183,135.8235294117647,35.96343402225755,0.3982303159057835,170.72476664487183,135.8235294117647,35.96343402225755,0.3982303159057835,170.72476664487183,135.8235294117647,35.96343402225755,0.3982303159057835,629
2018,Marcel,batting,Fantasy,PA,154.5346577038778,113.24820143884892,-59.773381294964025,0.0,154.5346577038778,113.24820143884892,-59.773381294964025,0.0,154.5346577038778,113.24820143884892,-59.773381294964025,0.0,278
2018,Steamer,batting,Standard,PA,143.22522974076335,102.39316402292782,-26.967408795045934,0.5764776783565668,143.22522974076335,102.39316402292782,-26.967408795045934,0.5764776783565668,143.22522974076335,102.39316402292782,-26.967408795045934,0.5764776783565668,629
2018,Steamer,batting,Fantasy,PA,157.2521215000244,115.12446096475176,-64.91510840285596,0.0,157.2521215000244,115.12446096475176,-64.91510840285596,0.0,157.2521215000244,115.12446096475176,-64.91510840285596,0.0,278
2018,ZiPS,batting,Standard,PA,259.0801049770371,207.01589825119237,177.84578696343402,0.0,259.0801049770371,207.01589825119237,177.84578696343402,0.0,259.0801049770371,207.01589825119237,177.84578696343402,0.0,629
2018,ZiPS,batting,Fantasy,PA,105.27092488384093,81.95323741007195,19.003597122302157,0.17303439006529386,105.27092488384093,81.95323741007195,19.003597122302157,0.17303439006529386,105.27092488384093,81.95323741007195,19.003597122302157,0.17303439006529386,278
2018,Davenport,batting,Standard,R/PA,0.057545419207644465,0.03166655900997534,0.008793049265224891,0.03415597422891492,0.05691683194254707,0.030564268907784697,0.0023169380598717887,0.05514118534427248,0.023608530471319826,0.017716080918096483,1.2000010648156177e-17,0.18462041664200046,629
2018,Davenport,batting,Fantasy,R/PA,0.020987888428309745,0.016920830900792848,0.00557666574790712,0.04952949437229326,0.02023429595612027,0.016186682085873795,0.00018566912658669977,0.1165594148413387,0.019878656853733388,0.015999370428690558,-8.085604799409408e-18,0.16349259813238604,278
2018,Marcel,batting,Standard,R/PA,0.05727864515962795,0.031062050847166914,0.008996907204692997,0.04309030394058688,0.056817160023057776,0.0302073835863264,0.005318911638017773,0.05844753352891685,0.02306557697948912,0.016515079064292268,1.2000010648156177e-17,0.22169365940236718,629
2018,Marcel,batting,Fantasy,R/PA,0.018832088187330353,0.014673006088906483,0.0021377606725160136,0.2347592133411821,0.018725092647594883,0.01449232432273181,0.0007426774929810247,0.24343002614309195,0.018576144472723818,0.014389903141841087,2.18311329584054e-17,0.26952244797624836,278
2018,Steamer,batting,Standard,R/PA,0.057752080888171034,0.030251812045212063,-0.00023473241140357373,0.027206285887793502,0.05776180599228263,0.030312103116954755,0.0010855799745807435,0.026878633046518385,0.02376187587366811,0.017419859016933197,-8.210533601370015e-18,0.17399368306981366,629
2018,Steamer,batting,Fantasy,R/PA,0.020330114670181747,0.015807736137878416,-0.0021508835421664555,0.1081726076390731,0.020216496448914538,0.01570582698686821,0.00013952124640182078,0.11811300393318103,0.01999683701716105,0.015644351647680712,-2.8299616797932924e-18,0.15351682932925448,278
2018,ZiPS,batting,Standard,R/PA,0.057601968083551405,0.030063271033342207,0.0038623835216298414,0.0322568055204554,0.05753002784427949,0.029873707804530022,0.002575923743680508,0.034672563335073625,0.02264192550199008,0.016484440037232737,1.0105272124763097e-17,0.25002180459595125,629
2018,ZiPS,batting,Fantasy,R/PA,0.018797640500333893,0.014742941078987788,0.00018386163225500273,0.2375562122981718,0.01879947476980006,0.01474982592561099,0.0003205750152014516,0.23740740685704054,0.018452941978317313,0.014586933043691457,-1.131984671917317e-17,0.2791798033443237,278
2018,Davenport,batting,Standard,RBI/PA,0.048288831068841076,0.03416611843370667,0.012129329788797218,0.08821100094486312,0.04707986858070502,0.032816997448976676,0.005641228652234263,0.1332947111772731,0.02839664843600899,0.021775888545266988,-1.2631590155953871e-18,0.22680761485202938,629
2018,Davenport,batting,Fantasy,RBI/PA,0.02576343052840163,0.020824191291990715,0.004963790765828552,0.18557053981429206,0.025280937319141616,0.020201167818140388,-0.00010323715181620052,0.2157898904610024,0.025038012834847675,0.01994190317630485,2.4256814398228223e-18,0.23258044687933055,278
2018,Marcel,batting,Standard,RBI/PA,0.04963361176319916,0.034929285155005874,0.012229082192523869,0.03671960476114522,0.04892928399714605,0.03420667826255329,0.008951528756860172,0.06386456607130431,0.028078583005565982,0.02186991395578731,-5.0526360623815486e-18,0.24403137177443746,629
2018,Marcel,batting,Fantasy,RBI/PA,0.02414382261132969,0.019694383598841486,0.0019510876678294612,0.2847495229484186,0.02407443241889521,0.019568653076071744,0.0006788733992094388,0.28885492480572383,0.023909876551669502,0.019466014685786372,-1.6979770078759755e-17,0.30017764300688143,278
2018,Steamer,batting,Standard,RBI/PA,0.047601920310663064,0.03335042359197656,0.010910383316600459,0.11396697641888043,0.046595377689367196,0.03224441481733783,0.004921673380793878,0.1510411584477146,0.027064832630078046,0.02094202626585447,3.789477046786161e-18,0.29763301331322256,629
2018,Steamer,batting,Fantasy,RBI/PA,0.024166957172946996,0.01991735818820039,0.005220908406112847,0.283378163147323,0.0235969227331213,0.019175075370527716,0.00017557920965306873,0.31678587921345325,0.02343133161221737,0.018970493827632117,-8.085604799409408e-18,0.327910538177246,278
2018,ZiPS,batting,Standard,RBI/PA,0.049570997000539394,0.03495249900334745,0.010996316307104157,0.03914850428877248,0.04850236453697584,0.033878759844669336,0.004014298740264615,0.08012930008465713,0.029112446617937777,0.023038164860388656,3.789477046786161e-18,0.18733639726560347,629
2018,ZiPS,batting,Fantasy,RBI/PA,0.027176534053506465,0.02210779013386719,0.006588315568183695,0.09377877514684718,0.026366012513647404,0.02152790081422579,9.227531840494766e-05,0.14702755697004233,0.026209289271601,0.02141691667706744,-3.234241919763763e-18,0.15910139252705124,278
2018,Davenport,batting,Standard,SB/TOF,0.23621076233425878,0.04830502086078097,-0.0050647725930870685,0.12509428558177405,0.23630208454943097,0.04807690063398098,-0.008294747813793945,0.12441765449185516,0.05256265292658833,0.02858409488590423,-1.482238157362712e-17,0.4857379756104452,629
2018,Davenport,batting,Fantasy,SB/TOF,0.03682282829394812,0.025701301089751067,0.005717287222372762,0.5979418456199928,0.03639638832205104,0.025313045031813485,0.0012098646647681437,0.6072002804333774,0.03590394675720572,0.025277394174949733,1.516050899889264e-19,0.6272711939486276,278
2018,Marcel,batting,Standard,SB/TOF,0.24080567497215774,0.0531057745114067,-0.006026718293694893,0.09072484259291658,0.24094139250763807,0.051745796269418,-0.010084783493699432,0.08969962291133238,0.05511404375090661,0.02983409071340878,-1.5434224221806136e-17,0.43460175643156407,629
2018,Marcel,batting,Fantasy,SB/TOF,0.03576409769595407,0.02605466660032712,0.007215677084190898,0.6207294388484419,0.03503902293224092,0.024247316468625987,0.0008534868620404293,0.6359520718901006,0.0357204815312152,0.0248862384903163,1.637334971880405e-17,0.6310706681881232,278
2018,Steamer,batting,Standard,SB/TOF,0.23898802322289275,0.05173437037301099,0.0008810380947980389,0.10439983547207654,0.23905739317718422,0.049346332734779674,-0.005825651621014211,0.10387983653316901,0.051826544590158896,0.02797024674153447,-1.8947385233930808e-17,0.5000409775277042,629
2018,Steamer,batting,Fantasy,SB/TOF,0.035625437240068135,0.02583709403079954,0.00840960276487144,0.6236646663346461,0.03465015177538855,0.024202402461275932,0.0014773822032100104,0.6439878075622469,0.034531584930209955,0.02434326543613634,9.500585639306054e-18,0.6552203695550949,278
2018,ZiPS,batting,Standard,SB/TOF,0.23491251262483365,0.05061725032585484,0.002374176408613305,0.13468508227752796,0.23504928451146428,0.04877324747988378,-0.008361475662695697,0.13367717336816654,0.052024926990975315,0.028810015305530113,-7.065795743486696e-18,0.4962061512171868,629
2018,ZiPS,batting,Fantasy,SB/TOF,0.038947894117669475,0.027138209162211987,0.013313008795481212,0.5501967899741032,0.03661774835890212,0.025853093919787754,0.001075751766555308,0.6024077954360461,0.036409955259496654,0.02592440139619351,-9.222642974326355e-19,0.6166911325899975,278
2018,Davenport,batting,Standard,SLG,0.11490683361429802,0.08020817317612972,0.031556604331869624,0.12769937620855554,0.112365028912425,0.07793789789219019,0.020448437304212516,0.1658641170950369,0.06569923113785123,0.05099759645033916,4.042108849905239e-17,0.2648443807840579,629
2018,Marcel,batting,Standard,SLG,0.12366401238015438,0.0857366625598997,0.04956266534687024,0.0,0.11842758066290666,0.08064527319240784,0.034478423687809935,0.07342584370300731,0.06505777830024753,0.04875187806193947,5.052636062381548e-17,0.27912964958391506,629
2018,Steamer,batting,Standard,SLG,0.11346564319248098,0.07908037349498541,0.03198770251211488,0.1494433841262678,0.11105855224228257,0.07669944543598334,0.021971867309629373,0.18514847290370562,0.06410881352973899,0.04937062110000746,3.031581637428929e-17,0.3000062124329437,629
2018,ZiPS,batting,Standard,SLG,0.11270065057349342,0.07814038992024241,0.029736786623955822,0.16087373585455356,0.11096535087747031,0.07659794405224844,0.02227440087612034,0.18651556091131016,0.06393968257182982,0.04976688608965235,-6.568426881096012e-17,0.3036947677216525,629
2018,Davenport,batting,Standard,SO/PA,0.0813049966029235,0.05101148052167521,-0.016185930063371917,0.32482036441351236,0.08114236573983712,0.05094736742768256,-0.015348139212049706,0.3275187281627884,0.040390839501044266,0.02948312505443537,-1.768422621833542e-17,0.6095307019271257,629
2018,Marcel,batting,Standard,SO/PA,0.09205630710152966,0.05692205098943919,-0.028367060115666927,0.1344503987261747,0.08979786163411664,0.05570626362727888,-0.019848989306629074,0.17639902395884022,0.044106765117218165,0.03152082188145788,-1.642106720274003e-17,0.5343800865020754,629
2018,Steamer,batting,Standard,SO/PA,0.08453605150661406,0.05271150810260855,-0.026667421902778866,0.27009089541726095,0.08225672272293058,0.0513588468348771,-0.018192740852576043,0.3089210455750703,0.03908843628279589,0.028803011730541863,1.1368431140358484e-17,0.6343060916013976,629
2018,ZiPS,batting,Standard,SO/PA,0.08050305835216154,0.050739427057067535,-0.021502898175438392,0.3380737224086581,0.0794227548383931,0.050068259736456525,-0.017017820424814742,0.3557198420408163,0.0392104652869282,0.02910477514445208,6.947374585774629e-18,0.6320192300721059,629
2018,Davenport,batting,Standard,wOBA,0.06882245134533081,0.04665216025063178,0.01702968252470091,0.13005062557831848,0.06785709085259524,0.04563820623687694,0.012572392639789846,0.15428471701393542,0.03708926890880922,0.028508941134060984,8.589481306048632e-17,0.27676026269940357,629
2018,Marcel,batting,Standard,wOBA,0.07431189196346238,0.04988365849711668,0.028950942305168318,0.0,0.07167448818061138,0.04756095850139643,0.02128689806243456,0.05645437327076497,0.036479354313282655,0.027386941305667177,3.6631611452266225e-17,0.3003513191196444,629
2018,Steamer,batting,Standard,wOBA,0.06859641563138572,0.04563981978825512,0.01827522753673901,0.135755645067976,0.06762975580092084,0.04480252486625106,0.014223205466347992,0.15994186113500164,0.036331000158758196,0.027647374982787753,3.410529342107545e-17,0.306030407043687,629
2018,ZiPS,batting,Standard,wOBA,0.06762682725148772,0.044697734379969836,0.015760523468370608,0.16001461309134524,0.0672919594326288,0.04441708529138689,0.014255319715006733,0.16831272993326352,0.03599311171626974,0.027634363919918154,2.4000021296312355e-17,0.31887860385275335,629
2018,Davenport,pitching,Standard,1B/(BIP-HR),0.23012181506091875,0.22182634366080314,-0.22123810481371345,0.0,0.063435004998147,0.04167360015446081,-0.0037747998287189985,0.0,0.03486952617618558,0.02554163198954573,-2.1553408049577012e-17,0.0,751
2018,Marcel,pitching,Standard,1B/(BIP-HR),0.06254934457273344,0.04178471776164154,-0.0012473213761567412,0.0,0.06272666811391507,0.04179312080508125,-0.004875468881054336,0.0,0.03459066458746728,0.02529740973295661,-3.448545287932322e-17,0.0,751
2018,Steamer,pitching,Standard,1B/(BIP-HR),0.0950448922746975,0.08171799708967195,0.0716802878554936,0.0,0.06267576032717846,0.041250239311195334,-0.005725648620679502,0.0,0.03380198954097404,0.024957073454399896,1.170042151262752e-17,0.020994032912190597,751
2018,ZiPS,pitching,Standard,1B/(BIP-HR),0.09168113834353643,0.07769895686431073,0.06546102546229808,0.0,0.0644766912821873,0.04283011621557307,-0.006079345796009679,0.0,0.0355736759737211,0.0260921020796556,-2.4632466342373728e-17,0.0,751
2018,Davenport,pitching,Standard,2B/(BIP-HR),0.09311320143141925,0.07491346864776001,-0.0746759736481513,0.0,0.05597718750500321,0.029908179591215844,-0.006314925214253696,0.0,0.02325771659977911,0.016010295594227387,3.69486995135606e-18,0.0,751
2018,Marcel,pitching,Standard,2B/(BIP-HR),0.055870194586614595,0.030272919182243778,-0.0073661247146688084,0.0,0.055762444644282136,0.030272860255973373,-0.006498567755475493,0.0,0.023867694542059135,0.01686701550323609,6.158116585593432e-18,0.0,751
2018,Steamer,pitching,Standard,2B/(BIP-HR),0.09306783775059366,0.07486975658982514,-0.07422058609831073,0.0,0.05648559244255726,0.030279076872166185,-0.006139636047243457,0.0,0.023749478747772383,0.016200804647266143,3.69486995135606e-18,0.0,751
2018,ZiPS,pitching,Standard,2B/(BIP-HR),0.09192259932434828,0.07377992244051784,-0.0713971832892991,0.0,0.05804823305447425,0.03149178286933697,-0.00417023690545927,0.0,0.025146979391925006,0.016612202039601887,3.079058292796716e-18,0.0,751
2018,Davenport,pitching,Standard,3B/(BIP-HR),0.018131295888393944,0.007715569421361318,-0.007659656985727363,0.0,0.016447371248826108,0.007621691880901474,-0.0006651883516889202,0.0,0.007012120753883242,0.004582066673755807,-1.539529146398358e-19,0.0,751
2018,Marcel,pitching,Standard,3B/(BIP-HR),0.01663580215149901,0.00809221367766547,-0.00024159548537782202,0.0,0.016638898260212497,0.008060399769888097,-0.00040173432569083894,0.0,0.007411376304073038,0.0050826284984582994,6.158116585593432e-19,0.0,751
2018,Steamer,pitching,Standard,3B/(BIP-HR),0.018127722244360246,0.007724888160633643,-0.007613063289365735,0.0,0.01646434080179478,0.007633061850149797,-0.0006472533637297259,0.0,0.007028618902579022,0.004584019847855812,-1.539529146398358e-19,0.0,751
2018,ZiPS,pitching,Standard,3B/(BIP-HR),0.017968134580817516,0.007777674868971982,-0.007324182371923641,0.0,0.016413680483421695,0.007700469076077697,-0.0004457511802394958,0.0001482239341038527,0.007036944204933465,0.004600702872517333,-7.69764573199179e-20,0.0,751
2018,Davenport,pitching,Standard,BABIP,0.08068257778399156,0.05274229886747946,-0.015325727199426428,0.0,0.07993471578541624,0.0520786021026184,-0.010712532101079695,0.0,0.041844295857725505,0.030736090404970415,3.9411946147797964e-17,0.0,751
2018,Marcel,pitching,Standard,BABIP,0.07854737172723672,0.05018247402620101,-0.008855041576203364,0.0,0.0789300109318065,0.050385978774789494,-0.011775770962220595,0.0,0.03952000264023439,0.02874398765148131,4.9264932684747456e-17,0.0,751
2018,Steamer,pitching,Standard,BABIP,0.078098279817009,0.04909359649227539,-0.01015336153218285,0.0,0.0784398761343118,0.049206060845608614,-0.012512538031652665,0.0,0.03825525819698897,0.027287388409163928,3.325382956220453e-17,0.009690018879148332,751
2018,ZiPS,pitching,Standard,BABIP,0.07855006976766273,0.049459400383295486,-0.013260340198924667,0.0,0.07815796187948278,0.04918584243019069,-0.010695333881708428,0.0,0.03846290057781933,0.02739607174678695,-6.158116585593432e-18,0.0,751
2018,Davenport,pitching,Standard,BB/BF,0.05492314993276111,0.03023111513675815,-0.007610541519983422,0.09750582224005944,0.05489334181942977,0.03022559511753755,-0.007392355497106018,0.09848516696733156,0.024808958489720628,0.01765368922742727,-5.542304927034089e-18,0.26603493712220483,751
2018,Marcel,pitching,Standard,BB/BF,0.057583090904876864,0.03100754158914592,-0.013499133245939796,0.007973026016383944,0.056971952681168704,0.030772792796132785,-0.010593282425086673,0.028918355560425657,0.025535750232787754,0.018310248573609078,5.234399097754417e-18,0.22240122719798927,751
2018,Steamer,pitching,Standard,BB/BF,0.05478624555815684,0.03005509950741886,-0.006570192589687857,0.10199942505592652,0.05478833940115788,0.030054519050475962,-0.006587629516252275,0.10193078344231965,0.024010053724595155,0.017064814461566963,-1.354785648830555e-17,0.31254450690159086,751
2018,ZiPS,pitching,Standard,BB/BF,0.05495551270911388,0.030812619951236263,-0.008581597286520054,0.09644194217260982,0.05459040059052674,0.030667016496277053,-0.005800626819630226,0.1084081340869042,0.02551308928975108,0.017789821235310758,9.54508070766982e-18,0.22378072869411614,751
2018,Davenport,pitching,Standard,BF,161.53061724099962,114.42969374167778,-5.895472703062587,0.46482320262707666,161.53061724099962,114.42969374167778,-5.895472703062587,0.46482320262707666,161.53061724099962,114.42969374167778,-5.895472703062587,0.46482320262707666,751
2018,Davenport,pitching,Fantasy,BF,178.40072067928676,127.85027777777778,-50.43194444444445,0.20914766849431798,178.40072067928676,127.85027777777778,-50.43194444444445,0.20914766849431798,178.40072067928676,127.85027777777778,-50.43194444444445,0.20914766849431798,360
2018,Marcel,pitching,Standard,BF,173.32927032692405,124.98002663115845,3.733688415446072,0.38378624461372013,173.32927032692405,124.98002663115845,3.733688415446072,0.38378624461372013,173.32927032692405,124.98002663115845,3.733688415446072,0.38378624461372013,751
2018,Marcel,pitching,Fantasy,BF,190.2633627954216,135.2861111111111,-66.98611111111111,0.1004764721960868,190.2633627954216,135.2861111111111,-66.98611111111111,0.1004764721960868,190.2633627954216,135.2861111111111,-66.98611111111111,0.1004764721960868,360
2018,Steamer,pitching,Standard,BF,162.9334901348439,112.35922250036552,-10.796785237151044,0.4554869508178835,162.9334901348439,112.35922250036552,-10.796785237151044,0.4554869508178835,162.9334901348439,112.35922250036552,-10.796785237151044,0.4554869508178835,751
2018,Steamer,pitching,Fantasy,BF,183.02073124815215,134.8460835814476,-55.569449026054805,0.1676561732717634,183.02073124815215,134.8460835814476,-55.569449026054805,0.1676561732717634,183.02073124815215,134.8460835814476,-55.569449026054805,0.1676561732717634,360
2018,ZiPS,pitching,Standard,BF,244.71467153929055,184.78296213873853,147.2916012597624,0.0,244.71467153929055,184.78296213873853,147.2916012597624,0.0,244.71467153929055,184.78296213873853,147.2916012597624,0.0,751
2018,ZiPS,pitching,Fantasy,BF,152.38275171839817,106.82224854363335,42.12221518622504,0.42300265612585874,152.38275171839817,106.82224854363335,42.12221518622504,0.42300265612585874,152.38275171839817,106.82224854363335,42.12221518622504,0.42300265612585874,360
2018,Davenport,pitching,Standard,ER/BF,0.06939628815888996,0.04009686421611357,-0.00756375116652539,0.015456100871441003,0.0701148547726885,0.04009762278833975,-0.012548242158669967,0.0,0.0327783656506639,0.02290241257498681,-6.158116585593432e-18,0.0,751
2018,Marcel,pitching,Standard,ER/BF,0.0708203539778942,0.039863374157847235,-0.014479750686655309,0.0,0.07077294483509432,0.03984644825412884,-0.014246064825935715,0.0,0.031946079239614504,0.02263054954759996,4.9264932684747455e-18,0.041412074345201444,751
2018,Steamer,pitching,Standard,ER/BF,0.07018771401784378,0.03872085148368861,-0.011907886428889621,0.0,0.07067292124979374,0.03887523742037407,-0.014496356719267639,0.0,0.03102908982498287,0.021566697474208547,1.6011103122542925e-17,0.09565342429914692,751
2018,ZiPS,pitching,Standard,ER/BF,0.070619836050843,0.039631057405305106,-0.014290746950396753,0.0,0.07031920140175077,0.039475619439029254,-0.012722196757333902,0.0,0.031850574847716105,0.022308359835103368,2.4632466342373727e-18,0.047134999562940205,751
2018,Davenport,pitching,Standard,ERA,4.308628235567394,2.033558918195089,-0.5469121122864418,0.0,4.346283641973907,2.0301359595959294,-0.7905802190334551,0.0,1.6536915036947435,1.051490082112632,-2.364716768867878e-16,0.0,751
2018,Davenport,pitching,Fantasy,ERA,1.2534705480849666,0.983353097893723,0.4259190184026005,0.0,1.1789569342320267,0.9101933617577966,-0.012571718036410415,0.0,1.08342326147571,0.8282560261283034,1.9268955546036615e-16,0.0,360
2018,Marcel,pitching,Standard,ERA,4.372564402719377,2.017892190304432,-0.9523283026822955,0.0,4.357107251471341,2.0128123683211827,-0.8786315160436834,0.0,1.6215640402717377,1.0354550858740086,-3.152955691823837e-16,0.03575737317868488,751
2018,Marcel,pitching,Fantasy,ERA,1.1012673282142034,0.886949386487237,0.11572059775015289,0.014830670521356004,1.0952570033102338,0.8762833520300526,-0.013763424418223261,0.025554733130355833,1.0251686002976725,0.8118496325619509,8.671029995716477e-16,0.03687957865501379,360
2018,Steamer,pitching,Standard,ERA,4.314774051413648,1.9523070747867564,-0.7884223371731136,0.0,4.332548976492116,1.957623041840454,-0.8805199036386637,0.0,1.584602027650931,0.9866115614621129,1.5764778459119185e-16,0.07921437311131052,751
2018,Steamer,pitching,Fantasy,ERA,1.0709787588133812,0.8541056422481047,0.27105646756676516,0.06827641825689779,1.0369347178165158,0.8201678363690093,-0.04134870969618763,0.1265698010127677,0.9579525794637611,0.7572312608550107,4.8172388865091537e-17,0.1590348046447918,360
2018,ZiPS,pitching,Standard,ERA,4.318444484069004,1.9932838955511956,-0.7867558481422243,0.0,4.319599600932963,1.993645521992537,-0.7930716959898341,0.0,1.6203696762276012,1.022479089318707,-7.882389229559593e-17,0.03717727713308361,751
2018,ZiPS,pitching,Fantasy,ERA,1.1233748267990213,0.8707573202290955,0.1792307482393287,0.0,1.1091125616849562,0.8628115421900234,-0.016832531481155953,0.0007443305424141844,1.0310617765529881,0.8039069578174394,3.3720672205564077e-16,0.02577476690039382,360
2018,Davenport,pitching,Standard,HBP/BF,0.021645844447718138,0.012469194272419751,-0.012386320365746746,0.0,0.01786611992488007,0.009509953792706282,-0.002019057086438932,0.0,0.008000753845634593,0.005578653153950439,6.542998872193021e-19,0.0,751
2018,Marcel,pitching,Standard,HBP/BF,0.01787185566750061,0.00927119660594288,-0.003065984030158466,0.0,0.01770659327237081,0.009333961152342536,-0.0018762937899967475,0.0004468384051798946,0.00778554158670968,0.005297145271553561,1.1546468597987685e-18,0.050403242797633974,751
2018,Steamer,pitching,Standard,HBP/BF,0.017702898781186888,0.009109685236632985,-0.0031036906408268314,0.0008639096090993226,0.01752781302807391,0.009197495817263531,-0.001861316707098848,0.020529550331982338,0.00762615321793264,0.005234757213962014,5.773234298993842e-19,0.08888621360476878,751
2018,ZiPS,pitching,Standard,HBP/BF,0.017672147737145087,0.00948046237615356,-0.0019045388890695928,0.004332018773307578,0.017628022971176712,0.009527525402655274,-0.0014386301153632083,0.009297885899555824,0.007972886216153574,0.00557585761103357,1.770458518358112e-18,0.004152820836911486,751
2018,Marcel,pitching,Standard,HLD/G,0.10194110453865807,0.08444876753874325,0.027748767584639733,0.10200452533553339,0.09818462888805599,0.07156681493589342,-0.004269268999491416,0.16696646637156543,0.08613240105097969,0.05972100041570942,2.4632466342373727e-18,0.28434488279206294,751
2018,Steamer,pitching,Standard,HLD/G,0.09897959517175149,0.061446667333673835,-0.005363274358541996,0.15342229931210716,0.09883499564540416,0.06357490256241373,-0.00040101833903541227,0.15589402727451773,0.08293805937315073,0.04744165900251671,1.2316233171186864e-18,0.3364427298524951,751
2018,ZiPS,pitching,Standard,HLD/G,0.13003123802407743,0.07553392333067027,-0.07237633350896636,0.0,0.1087155971107859,0.08441710981429927,-0.012218504216210926,0.0,0.10134298068884666,0.07878776897626849,-4.9264932684747455e-18,0.009263826044758727,751
2018,Davenport,pitching,Standard,HR/BIP,0.046898427939500345,0.02355892165049538,-0.0015946839637804829,0.022235707716671604,0.047030631215002124,0.02338931687130978,-0.0038679123864643855,0.016715444448857975,0.018127743212707582,0.012707074947260671,-6.158116585593432e-19,0.10750048035854531,751
2018,Marcel,pitching,Standard,HR/BIP,0.047546040513653534,0.023768209807986877,-0.004161257101961319,0.0,0.04753473095092848,0.023775400129874932,-0.0040299799899996755,0.0,0.019032846806884905,0.01348745277167567,-3.079058292796716e-18,0.01615198458763989,751
2018,Steamer,pitching,Standard,HR/BIP,0.046900807655469605,0.023069567825596264,-0.0023209382385096125,0.022136477937085175,0.047033353131367805,0.022950438517961663,-0.004223423060926529,0.01660162519089292,0.017874165781853163,0.012457876874011693,6.158116585593432e-19,0.1322950535616524,751
2018,ZiPS,pitching,Standard,HR/BIP,0.04728363763312902,0.023891256631478206,-0.004975895097053761,0.006107614645390225,0.04716140056489475,0.023874334445391023,-0.003635223162102101,0.011239768580698306,0.019022356561156386,0.01357816747364078,-7.38973990271212e-18,0.01723621158848132,751
2018,Davenport,pitching,Standard,L/G,0.18759094631179538,0.11132897369199297,-0.004993212500657289,0.0,0.191038401450919,0.11886040146410347,-0.03647245346620267,0.0,0.14641681057696082,0.10324064396863813,6.897090575864643e-17,0.12204493788698834,751
2018,Marcel,pitching,Standard,L/G,0.168236427330915,0.11661509616897726,-0.006314495680198162,0.16387470951587801,0.17195656044869348,0.1301734489860986,0.03613081864517008,0.1264881824996794,0.12975123061621163,0.10290940978775094,3.694869951356059e-17,0.31053317555254056,751
2018,Steamer,pitching,Standard,L/G,0.16400655190713803,0.10052567075944077,0.013406262832514898,0.20539063034103267,0.16348922389654058,0.09904728658302266,-0.0032101627620554846,0.21039561766729464,0.11508271221021212,0.0794578355608357,3.694869951356059e-17,0.4576113664540433,751
2018,ZiPS,pitching,Standard,L/G,0.1645990128808023,0.11072666578706189,0.031858207061699784,0.1996393313283562,0.16206083904431806,0.10767930280209455,0.013631796198592894,0.22413269380155065,0.11782216917552024,0.08555809294366128,3.694869951356059e-17,0.4314817234694046,751
2018,Davenport,pitching,Standard,R/BF,0.10558408453600006,0.06679345042189129,-0.04332763420403518,0.0,0.1022196074462058,0.06559616492526854,-0.03432394390028459,0.0,0.05407759525556552,0.03734776662914742,-2.4632466342373727e-18,0.0,751
2018,Marcel,pitching,Standard,R/BF,0.0751525258422848,0.04232938504459255,-0.015572632712593707,0.0,0.07508037316922817,0.04230021173103318,-0.015220617081991595,0.0,0.03386672039406784,0.02367225673262839,-2.5864089659492415e-17,0.04473194243048617,751
2018,Steamer,pitching,Standard,R/BF,0.07439126484386893,0.041112906705972715,-0.012899526338608277,0.0,0.07492445661939358,0.041307794878039046,-0.015684759940821264,0.0,0.03291554626644977,0.02267321209111356,-4.9264932684747455e-18,0.09763736111737586,751
2018,ZiPS,pitching,Standard,R/BF,0.0751087442908658,0.04245590230219663,-0.016299974827068197,0.0,0.07458156974439173,0.042138570185793985,-0.013666610989925743,0.0,0.03385820846697227,0.023650846770416782,-6.158116585593432e-18,0.04521206865114746,751
2018,Davenport,pitching,Standard,SO/BF,0.06826049611820263,0.04898867787980487,-0.00622843291711591,0.14989882894402684,0.06850832258751872,0.049016587292190286,0.00852574395905626,0.14371487111637704,0.0477430682700531,0.03599507141551298,-1.4163668146864895e-17,0.32789429843505025,751
2018,Davenport,pitching,Fantasy,SO/BF,0.050082744511120734,0.03790827378444251,-0.01956625852460875,0.3038598612721497,0.04614147216589316,0.03502452077594579,-0.001895423045529506,0.4091145050714502,0.04333418118005915,0.033277722572435914,-1.8064645824409325e-17,0.4107225041037281,360
2018,Marcel,pitching,Standard,SO/BF,0.06808060554197107,0.04976035910562209,0.006441149555441505,0.15437356007524095,0.06874273694095298,0.050439735940870034,0.011492755925676112,0.13784495844966138,0.047838726260416166,0.03708454959827261,-4.9264932684747455e-18,0.3251983389566281,751
2018,Marcel,pitching,Fantasy,SO/BF,0.04826446001670016,0.03742961641056694,-0.009951256211670015,0.35348986302743224,0.047250829635095,0.037387302751849635,-0.001486708004762564,0.3803601900319882,0.04427038509981582,0.035149541645932515,-5.72047117772962e-17,0.3849856260134056,360
2018,Steamer,pitching,Standard,SO/BF,0.0650623031944706,0.046619280994565415,-0.0010617197454618169,0.2276918818759064,0.06588063520333157,0.047262738669144516,0.010405865972764498,0.20814203523842267,0.04380965865460945,0.03312890899044697,1.9705973073898982e-17,0.4340778841604619,751
2018,Steamer,pitching,Fantasy,SO/BF,0.044591208176748456,0.033759767605970235,-0.014959310201957628,0.4481527095979252,0.04200715029486874,0.03226946907691275,-7.609830461547396e-05,0.5102585342356649,0.0391535306606488,0.030199018338238275,-2.0322726552460493e-17,0.5189385814603189,360
2018,ZiPS,pitching,Standard,SO/BF,0.06763502571063038,0.04881581701438247,-0.002158402542169558,0.1654063952340198,0.06832773004394715,0.0491110386079382,0.00994186560032526,0.14822337124010243,0.04604531674116186,0.03504815894745551,9.237174878390148e-18,0.3748447869372731,751
2018,ZiPS,pitching,Fantasy,SO/BF,0.0457466404647894,0.03527231899503657,-0.01495710534260386,0.4191836312171927,0.04323286889938505,0.033514771042107226,0.0002020883135096531,0.48126142180994336,0.04092390722004055,0.031821001965248646,-6.021548608136442e-18,0.47445144148647755,360
2018,Davenport,pitching,Standard,SV/G,0.0682178297219149,0.023521117328575057,-0.003220536022260676,0.5261668835285865,0.06814744048539347,0.025120376217415592,-0.0008793207678372118,0.5271442099621613,0.06168448519482088,0.022019323355215566,1.84743497567803e-18,0.581251831898216,751
2018,Davenport,pitching,Fantasy,SV/G,0.07526732394917986,0.031113822498571045,-0.0037227941088079325,0.6006496984587475,0.07517897913030697,0.03279631634383511,-0.0007536873230478186,0.6015866209635707,0.0597572701331929,0.02214786129833461,3.387121092076749e-18,0.6215395848824441,360
2018,Marcel,pitching,Standard,SV/G,0.08498146512869839,0.05380197408936426,0.02088758512651329,0.26467718384429784,0.08238424366784915,0.04029086499003823,0.0012670444825269359,0.3089365384885373,0.07492112538051686,0.03444137131498544,3.69486995135606e-18,0.38225446437563537,751
2018,Marcel,pitching,Fantasy,SV/G,0.09172984450622318,0.05618325531821306,0.010789222588630428,0.4068529422099245,0.09136854302661553,0.045842181503683105,-0.007088977763938911,0.4115162633651419,0.07337593399384851,0.03420160562611579,5.268855032119387e-18,0.4293809754641631,360
2018,Steamer,pitching,Standard,SV/G,0.06883708367544086,0.024045704753856943,-0.009461349200458298,0.5175253063962797,0.06819668938325502,0.02920862520970131,-0.001327208570471714,0.5264605146946681,0.061554169062454284,0.025964851508199174,0.0,0.5830192779248569,751
2018,Steamer,pitching,Fantasy,SV/G,0.07937375597803566,0.031870523808066695,-0.012354964001731597,0.5558855241305334,0.07851752665337494,0.035959107224344325,-0.0041777971691763565,0.5654154454780718,0.0621241414613513,0.02593997349801632,0.0,0.5909656675876145,360
2018,ZiPS,pitching,Standard,SV/G,0.07386431699316978,0.02620294637839078,-0.0071022517411534715,0.44448091233744746,0.0735224902967527,0.030559211538073713,-0.0002474557805826228,0.44961063873848817,0.06751373908306113,0.026716946830923537,1.84743497567803e-18,0.4983678615341165,751
2018,ZiPS,pitching,Fantasy,SV/G,0.0873906436246022,0.03418004712689453,-0.011360460312006281,0.46164228437157073,0.08673411976877739,0.03791084881620682,-0.003839661110445204,0.46970074552378904,0.06874189719426031,0.02705261311015026,3.7634678800852764e-18,0.499179623682375,360
2018,Davenport,pitching,Standard,W/G,0.13470862975482087,0.0842352156054716,0.011625031573793165,0.13491111462155458,0.1344344478494544,0.08723476987201621,-0.007832445164694885,0.13842908274104038,0.12678755951056636,0.09145321471767821,3.694869951356059e-17,0.40749488841094395,751
2018,Davenport,pitching,Fantasy,W/G,0.1264789966152377,0.08908363673585226,0.016269363584214606,0.32511192631359576,0.12563913261353396,0.089821714620219,-0.007276486138187566,0.3340451451539793,0.12564601838410477,0.09311398359337018,-3.010774304068221e-17,0.3924174771338159,360
2018,Marcel,pitching,Standard,W/G,0.12869263533073327,0.09984404826775044,0.02741646412011851,0.21045427968903552,0.14114790479732858,0.11555947821149253,0.0641295497033652,0.05022930174498019,0.12756014703782345,0.10166347981223998,1.724272643966161e-17,0.400251957622227,751
2018,Marcel,pitching,Fantasy,W/G,0.11987368087494786,0.08760956896235275,-0.023712580725798914,0.3937627574186715,0.12145772679500852,0.10080484568150903,0.030733800877529294,0.3776349048866193,0.12470304147492606,0.10200973204886932,1.5053871520341106e-17,0.40150310269241274,360
2018,Steamer,pitching,Standard,W/G,0.12305970408928074,0.08315623710282284,0.0323764105586142,0.27805913071892807,0.12104059915540664,0.08128268177928653,0.02356624352794553,0.3015553022544162,0.10905096740244775,0.0791728440081948,3.9411946147797964e-17,0.561673364517439,751
2018,Steamer,pitching,Fantasy,W/G,0.10367720379710456,0.07317866290394094,0.008107188019572572,0.5465165085740482,0.1035572551012677,0.073087742073296,0.0063928862423308554,0.5475652113853382,0.10797705863316315,0.08021823143819376,4.8172388865091537e-17,0.5512847836824734,360
2018,ZiPS,pitching,Standard,W/G,0.1379421307398225,0.10198798107128407,0.06454936318394482,0.09288206147205613,0.12474714390691836,0.09077671089029084,0.026465803735082803,0.25812434868127554,0.11767377676500275,0.08888321932254449,1.9705973073898982e-17,0.4896146480880781,751
2018,ZiPS,pitching,Fantasy,W/G,0.11674371301835841,0.086425438777618,0.035728407466839855,0.42500782545332627,0.11125188171328688,0.08210660713064735,0.004940218168349244,0.4778327121853292,0.1171355600744412,0.08927864858051755,-3.9140065952886874e-17,0.4719374989764613,360
2018,Davenport,pitching,Standard,WHIP,0.6090174923909558,0.33926152809078963,-0.09175112635698124,0.011509857617909902,0.618102099704686,0.34059005809160237,-0.13987912213389259,0.0,0.26867728370236976,0.18437346765051754,-3.9411946147797964e-17,0.006073523854754903,751
2018,Davenport,pitching,Fantasy,WHIP,0.2250641862499072,0.17737080293462262,0.08136395232620121,0.0,0.20984794512961344,0.16533607142684684,-0.0015378169360130577,0.0,0.1930214813201822,0.152152524112367,-2.1075420128477548e-16,0.0,360
2018,Marcel,pitching,Standard,WHIP,0.6292139913940081,0.3365885479137688,-0.16984126615453798,0.0,0.6276221323409263,0.33583628100622565,-0.16384550566667647,0.0,0.26266987899504335,0.1782770195503206,3.9411946147797964e-17,0.05002339619035301,751
2018,Marcel,pitching,Fantasy,WHIP,0.19417108159713345,0.15585921198944674,0.024013803650879722,0.008453571763527568,0.1928488268345745,0.15549291469443682,-0.008057533658263071,0.02191193980652828,0.18114062934648498,0.1459651359471661,1.8064645824409325e-17,0.036678773836528844,360
2018,Steamer,pitching,Standard,WHIP,0.6092574700236946,0.3234657227525369,-0.11714569988959139,0.01073069359193246,0.6164558410095544,0.324630473314116,-0.15015410130178328,0.0,0.2522841038930249,0.16711977882690385,-8.867687883254542e-17,0.12366100830941495,751
2018,Steamer,pitching,Fantasy,WHIP,0.19358529572130986,0.1531642949569583,0.06332032050781385,0.014427249640585393,0.18305883034674542,0.14339801110064265,-0.006688171470872235,0.11869685262615326,0.16711000848092797,0.13124150564760306,2.529050415417306e-16,0.18013129819883578,360
2018,ZiPS,pitching,Standard,WHIP,0.6095359884944586,0.33069427866903534,-0.10924961057914918,0.009826009558129511,0.6148604125572971,0.33132237633046774,-0.13584801460422088,0.0,0.26107909055785117,0.1762661691981419,-2.0691271727593932e-16,0.06149510114407841,751
2018,ZiPS,pitching,Fantasy,WHIP,0.20629595742692677,0.16038801471460182,0.056153436573142874,0.0,0.19851445647989185,0.15260390970490295,-0.001782082991464525,0.0,0.18233800654525636,0.1414784001479945,-8.430168051391019e-17,0.0239011747204968,360
2018,Davenport,pitching,Standard,wOBA,0.22506999975856484,0.20933519650025686,-0.20848927190822483,0.0,0.08678450909569829,0.05403982134739343,-0.01851547267780843,0.0,0.04401048895362459,0.03164531861115969,-2.955895961084848e-17,0.0,751
2018,Marcel,pitching,Standard,wOBA,0.08512670506343609,0.05248887587725907,-0.020138235989981722,0.0,0.08554454403085551,0.05275976489977861,-0.021837162070148585,0.0,0.04240928300994183,0.031274055280271953,-3.9411946147797964e-17,0.02824816195939639,751
2018,Steamer,pitching,Standard,wOBA,0.08826093406867343,0.054217729234276736,-0.03327071849606941,0.0,0.08433518079607417,0.050729261697171554,-0.02072126797463166,0.0,0.039846811585234454,0.02870809367539493,0.0,0.14213161517335726,751
2018,ZiPS,pitching,Standard,wOBA,0.089997311805581,0.05710074105062099,-0.037547251785113984,0.0,0.083691655913691,0.05160176659016887,-0.017736213067039548,0.0,0.04148796697464214,0.030141335127012305,2.4632466342373727e-18,0.07001098674109707,751
2019,Davenport,batting,Standard,1B/(BIP-HR),0.07177168024687668,0.04872241860852652,0.021747072754985254,0.0,0.06936098609058451,0.04711138351979208,0.011519873237539202,0.0,0.0385114527649488,0.028942984510835733,-2.8837979393827957e-17,0.0,635
2019,Marcel,batting,Standard,1B/(BIP-HR),0.06976257166528324,0.04588799642638965,0.01582265331997439,0.0,0.06897183252021931,0.04547930793228678,0.011859748476569726,0.0,0.03579244646027916,0.026300763864970277,-3.385328015797195e-17,0.07654578843961535,635
2019,Steamer,batting,Standard,1B/(BIP-HR),0.06817707426706766,0.04419274661439221,0.015517686845497225,0.012836391562236371,0.0675131302274678,0.043762257226081756,0.01227631469654821,0.03196980210006828,0.0334742061227113,0.024355209158576977,-2.758415420279196e-17,0.19229425783788268,635
2019,ZiPS,batting,Standard,1B/(BIP-HR),0.06761044706719259,0.04416665503131617,0.013689637781935323,0.02917705539475668,0.06716472786718836,0.0438879008415771,0.01128425006140898,0.041935086691624934,0.03431246322689494,0.025108474235301697,-1.2538251910359983e-18,0.15133480591468618,635
2019,Davenport,batting,Standard,2B/(BIP-HR),0.03850607286714959,0.026818907533109348,-0.003098734185102516,0.0,0.03853652927046681,0.026787693883514586,0.0034566738511514522,0.0,0.021812080992719397,0.016108565035743275,1.8807377865539974e-18,0.008143520178985564,635
2019,Marcel,batting,Standard,2B/(BIP-HR),0.03703910754044803,0.025770202204046955,0.0018823994162099763,0.013600993333302225,0.03718240241192817,0.0259341662884016,0.003765499872770611,0.005953976762496982,0.02165239952290556,0.015735476276942877,-8.463320039492988e-18,0.022612691085956982,635
2019,Steamer,batting,Standard,2B/(BIP-HR),0.037008999064446046,0.025615340531648167,-0.0012337568314933218,0.015203996315372614,0.03709167174067167,0.025800514389221516,0.0027655481707663655,0.010799302397044519,0.02116639052683147,0.015408706926267227,0.0,0.06599706464189015,635
2019,ZiPS,batting,Standard,2B/(BIP-HR),0.03766585449133109,0.0260523438321816,-0.0011197825553095572,0.0,0.037730414570032615,0.026196535570495956,0.0024741669376940095,0.0,0.021760781651558526,0.0159990200115147,-6.269125955179991e-19,0.012803483649072023,635
2019,Davenport,batting,Standard,3B/(BIP-HR),0.020956543727532216,0.006538862897989996,-0.00048511472409936557,0.06529918767501652,0.02095991990176089,0.006529792326654862,-0.0006138840116832508,0.06499799612039392,0.007087124144225441,0.004610703399923531,-5.093664838583742e-19,0.07903722494946341,635
2019,Marcel,batting,Standard,3B/(BIP-HR),0.02169583297878735,0.0073607106956915655,0.0004343741047926146,0.0,0.021693329895820127,0.007120497119358707,-0.0002829738298161034,0.0,0.007131483110053958,0.0048123568473964545,1.0970970421564984e-18,0.06747236262995515,635
2019,Steamer,batting,Standard,3B/(BIP-HR),0.021421879909551085,0.0067309784168112135,-0.00029169170065779427,0.023328612140609772,0.021421133922674362,0.006750088779710519,-0.00023048583937946939,0.023396633374538345,0.006702002690256959,0.0044846737988206075,-3.9182037219874946e-19,0.17640975954708338,635
2019,ZiPS,batting,Standard,3B/(BIP-HR),0.021611318982358192,0.007090196267561768,0.0011859005085683725,0.005978331874757381,0.021581576701310355,0.006743203196598079,-0.00034886211248724106,0.008712466519284479,0.006922971765883716,0.004608631618083597,5.093664838583742e-19,0.12120593186249473,635
2019,Davenport,batting,Standard,AVG,0.07028230004839682,0.04735981340960568,0.033218579261682785,0.0,0.06448738895664152,0.04243157348903493,0.017958163673298916,0.06791407393138782,0.03381669735616573,0.024898323898387534,4.7645357259367933e-17,0.19959768431314318,635
2019,Davenport,batting,Fantasy,AVG,0.02978719215487338,0.023869666608592514,0.011330739198075646,0.023709517005752412,0.027560823110461256,0.021476615535677757,0.0008413113749339294,0.1641963003539837,0.02653709630359349,0.02061220399820526,-4.973866504762953e-18,0.1827016900313163,273
2019,Marcel,batting,Standard,AVG,0.0686635093935569,0.044506921371060854,0.024293171554901894,0.0,0.06785874522183635,0.043940802928054204,0.021915518817470767,0.0,0.03425099994681659,0.024904519137816925,5.015300764143993e-17,0.17890678183641429,635
2019,Marcel,batting,Fantasy,AVG,0.027025621987533076,0.0208444774251873,-0.001857244860411473,0.19634191615707886,0.02698938347964877,0.02091211234660777,0.0012214480218296342,0.19849571259054144,0.02610779614698555,0.02013449836337274,-9.947733009525906e-18,0.20893125511598043,273
2019,Steamer,batting,Standard,AVG,0.06351312569786434,0.041943385058180044,0.018434072491877704,0.09586488437936724,0.06360239443110789,0.04199350830624623,0.01873932949956616,0.09332154500264944,0.03229529722013393,0.024154579378874184,1.6299727483467975e-17,0.26999719904039976,635
2019,Steamer,batting,Fantasy,AVG,0.02597597130401315,0.020669129081194164,-0.004141448856927426,0.25755632218832314,0.025669081314847183,0.020470704113215454,0.0011411612488460396,0.2749957153141651,0.024800863698115655,0.01973665869970545,2.818524352699007e-17,0.28614926513573413,273
2019,ZiPS,batting,Standard,AVG,0.06172546922502997,0.040688982102899694,0.013877209326881274,0.1460446486296565,0.0625713671896638,0.0411680881615451,0.01725454663663159,0.12247872751942035,0.03244619887212855,0.0242366074117254,9.152923894562787e-17,0.26315930006284616,635
2019,ZiPS,batting,Fantasy,AVG,0.027817511700457348,0.021761896581638414,-0.006862286048620864,0.14855523326768583,0.026969063406475844,0.021352274305187168,0.000779354624371691,0.19970214954017207,0.026045344344421933,0.020578858017303903,5.719946480477397e-17,0.2127113199023598,273
2019,Davenport,batting,Standard,BABIP,0.08106119530951261,0.05223382864611688,0.018163223845783373,0.0,0.08029508562296042,0.05168809682407368,0.014362663077007377,0.0,0.0409251113070191,0.03006558339435934,-5.892978397869192e-17,0.06702857638134929,635
2019,Marcel,batting,Standard,BABIP,0.08104238790701403,0.0515966104905862,0.018139426840976972,0.0,0.08046250815742831,0.051223645595963575,0.015342274519524256,0.0,0.03972341849450998,0.028592120272356386,-1.379207710139598e-17,0.12101424960405283,635
2019,Steamer,batting,Standard,BABIP,0.07878527904179405,0.04979509387406787,0.013992238313346114,0.03251324251901522,0.0789348741060599,0.04988258476125957,0.014811377027935106,0.028835686228289692,0.03775999542227297,0.027229203247364674,-3.009180458486396e-17,0.20575869479730935,635
2019,ZiPS,batting,Standard,BABIP,0.07881458684760943,0.049625216854514154,0.013755755735194134,0.03179330629948518,0.0787549010942824,0.04959725514497858,0.013409554886615743,0.03325918379537418,0.03805552712183165,0.02753766621113738,-7.52295114621599e-18,0.1932776538733989,635
2019,Davenport,batting,Standard,BB/PA,0.03353078095765527,0.024308590183622133,-0.006081671125565247,0.25431749074168375,0.03305810470429987,0.024183333057726904,0.002347709243013366,0.27519276312198115,0.02197587538981068,0.017568422981298223,-4.545116317505494e-18,0.5359294475553703,635
2019,Marcel,batting,Standard,BB/PA,0.034278537469521336,0.02495996334191884,0.003980216001890985,0.2206883165984168,0.0342956798147041,0.02497990793939607,0.004125244516999335,0.21990867013300586,0.023010568753982823,0.017717645972695043,-7.836407443974989e-18,0.4912008816485426,635
2019,Steamer,batting,Standard,BB/PA,0.032439915151600315,0.023379401839025555,-0.0015145078512965677,0.30204722480323365,0.03240918406119435,0.023450200438369255,0.0005484984056358574,0.3033689724240215,0.02106541772840877,0.016492156604559844,0.0,0.573585666373526,635
2019,ZiPS,batting,Standard,BB/PA,0.03254437223863076,0.023286313010318815,-0.002352338003528641,0.2975451480922834,0.03247643618652811,0.023339253892764054,0.0010565212037231724,0.3004748220439164,0.02087720897217779,0.0162485262680285,1.2851708208118982e-17,0.5811712166877249,635
2019,Davenport,batting,Standard,HBP/PA,0.019841435376472264,0.010868959503384073,-0.01080045959578253,0.0,0.016644403399097153,0.009298654814390543,5.9449081427908205e-05,0.0,0.00979639547605558,0.006809275142246467,3.1345629775899957e-19,0.0,635
2019,Marcel,batting,Standard,HBP/PA,0.01600793503831271,0.00820450059371806,-0.0006984433801314519,0.07162587166851131,0.015992704248661324,0.008364007640873014,2.0691775166628764e-05,0.0733916389988779,0.008241252746258044,0.00555026192706212,8.326182909223426e-19,0.2914695478842547,635
2019,Steamer,batting,Standard,HBP/PA,0.015471772647579039,0.007773551324788821,-0.0010493961613853987,0.1327734751449181,0.015436979279638958,0.007959486667157305,-0.00016066339084582745,0.1366695773531028,0.0076965996204458875,0.005223813356721343,-6.51401368780421e-19,0.3820265118307766,635
2019,ZiPS,batting,Standard,HBP/PA,0.015127630794757126,0.007602344725672918,-0.0012185510543408127,0.17092420536631947,0.015078737132031329,0.007753423382665093,-8.925640846098265e-05,0.17627481766025554,0.007223676398489314,0.005065346149527507,2.1354210284831846e-18,0.45563697508285417,635
2019,Davenport,batting,Standard,HR/BIP,0.03054075065672508,0.022468472493640583,0.0009980047615517084,0.24896401001664026,0.031096774294654426,0.02317506499998568,0.005938681197076247,0.22136841385999795,0.02134329803545304,0.016408717509969497,5.642213359661992e-18,0.45713875386181746,635
2019,Davenport,batting,Fantasy,HR/BIP,0.02073568018533884,0.015639707955979566,-0.006620417263230475,0.42449116477522686,0.019650699802775423,0.015601806842338278,-0.00010721347594570692,0.48314173466739363,0.019038092254978024,0.015163902042589137,2.694177690079933e-18,0.5078737441489446,273
2019,Marcel,batting,Standard,HR/BIP,0.031867623948152644,0.0242663343143203,0.0005646816877130762,0.18228737739345635,0.03290448447157825,0.02536952031071687,0.008214530275548386,0.12821073625540236,0.023120038838505524,0.017671605965900204,-3.761475573107995e-18,0.3629949135504663,635
2019,Marcel,batting,Fantasy,HR/BIP,0.0234984386999946,0.017555053349864885,-0.009999621987072996,0.2609166162437655,0.021266669619210164,0.01665189648740858,0.00029505124908455903,0.3946390646152338,0.02052666179720841,0.016029358440982,5.595599817858322e-18,0.42790739275235756,273
2019,Steamer,batting,Standard,HR/BIP,0.03045475341932403,0.022592244626925207,-0.006412877459927607,0.25318761855597727,0.030164434534680887,0.02266787973768781,0.004850371354985908,0.2673581694923379,0.021036063521002617,0.0160429304878834,2.821106679830996e-18,0.47265512623987127,635
2019,Steamer,batting,Fantasy,HR/BIP,0.023169648054007095,0.01745254112428514,-0.012810560199498394,0.2814544613163438,0.019308624310594498,0.01513194763242108,-0.00031754440019978955,0.5009798430295647,0.018678897350872962,0.014682262556927542,4.973866504762953e-18,0.5262686204147977,273
2019,ZiPS,batting,Standard,HR/BIP,0.030771719547360358,0.02285651604229785,-0.006047548598463785,0.23756141666267838,0.030569172526050275,0.022862904340924927,0.004914105114546152,0.24756549958352203,0.02108264068242592,0.016050958919905385,-3.1345629775899957e-19,0.47031729153915913,635
2019,ZiPS,batting,Fantasy,HR/BIP,0.023164932265980397,0.01754097708077374,-0.012592622233098165,0.281746927011413,0.019448101382338705,0.015157220464828645,-0.0004343906027795221,0.493744396746816,0.018766439470790063,0.01468292626709485,3.523155440873759e-18,0.5218177547901268,273
2019,Davenport,batting,Standard,OBP,0.0723660846048718,0.0457357125977429,0.01948659347837691,0.08954167607624364,0.07208013373953416,0.04555702514714503,0.018396271477155026,0.09672271880901673,0.035017097617116105,0.025890923098328942,3.761475573107995e-17,0.2873097532345732,635
2019,Marcel,batting,Standard,OBP,0.07642731774770387,0.04809869262896748,0.02495730757139726,0.0,0.07596144807976973,0.047756135913279076,0.023491996455822697,0.0,0.03604252478465567,0.025978624145579866,4.263005649522394e-17,0.24495830786064743,635
2019,Steamer,batting,Standard,OBP,0.0702168591983684,0.0447602554496734,0.015145303245365126,0.14281863934018768,0.07081736159482294,0.04502213767883487,0.017722065284906233,0.12809452545184163,0.03436687130829288,0.02541653273132076,3.761475573107995e-17,0.3135316557299398,635
2019,ZiPS,batting,Standard,OBP,0.06890477345518603,0.044087141033303384,0.010315351044383362,0.17455424579218148,0.07018518810912781,0.04470854698449192,0.016867106810950334,0.1435917227620156,0.03466231548705784,0.025667135966993635,1.8807377865539973e-17,0.30167809807870516,635
2019,Davenport,batting,Standard,PA,158.5347835097319,116.81847472067308,-11.775955035633707,0.45491041940925625,158.5347835097319,116.81847472067308,-11.775955035633707,0.45491041940925625,158.5347835097319,116.81847472067308,-11.775955035633707,0.45491041940925625,635
2019,Davenport,batting,Fantasy,PA,162.31657742207562,120.48733425592263,-56.63385440244277,0.0,162.31657742207562,120.48733425592263,-56.63385440244277,0.0,162.31657742207562,120.48733425592263,-56.63385440244277,0.0,273
2019,Marcel,batting,Standard,PA,185.86969019257407,147.9228346456693,33.14488188976378,0.25073421198273915,185.86969019257407,147.9228346456693,33.14488188976378,0.25073421198273915,185.86969019257407,147.9228346456693,33.14488188976378,0.25073421198273915,635
2019,Marcel,batting,Fantasy,PA,166.68443128768695,123.37728937728937,-75.15750915750915,0.0,166.68443128768695,123.37728937728937,-75.15750915750915,0.0,166.68443128768695,123.37728937728937,-75.15750915750915,0.0,273
2019,Steamer,batting,Standard,PA,162.78519718540025,117.79700876896776,-19.302834715805655,0.4252902399669606,162.78519718540025,117.79700876896776,-19.302834715805655,0.4252902399669606,162.78519718540025,117.79700876896776,-19.302834715805655,0.4252902399669606,635
2019,Steamer,batting,Fantasy,PA,173.4770162521695,126.88058797081749,-65.94871796094455,0.0,173.4770162521695,126.88058797081749,-65.94871796094455,0.0,173.4770162521695,126.88058797081749,-65.94871796094455,0.0,273
2019,ZiPS,batting,Standard,PA,256.8755542937101,209.51023622047245,178.51181102362204,0.0,256.8755542937101,209.51023622047245,178.51181102362204,0.0,256.8755542937101,209.51023622047245,178.51181102362204,0.0,635
2019,ZiPS,batting,Fantasy,PA,105.04304019324789,84.26007326007326,13.923076923076923,0.19338915313728344,105.04304019324789,84.26007326007326,13.923076923076923,0.19338915313728344,105.04304019324789,84.26007326007326,13.923076923076923,0.19338915313728344,273
2019,Davenport,batting,Standard,R/PA,0.06328891329068605,0.033217650938447564,0.011791745770741208,0.0,0.062405183285842,0.0318929511126994,0.005288253373785211,0.014102476242170092,0.027660781336935357,0.020808168860232262,-2.821106679830996e-17,0.06543228029412029,635
2019,Davenport,batting,Fantasy,R/PA,0.024386802316887474,0.019424539311665504,0.004937930539548402,0.0,0.02388408663902421,0.018984441538814626,0.00034150454004488,0.021118259255555216,0.0234283714563657,0.018623379758080864,1.3678132888098121e-17,0.044580005017589075,273
2019,Marcel,batting,Standard,R/PA,0.061669096529638395,0.0312763164745797,0.004185231653323294,0.0372231889136001,0.06217988735228075,0.031800413687000664,0.008987607487671245,0.021208224308189028,0.025969440221130256,0.019716055520880287,-9.403688932769987e-18,0.17622792448006208,635
2019,Marcel,batting,Fantasy,R/PA,0.02266932922084152,0.01815602359546999,-0.006767819648498372,0.11815899140644659,0.021661955191565545,0.01744108838427226,0.0010701393334958972,0.19479167183347468,0.02117998989268997,0.017120674338846297,3.067217677937155e-17,0.21916077686534996,273
2019,Steamer,batting,Standard,R/PA,0.06254780658056289,0.0312839882722682,-0.00708183568050857,0.00959090762667747,0.06233370594625694,0.030525435816550466,0.004838924008562925,0.016359627699346957,0.025692005056249256,0.01919962531506099,-1.0030601528287986e-17,0.1937348525775947,635
2019,Steamer,batting,Fantasy,R/PA,0.025302714335118087,0.020400291167889002,-0.012897459737806307,0.0,0.021773346313703604,0.0173271413721462,0.0004424077985464105,0.1864892198745024,0.021196346390599734,0.01693789557290028,2.072444376984564e-18,0.21795428651565862,273
2019,ZiPS,batting,Standard,R/PA,0.060698977925662354,0.030374643472180156,-0.004187317778729006,0.06727588288931707,0.060789857566010325,0.03031518987147309,0.005345511374586818,0.0644808081929168,0.02546366919034636,0.019273061845669744,-1.2538251910359983e-17,0.20800241680164444,635
2019,ZiPS,batting,Fantasy,R/PA,0.024401630529038574,0.01944440770200801,-0.0106969696781226,0.0,0.021937954598483227,0.017504913196649447,0.0005093523182221895,0.17414230729200497,0.021397676072060005,0.01716397959922678,1.5336088389685774e-17,0.20302749092255112,273
2019,Davenport,batting,Standard,RBI/PA,0.05154954589854102,0.035415543907867775,0.015230751394222303,0.013621709899308443,0.05028447390587161,0.034259910372624096,0.01015620114398591,0.06144087019769362,0.029608589653580084,0.02273069786866597,7.52295114621599e-18,0.25485676737898433,635
2019,Davenport,batting,Fantasy,RBI/PA,0.025778895010980553,0.020830208338318675,0.0014534436840812851,0.27966526089862975,0.025740365586537528,0.020710576591103147,-0.00035705893665217124,0.2818168924647547,0.025174337032098613,0.020390441992833408,-1.2849155137304296e-17,0.29150019902403457,273
2019,Marcel,batting,Standard,RBI/PA,0.050718861321607606,0.03542869647943834,0.007771897422522347,0.045155157567144166,0.05191728511677658,0.036393635506454663,0.013542672914990488,0.0,0.030947436240805717,0.024243998048100814,1.2538251910359983e-18,0.18594514077528668,635
2019,Marcel,batting,Fantasy,RBI/PA,0.0282325869314222,0.02283899357183101,-0.009873739906791868,0.13601319024999292,0.026455435570154475,0.021457772342135882,0.0005494052359207745,0.2413602460094565,0.025980989129696434,0.02113122641139608,1.2434666261907382e-18,0.245368359384892,273
2019,Steamer,batting,Standard,RBI/PA,0.04752902661987053,0.0324425041106445,0.0031475641314729127,0.161483413929136,0.04832732174342512,0.03284311235495872,0.009296709924586411,0.13307950090765974,0.028089172101916814,0.021389760942621554,5.015300764143993e-18,0.3293712043465036,635
2019,Steamer,batting,Fantasy,RBI/PA,0.02590384617545133,0.020581779653360003,-0.009365761454977714,0.2726653645047532,0.02415281562034469,0.019213027364592593,-0.000258347325258275,0.3676736262613959,0.02358714318410526,0.01877774979188771,-7.875288632541343e-18,0.3780229860715075,273
2019,ZiPS,batting,Standard,RBI/PA,0.04882294419214746,0.033144592622224626,0.001356992157685904,0.11520685793125696,0.049437160330006495,0.03355601942932549,0.007886340699034194,0.09280457583010093,0.029261249534106006,0.022656990865853915,-1.2538251910359983e-18,0.2722368612632362,635
2019,ZiPS,batting,Fantasy,RBI/PA,0.027081893104279692,0.02176429869424593,-0.009281506627280568,0.20500608733488757,0.025446083372288666,0.02073157223792239,-0.0004696702567620316,0.29814458376725783,0.025091766176864032,0.020438431910500612,-1.202017738651047e-17,0.2961402809614775,273
2019,Davenport,batting,Standard,SB/TOF,0.07144165260969533,0.03971552066278726,0.006242370344523904,0.3264051522075576,0.07117269972666115,0.03901508363105901,0.0007814386062111237,0.3314673045428852,0.04259566886198027,0.027989300476249153,-3.114971958980058e-18,0.5926128351605728,635
2019,Davenport,batting,Fantasy,SB/TOF,0.03547511238868652,0.025184931732799815,0.004388445347479848,0.6975483260760745,0.03520307202525204,0.024538693162819366,-0.00017644713928090326,0.7021692323903739,0.03494230874116728,0.024803217475648606,3.1086665654768457e-18,0.6984750855848678,273
2019,Marcel,batting,Standard,SB/TOF,0.07347144025914963,0.044337669361351514,0.005620331692245243,0.2875852887476199,0.07326634446264747,0.04187835247069237,-0.0012218123818242095,0.29155715384986036,0.045054144961894416,0.029971976552699495,-4.721435484994931e-18,0.5442297624323329,635
2019,Marcel,batting,Fantasy,SB/TOF,0.03907777308428788,0.02912193506471204,0.006342250904760752,0.6329983254470939,0.03856329614865591,0.02716451916027367,-0.0005287789337564356,0.6425982064536794,0.038031710699309836,0.02693243928997225,-1.2434666261907382e-18,0.6427997690341527,273
2019,Steamer,batting,Standard,SB/TOF,0.0689188480398829,0.04096124817290778,0.009167204066192376,0.37313821985085527,0.06831137082929414,0.03796801748691735,0.0008206094223714999,0.38414031808478244,0.04004665998990884,0.026574245382016522,-8.071499667294239e-18,0.6399116601219608,635
2019,Steamer,batting,Fantasy,SB/TOF,0.03337339548252324,0.025184148821747483,0.007344021212338158,0.7323241303200836,0.032555337330332126,0.023385766188571282,3.3320055326369035e-05,0.7452859906594416,0.0326545579893365,0.023542074016104697,-7.668044194842887e-18,0.7366655801107365,273
2019,ZiPS,batting,Standard,SB/TOF,0.07016612410820437,0.04118985617973169,0.012679383980777753,0.3502433294098317,0.06901142863907633,0.038410313793025265,-0.00024308140692076062,0.37145292704512134,0.04133989550652127,0.02799496598090392,-8.933504486131487e-18,0.6162793188699502,635
2019,ZiPS,batting,Fantasy,SB/TOF,0.03614979281852944,0.02664401533731989,0.012365005913558694,0.6859346260162659,0.033970766614610744,0.0251128246629176,-0.00031438003131734,0.7226557746663314,0.03421914614798482,0.025400967305636433,6.631822006350604e-18,0.7108265964130656,273
2019,Davenport,batting,Standard,SLG,0.13135267528098776,0.09071168602130658,0.045815612006843254,0.017912332029433875,0.1279895118709165,0.08814809073144748,0.035026563477516065,0.06755939380744524,0.07328362578374471,0.054516643925396506,2.2568853438647968e-17,0.2812465184792958,635
2019,Marcel,batting,Standard,SLG,0.13057999521089542,0.09178130559605718,0.03544552013659217,0.029432579112719015,0.13397602917075974,0.09431598962829142,0.04642010492060904,0.0,0.0766537671553609,0.05740006033110706,1.404284213960318e-16,0.21361889298196457,635
2019,Steamer,batting,Standard,SLG,0.11967947969419086,0.08458245520081202,0.01095542205759032,0.1847105971149916,0.12406593543754045,0.08681991855911725,0.03448477560576041,0.12385190430944693,0.07213276369034866,0.05401759282913595,1.404284213960318e-16,0.30364418157433715,635
2019,ZiPS,batting,Standard,SLG,0.11877898237331437,0.08380105107326626,0.005584969142318525,0.1969333090454376,0.12299194413620317,0.08541432711082096,0.03240005476975998,0.13895520560040975,0.07206284338690629,0.05353153214409438,2.5076503820719966e-17,0.30499352158671245,635
2019,Davenport,batting,Standard,SO/PA,0.11066845938975352,0.07288155736885178,-0.06444443315967845,0.0,0.09259777765477022,0.05352409416776293,-0.02190720174218981,0.2530557520351573,0.0418685244305031,0.03148016832534745,1.0030601528287986e-17,0.5838240741028884,635
2019,Marcel,batting,Standard,SO/PA,0.10270301808735943,0.05940266169691364,-0.03718697965371064,0.08113127039161583,0.09947232346664124,0.05677622408988885,-0.02701304624371552,0.13803112461770062,0.044944325842113615,0.03214738258816189,-4.137623130418794e-17,0.5204306878324046,635
2019,Steamer,batting,Standard,SO/PA,0.09563822390874828,0.05565714115233276,-0.03647300435868603,0.20319864445435598,0.09141183478899555,0.05230409651503512,-0.023232169808682864,0.2720661556344679,0.040607589234560953,0.030015565908466716,1.504590229243198e-17,0.6085141599155586,635
2019,ZiPS,batting,Standard,SO/PA,0.09195407000978667,0.052923163152392705,-0.027445310221613266,0.26340465045971095,0.09048491444318868,0.052072089191334964,-0.022027569171086846,0.2867538765679791,0.040830527963709846,0.030381837498206752,-1.6926640078985976e-17,0.6042037865616038,635
2019,Davenport,batting,Standard,wOBA,0.07737942891632871,0.05059298569266515,0.02609734998417926,0.04394782201385672,0.07579948949076158,0.04952114001702009,0.02095371718430047,0.0825907468361089,0.038774375231438736,0.028830636440464262,2.5076503820719966e-17,0.2942562572363512,635
2019,Marcel,batting,Standard,wOBA,0.07912356779488668,0.05188203254917124,0.02422756952672299,0.0003631004680288985,0.08013055724593343,0.05257142483556827,0.027337562969730545,0.0,0.04070359138864799,0.029916024008085344,6.018360916972792e-17,0.22228069654508487,635
2019,Steamer,batting,Standard,wOBA,0.0720065768385391,0.04833440909835715,0.010453048298593016,0.17210571368526528,0.07410756269577425,0.04932462026331138,0.020402204769004572,0.12308880384490384,0.03853267638797734,0.028775167291854302,3.761475573107995e-17,0.30302729743125056,635
2019,ZiPS,batting,Standard,wOBA,0.07114100042525175,0.04739869169641463,0.007012432695899346,0.19188998095982301,0.07337089708017186,0.048176509496753006,0.019272280849915502,0.14043601031097241,0.038433551930316286,0.0284669323695089,7.64833366531959e-17,0.3066085788356041,635
2019,Davenport,pitching,Standard,1B/(BIP-HR),0.22592027037172913,0.21586441073051263,-0.21512733585322244,0.0,0.0690142283394709,0.04586840177925162,0.0016630633669865336,0.0,0.039826419553586505,0.02782850137990042,-3.421670569866388e-17,0.0,775
2019,Marcel,pitching,Standard,1B/(BIP-HR),0.06505074836884488,0.044532882463144664,0.000601016653436376,0.0,0.06505367144892764,0.044484014312882174,-0.0008611194202642576,0.0,0.037188423745404195,0.027108919817828835,-3.788278130923501e-17,0.0,775
2019,Steamer,pitching,Standard,1B/(BIP-HR),0.09934103352846255,0.08514224811388625,0.07560700277028086,0.0,0.06445093438024178,0.04385279107742869,-0.001304173258571909,0.000796404754308977,0.03650979459682137,0.026885505708179148,-2.5051516672236055e-17,0.01902599795428328,775
2019,ZiPS,pitching,Standard,1B/(BIP-HR),0.09586300193114293,0.08091738697855716,0.06940600409013732,0.0,0.06614393759808056,0.045660860689776685,-0.0015807420689727307,0.0,0.03840427372822352,0.0280163855360908,-6.7211386193804055e-18,0.0,775
2019,Davenport,pitching,Standard,2B/(BIP-HR),0.09073779271734629,0.07578991773053913,-0.07514236526706351,0.0,0.05100732034683364,0.03023446927385293,-0.0038437949577471275,0.0,0.023667657209519778,0.016175176051121898,6.11012601761855e-19,0.0,775
2019,Marcel,pitching,Standard,2B/(BIP-HR),0.050653718884397785,0.029991646596601067,-0.00763543582210069,0.0,0.050262291682942266,0.029856387065740016,-0.004335736222948751,0.0,0.023857044440049695,0.01667496996555805,7.943163822904115e-18,0.0,775
2019,Steamer,pitching,Standard,2B/(BIP-HR),0.09091656217862042,0.07580287397919508,-0.07560468924337171,0.0,0.05069723209419584,0.030219862486035684,-0.00452295248931637,0.0,0.024226046182957255,0.016609409754134153,0.0,0.0,775
2019,ZiPS,pitching,Standard,2B/(BIP-HR),0.08963466346957857,0.0744177903614119,-0.07301567497604577,0.0,0.05206869011096803,0.03113090786783216,-0.0028397863960117034,0.0,0.025245075973740372,0.01692365075016268,6.11012601761855e-19,0.0,775
2019,Davenport,pitching,Standard,3B/(BIP-HR),0.012670177058598197,0.006637080308507332,-0.006500687663928011,0.0,0.010875647171777149,0.007069217159754099,7.249008692254772e-05,0.008490610117019015,0.0067683153344881,0.004993967815602296,-7.255774645922029e-19,0.0031430274562014304,775
2019,Marcel,pitching,Standard,3B/(BIP-HR),0.01126925608685134,0.007402416649469265,0.0007675492506773312,0.0,0.01124836517824453,0.00729971557642359,0.00034455519778903577,0.0,0.007106048080512243,0.00520030414925321,-5.346360265416231e-19,0.0,775
2019,Steamer,pitching,Standard,3B/(BIP-HR),0.012750430888047483,0.006611506687648709,-0.006543310365359049,0.0,0.010943430670895723,0.0070376848525475575,9.877005671881746e-06,0.0,0.0067841168755834345,0.004989649488824048,-4.2007116371127534e-19,0.0,775
2019,ZiPS,pitching,Standard,3B/(BIP-HR),0.012642119228072337,0.006701710872298031,-0.006304623237345239,0.0,0.010959112489155286,0.007151829460844656,0.00016505192527403024,0.0,0.006849650901876748,0.005059523902358606,-5.346360265416231e-19,0.0,775
2019,Davenport,pitching,Standard,BABIP,0.07658813357493337,0.0492991241647084,-0.012890187261712148,0.0,0.0756137582821229,0.04863581776616852,-0.004225537208152219,0.004129983207860066,0.04044005630772636,0.029401094421342994,-3.2994680495140173e-17,0.023006750086631778,775
2019,Marcel,pitching,Standard,BABIP,0.07673361080455025,0.04994606155299586,-0.006266869917986974,0.0,0.07663105237531247,0.0499312242323808,-0.004852300445423955,0.0,0.04186039639770396,0.031033600501588973,-1.710835284933194e-17,0.0,775
2019,Steamer,pitching,Standard,BABIP,0.0753574183683465,0.04840800507967095,-0.006540996838449884,0.010870780720936168,0.07529804941982371,0.04838323723180321,-0.005817248742216393,0.012428701117804475,0.04031286751471636,0.02923610432927807,-2.199645366342678e-17,0.02914260612827213,775
2019,ZiPS,pitching,Standard,BABIP,0.07626331914212221,0.049094076767491876,-0.009914294123253693,0.0,0.07573578876060397,0.04875982312171644,-0.00425547653971039,0.0009129877520034357,0.04071029707715878,0.029340941973971385,7.33215122114226e-18,0.009905602349062792,775
2019,Davenport,pitching,Standard,BB/BF,0.057161006121776214,0.03338043683329784,-0.016071960364937247,0.01555714757601323,0.056218371936252946,0.03285192355553645,-0.01230579669429207,0.04775804959278196,0.02669194576464354,0.019108164947120608,-6.11012601761855e-19,0.24907290663376414,775
2019,Marcel,pitching,Standard,BB/BF,0.05817649035632004,0.033822852143184784,-0.01621724890500711,0.0,0.057558501326084484,0.033524434651728635,-0.013837492792150779,0.0018179949436529785,0.02711767297331381,0.019064714989508715,-2.44405040704742e-18,0.22492782774928521,775
2019,Steamer,pitching,Standard,BB/BF,0.05456403423551046,0.03151907527603655,-0.011182761211017064,0.10297669415858468,0.05429131385665865,0.031431065300268395,-0.009765606818364346,0.11192123689981404,0.025320099234180028,0.017789107276637024,4.277088212332985e-18,0.32427791523620586,775
2019,ZiPS,pitching,Standard,BB/BF,0.054625309618480986,0.03154526244855573,-0.011025106658083083,0.10096084945597483,0.05412593192423181,0.031291135197121796,-0.008200306858512918,0.11732351844038713,0.025512333054602796,0.017846334236007646,-3.055063008809275e-18,0.31397860845755776,775
2019,Davenport,pitching,Standard,BF,167.38231424669885,119.64619354838707,-5.0799999999999965,0.41328350327266594,167.38231424669885,119.64619354838707,-5.0799999999999965,0.41328350327266594,167.38231424669885,119.64619354838707,-5.0799999999999965,0.41328350327266594,775
2019,Davenport,pitching,Fantasy,BF,184.722801705543,134.59426229508196,-48.953278688524584,0.16864588985009354,184.722801705543,134.59426229508196,-48.953278688524584,0.16864588985009354,184.722801705543,134.59426229508196,-48.953278688524584,0.16864588985009354,366
2019,Marcel,pitching,Standard,BF,177.0753074715078,129.88129032258064,11.132903225806452,0.3433632696047598,177.0753074715078,129.88129032258064,11.132903225806452,0.3433632696047598,177.0753074715078,129.88129032258064,11.132903225806452,0.3433632696047598,775
2019,Marcel,pitching,Fantasy,BF,190.06713654244024,135.70765027322403,-57.31967213114754,0.11984512625574628,190.06713654244024,135.70765027322403,-57.31967213114754,0.11984512625574628,190.06713654244024,135.70765027322403,-57.31967213114754,0.11984512625574628,366
2019,Steamer,pitching,Standard,BF,165.5249515990866,115.0631212283719,-3.6054155398953345,0.4262322919858156,165.5249515990866,115.0631212283719,-3.6054155398953345,0.4262322919858156,165.5249515990866,115.0631212283719,-3.6054155398953345,0.4262322919858156,775
2019,Steamer,pitching,Fantasy,BF,182.59391632604365,132.5776391993455,-53.85408751690974,0.18769777737782944,182.59391632604365,132.5776391993455,-53.85408751690974,0.18769777737782944,182.59391632604365,132.5776391993455,-53.85408751690974,0.18769777737782944,366
2019,ZiPS,pitching,Standard,BF,245.737782043742,191.59480884182838,150.23221752535912,0.0,245.737782043742,191.59480884182838,150.23221752535912,0.0,245.737782043742,191.59480884182838,150.23221752535912,0.0,775
2019,ZiPS,pitching,Fantasy,BF,165.308773613597,120.08468834298556,44.47264388871323,0.33421065240965975,165.308773613597,120.08468834298556,44.47264388871323,0.33421065240965975,165.308773613597,120.08468834298556,44.47264388871323,0.33421065240965975,366
2019,Davenport,pitching,Standard,ER/BF,0.08254587370080024,0.04609992111812666,-0.02829586093856554,0.0,0.07883365470107898,0.042859827162351906,-0.014197872895441997,0.0,0.03272641782772025,0.023025813592815383,-1.3442277238760811e-17,0.09116636188425598,775
2019,Marcel,pitching,Standard,ER/BF,0.08045552196539933,0.04442417199033411,-0.021854155167418867,0.0,0.07869021414062319,0.0434835864773352,-0.014023654475702873,0.0,0.03335465683519314,0.02389937690163059,-4.88810081409484e-18,0.055938243527852594,775
2019,Steamer,pitching,Standard,ER/BF,0.0802769776635711,0.04357481507032105,-0.022155668055181415,0.0,0.07856832362584025,0.04227887422751431,-0.014814248598854413,0.0,0.03233561978687117,0.022550696449627608,-3.66607561057113e-18,0.1127421907875068,775
2019,ZiPS,pitching,Standard,ER/BF,0.08003981452220274,0.044119142960478676,-0.02327007156502884,0.0,0.0777953475585061,0.042570837112146334,-0.013683582266413611,0.013750520881105621,0.032443418177778766,0.02310938986342645,4.88810081409484e-18,0.10681656497472236,775
2019,Davenport,pitching,Standard,ERA,8.086752936827486,2.507006044214443,-1.7347393851258077,0.0,7.978753226637926,2.3889423823147995,-1.1288271455824415,0.0,1.9880357596088685,1.073036959432963,6.256769042041395e-16,0.0645236803099839,775
2019,Davenport,pitching,Fantasy,ERA,1.2959459316900337,0.9827022110233334,-0.45052773215036157,0.009422715070452892,1.2165228199104037,0.9311480338599076,-0.05854187335026875,0.12711884080734737,1.0874228278118534,0.8349100162232129,7.701922040008655e-16,0.14844349617992803,366
2019,Marcel,pitching,Standard,ERA,8.047101684259784,2.4679546720324477,-1.5382587591860508,0.0,7.978241700929208,2.4207987512732028,-1.1237148801371883,0.0,2.0113618246934086,1.115685683027635,-7.03886517229657e-16,0.04244259185550969,775
2019,Marcel,pitching,Fantasy,ERA,1.2939789453651298,0.9834010970578086,-0.2532192546346564,0.012427428840855015,1.269529435755726,0.9823506708694013,-0.03799300093083359,0.049394878829110866,1.1337301752142221,0.8750709737336119,-4.332331147504868e-16,0.07437305032903041,366
2019,Steamer,pitching,Standard,ERA,8.030534913718869,2.419541685653648,-1.5029876577293355,0.0,7.972139734963062,2.3664478709935666,-1.1508661314878907,0.0,1.9792006077776874,1.0567723831039055,8.603057432806919e-16,0.07282001966366969,775
2019,Steamer,pitching,Fantasy,ERA,1.1932426935612173,0.9039259287544984,-0.21776469205962343,0.1602071608263842,1.1760842763936956,0.8980535511885308,-0.08226518431922233,0.18418537417594472,1.0524117643663624,0.8089349641252085,8.664662295009736e-16,0.20239481747412325,366
2019,ZiPS,pitching,Standard,ERA,7.980284755172968,2.4160973575787446,-1.4378815785734356,0.0,7.924634163823298,2.376806968164533,-1.0873754139165357,0.0018904925859987154,1.97520279522208,1.0800066694117503,-2.346288390765523e-16,0.07656188206523984,775
2019,ZiPS,pitching,Fantasy,ERA,1.2341127713467912,0.9462501327079328,-0.2186519496288023,0.10169401555831248,1.2160922904154763,0.9445004050328533,-0.060454954165712435,0.1277365597356367,1.0842714438171766,0.8399615740850277,1.9254805100021636e-16,0.15337201693237967,366
2019,Davenport,pitching,Standard,HBP/BF,0.023957797525246703,0.012830838541164525,-0.012605115593207303,0.0,0.020475962981086056,0.009938577137387123,-0.0020440002104225286,0.0,0.008493678565452096,0.005770278406680719,-2.291297256606956e-19,0.0,775
2019,Marcel,pitching,Standard,HBP/BF,0.020211683427048342,0.009618041372420907,-0.002804406796409997,0.00887253257082432,0.02011134730567659,0.009689321102443946,-0.001954185501449391,0.018688543041846417,0.008268172823155352,0.0055979580445866305,4.582594513213912e-19,0.041900422566200746,775
2019,Steamer,pitching,Standard,HBP/BF,0.02026390380131352,0.009522498746082922,-0.0031886115886963894,0.0037444185158800325,0.020112695509682275,0.009619321129495182,-0.0020154322761814208,0.018556970317034294,0.008126460751399781,0.005470656767195296,-8.401423274225507e-19,0.07446160134465296,775
2019,ZiPS,pitching,Standard,HBP/BF,0.020073507088182146,0.009797760960564481,-0.00198944189133901,0.02237781406167383,0.020035398742503707,0.00984799976423802,-0.0015586516579514298,0.026086204460759044,0.00827282000791382,0.005626965582357885,3.818828761011594e-20,0.040823106666190045,775
2019,Marcel,pitching,Standard,HLD/G,0.10537752032269572,0.08470366311095427,0.031334984637597624,0.09100611739756259,0.100699998657635,0.07024508452892093,-0.004236649917802905,0.16991237313458307,0.08123726555986954,0.05661470850409254,-9.77620162818968e-18,0.3302340803298136,775
2019,Steamer,pitching,Standard,HLD/G,0.11053625459714998,0.06757976991801576,-0.006245536430147276,0.0,0.1103655487706949,0.06962481330835427,-0.001139078746605945,0.0029152705253516764,0.0862128026448892,0.05118803226809727,0.0,0.2456793812667173,775
2019,ZiPS,pitching,Standard,HLD/G,0.13275731890226877,0.0754057289219377,-0.07198570329391923,0.0,0.11230056974688217,0.0827293306517328,-0.01299437270805444,0.0,0.09988902289954847,0.07631148521493333,4.277088212332985e-18,0.0,775
2019,Davenport,pitching,Standard,HR/BIP,0.0410583403536767,0.0260320268867863,-0.01421335258385121,0.0,0.03873041016858443,0.024655287710182532,-0.004034445550667696,0.0,0.019943907061285807,0.014302114073617363,3.66607561057113e-18,0.08131486180219794,775
2019,Marcel,pitching,Standard,HR/BIP,0.040319229746377624,0.025721944932445607,-0.011852923362931396,0.0,0.03869926285274681,0.025071123274606363,-0.003533334155204092,0.0011874969383615097,0.02035460044306837,0.014869036014686126,-2.44405040704742e-18,0.04308938831035314,775
2019,Steamer,pitching,Standard,HR/BIP,0.04014245861105826,0.025083669016505165,-0.013477215821876467,0.0,0.03808387329132399,0.023830981020237847,-0.004538696711450621,0.0327008457621728,0.01955266917891001,0.01379222767408828,6.7211386193804055e-18,0.11700486257722531,775
2019,ZiPS,pitching,Standard,HR/BIP,0.041821109968985554,0.02702694673754681,-0.0161413426939614,0.0,0.038828355362584714,0.02487060178095944,-0.004379370398707957,0.0,0.020275743920007524,0.014785599513091644,6.11012601761855e-19,0.050489432869695317,775
2019,Davenport,pitching,Standard,L/G,0.16890703675865257,0.10540991426122427,0.009749120159975463,0.0,0.1700605922841632,0.11065938571404244,-0.02204684388626214,0.0,0.14898574437227513,0.10711834151155929,2.199645366342678e-17,0.014566125658822981,775
2019,Marcel,pitching,Standard,L/G,0.14829114544817282,0.10790425066132588,0.006083068581675087,0.1786223342207237,0.15499637652955506,0.1218636737929452,0.04550402885822113,0.1026630712362614,0.12660530278671578,0.09921263224995011,1.588632764580823e-17,0.2883903165521736,775
2019,Steamer,pitching,Standard,L/G,0.14850199650859694,0.09562237815137649,0.03127919990577228,0.1762848854517124,0.14545317914365039,0.09219732021274722,0.009064916033851457,0.20976022343863043,0.11578432595678573,0.08058383843175636,1.955240325637936e-17,0.40483470313790726,775
2019,ZiPS,pitching,Standard,L/G,0.15177737258933874,0.10639603207757527,0.041628451640270014,0.13954827205396525,0.14811001670996865,0.1026783620170478,0.025162158207724085,0.1806276358833735,0.11747455217264073,0.0856266970556896,9.77620162818968e-18,0.38733135734257484,775
2019,Davenport,pitching,Standard,R/BF,0.10885823305068898,0.0687151843207668,-0.0453655329560872,0.0,0.10424864736749853,0.06703235806633356,-0.0327978224189469,0.0,0.05811818600891814,0.04086404229974623,1.466430244228452e-17,0.0,775
2019,Marcel,pitching,Standard,R/BF,0.08077479205044132,0.044953076911739664,-0.022100663003805542,0.0,0.07884926425306824,0.04359165696163172,-0.013456550362775996,0.0,0.03422031182241085,0.024517605057680993,-1.099822683171339e-17,0.062459900149286374,775
2019,Steamer,pitching,Standard,R/BF,0.08071640699703632,0.04390852711231882,-0.022592093901193013,0.0,0.07885303986690248,0.042472637213620316,-0.014596788844825528,0.0,0.03312203357301921,0.02321674491720466,4.88810081409484e-18,0.12167364767808442,775
2019,ZiPS,pitching,Standard,R/BF,0.080705403217104,0.04484004993094469,-0.024539266561445602,0.0,0.078012979683772,0.04278887355634939,-0.013222650796227057,0.019871443276035072,0.03323349828056951,0.02389419723341816,0.0,0.11575208347540134,775
2019,Davenport,pitching,Standard,SO/BF,0.06770448093386194,0.04733872670199455,-0.002596543710534225,0.25640892757028666,0.0681966708544747,0.047537742369274084,0.008580863380254843,0.24555829157688103,0.043654370185895734,0.03266026529549123,-1.22202520352371e-18,0.45583059334481846,775
2019,Davenport,pitching,Fantasy,SO/BF,0.045081636188037774,0.034305067343971,-0.015075649274796238,0.44294586561564453,0.04250707038701814,0.03273710194793091,-0.0013312822965027568,0.5047546455896756,0.0399201298426966,0.030083475308063996,-4.1367745332077734e-17,0.5253244363362457,366
2019,Marcel,pitching,Standard,SO/BF,0.07051342221872003,0.04894490251324135,0.004129619443134193,0.193428398777444,0.07115305359056986,0.04952866983406548,0.010376323000569057,0.17872911454057194,0.04691558019733492,0.03495175655445888,-1.588632764580823e-17,0.37148904590956267,775
2019,Marcel,pitching,Fantasy,SO/BF,0.04834096222715338,0.03621382624810859,-0.012127060301069227,0.359485975085291,0.046854424017257826,0.035698752848574204,-0.0023566952470962586,0.3982733188386989,0.04357998411327128,0.03277990873957473,-2.030780225392907e-17,0.4342987744769623,366
2019,Steamer,pitching,Standard,SO/BF,0.06761851290918706,0.04675354294288945,-0.004939907813510112,0.25829608393686765,0.0680562317606625,0.04662134182346615,0.009153692294210427,0.24866237312827855,0.04212571902810774,0.031250026361978454,6.11012601761855e-18,0.4932738445275072,775
2019,Steamer,pitching,Fantasy,SO/BF,0.04298687112644157,0.032795170573235645,-0.017296213859521438,0.4935113322354483,0.039357754946312516,0.030261848203678263,-0.0005663912490434034,0.575420817256487,0.037223504815397455,0.02814682740341037,-2.030780225392907e-17,0.5872876083863763,366
2019,ZiPS,pitching,Standard,SO/BF,0.06912705833361338,0.04917767645180589,-0.012230218606697632,0.22483261164057788,0.06869305273274665,0.04787996921215994,0.009474362619867218,0.23453563933570165,0.043398379945725804,0.03240940329829244,-2.077442845990307e-17,0.46219392518367064,775
2019,ZiPS,pitching,Fantasy,SO/BF,0.04826689341075168,0.0373144405556304,-0.02489394869577717,0.3614472835796009,0.041357328568924566,0.03181627345061082,-0.0006665647013650159,0.5311833594268196,0.0390082862600742,0.029524630502362096,-2.5572788023466236e-17,0.5467615701088563,366
2019,Davenport,pitching,Standard,SV/G,0.08278848260647861,0.028025762518649036,-0.005657719873943829,0.3131330108635949,0.08259568197542548,0.03139262526177485,-0.0003516004471467817,0.3163284840242292,0.0669976333165843,0.02614025466015958,2.7495567079283476e-18,0.4660475433312292,775
2019,Davenport,pitching,Fantasy,SV/G,0.0833041694858608,0.03386260281352534,-0.008081578132952459,0.5162979007602668,0.08293446344513856,0.036925136261482194,-0.00196277312061786,0.5205817383734183,0.06665720959954266,0.026465943846929324,7.521408242195952e-19,0.5272051321923727,366
2019,Marcel,pitching,Standard,SV/G,0.0840506411223686,0.05063604933038868,0.017652863427676163,0.29202999130958196,0.0821811381295367,0.039810912184941455,0.0009234600050776995,0.3231738928275665,0.07133985894785676,0.033905744298613406,-2.44405040704742e-18,0.39459199584494387,775
2019,Marcel,pitching,Fantasy,SV/G,0.09245397376521935,0.05420473467670181,0.0066665158946998876,0.4042066398601055,0.09255129927703998,0.04639563390036579,-0.007902415267665617,0.4029516064206381,0.0743451346788947,0.03543920397748354,4.512844945317571e-18,0.41185609585587657,366
2019,Steamer,pitching,Standard,SV/G,0.08305384335009512,0.027183213734894237,-0.010817873390784803,0.3087227441448047,0.08234823363913692,0.03313373633615787,-0.0005630923217303145,0.32041876966535854,0.06630930233814936,0.027743216592082915,-4.277088212332985e-18,0.4769627943256266,775
2019,Steamer,pitching,Fantasy,SV/G,0.08278285817509633,0.0316125970684007,-0.016116781715854057,0.5223329018795683,0.08134403373648587,0.03638067145615978,-0.004858072638498429,0.5387929858078802,0.06518261437468527,0.027756496815909262,4.512844945317571e-18,0.5478921521176592,366
2019,ZiPS,pitching,Standard,SV/G,0.09240372951033665,0.030390543515558643,-0.008124459845551275,0.14431917570100372,0.09204864491620732,0.03557659840350107,0.0007145986793539153,0.15088287806954082,0.07426440686724654,0.028902647585829676,-4.88810081409484e-18,0.34393767388055285,775
2019,ZiPS,pitching,Fantasy,SV/G,0.09485198730720631,0.03505488860741469,-0.013676596520983623,0.3728991877652533,0.09394131891731584,0.03927844740193185,-0.0038885982302362997,0.38488289935616393,0.07434820314912839,0.029037182318958632,1.5042816484391903e-18,0.41180754555560983,366
2019,Davenport,pitching,Standard,W/G,0.13865105939388098,0.09048607036490745,0.020700823917535964,0.06734682468330999,0.13712390092491566,0.09219168498318689,0.0027151509507591653,0.0877789114578279,0.13273977511689092,0.09467424251640563,-4.643695773390098e-17,0.37190990805184243,775
2019,Davenport,pitching,Fantasy,W/G,0.1299705746860228,0.09118838381340942,0.01691264785781948,0.2856679468583476,0.12886607960381172,0.09118509691860996,-0.00039223182369055873,0.29775720423093843,0.13136347609685647,0.09478133449106253,-6.017126593756761e-17,0.36102258678946764,366
2019,Marcel,pitching,Standard,W/G,0.13218075960229378,0.10048730659166027,0.030338749766774517,0.15236227876424846,0.14497781784354305,0.11810966369035163,0.06683752086251502,0.0,0.1347879296139738,0.10646910326987016,4.88810081409484e-18,0.35237770347633446,775
2019,Marcel,pitching,Fantasy,W/G,0.12354178252689359,0.08757129481912478,-0.02328738209371676,0.35458688513317427,0.12620103278931616,0.10321513164149564,0.034733712901826995,0.3265026711487615,0.13121592893567552,0.10516078230760409,2.4068506375027045e-17,0.3624571766621907,366
2019,Steamer,pitching,Standard,W/G,0.13372253483943702,0.09313691447652803,0.03943128845428545,0.13247302115510395,0.13067993480768403,0.09026208596150449,0.02739261846960172,0.17150172796732277,0.1223150220399149,0.08893800331172795,2.6884554477521622e-17,0.46669042229862145,775
2019,Steamer,pitching,Fantasy,W/G,0.11271679168516462,0.08015822581536944,0.013192788918670154,0.46273654946412557,0.11243314876632415,0.08003278797662773,0.010497023062095769,0.46543710953306505,0.11942408467345716,0.08796202152966805,-2.4068506375027045e-17,0.47189523593319394,366
2019,ZiPS,pitching,Standard,W/G,0.14393892457353114,0.10681661899113273,0.06692547032129244,0.0,0.13173520540782216,0.09550845096282094,0.03338815529768926,0.15806707304258127,0.12265751402282583,0.09136308776924726,-3.910480651275872e-17,0.4636996207586922,775
2019,ZiPS,pitching,Fantasy,W/G,0.11857783360061197,0.08623208382316376,0.03431773494827706,0.4054107093934257,0.11417349138236788,0.08296130936051381,0.012352750503649229,0.4487601280669379,0.12040419636743577,0.09009372247904307,3.0085632968783807e-18,0.46319136969237185,366
2019,Davenport,pitching,Standard,WHIP,1.103725823797303,0.37038202645559287,-0.20985170605919448,0.0,1.0977969207964184,0.3647430769202156,-0.1760259177763808,0.0,0.30143502847901554,0.17853085042569994,-1.0753821791008649e-16,0.1171422088784757,775
2019,Davenport,pitching,Fantasy,WHIP,0.1999348178310923,0.15913184680418996,-0.006303794145173161,0.17217112489577446,0.20010418170353278,0.15910203460451577,-0.010367737203127282,0.1707680307399838,0.17914355991010625,0.14199738318856236,1.083082786876217e-16,0.21930879699489614,366
2019,Marcel,pitching,Standard,WHIP,1.1141609366425722,0.3812002573888101,-0.22951608664623335,0.0,1.1059581938210388,0.37258417381695835,-0.18565173785624017,0.0,0.30790443698364744,0.18253986359363425,-7.820961302551744e-17,0.0788397019772844,775
2019,Marcel,pitching,Fantasy,WHIP,0.21062298505999646,0.16461841820471054,-0.013392492260422089,0.0812967871508048,0.210378418304686,0.16436420307696398,-0.008740474915210052,0.08342906931106986,0.1878904268992597,0.14519232014907352,2.2865081056275693e-16,0.14121155647449435,366
2019,Steamer,pitching,Standard,WHIP,1.099583900054703,0.3645236589416785,-0.1888817503222828,0.0,1.0972860070077803,0.36258712530853804,-0.17500898125632558,0.0,0.29890221726582017,0.17359797403098345,-4.88810081409484e-17,0.13191632219682348,775
2019,Steamer,pitching,Fantasy,WHIP,0.19422807227153033,0.1539508038989606,0.013371703641741164,0.21875417822077403,0.1940123639723353,0.15361670381921114,-0.009749655076034695,0.22048850659338637,0.1742313444594887,0.13713823003343895,2.5873644353154074e-16,0.2615357744172353,366
2019,ZiPS,pitching,Standard,WHIP,1.0911583566020302,0.3610013635226699,-0.16125497413061554,0.008435062211753164,1.0910354995860576,0.3609013508137799,-0.1604215348898661,0.008658336589061899,0.29929981026410896,0.17650988337990817,-2.346288390765523e-16,0.12960537551489137,775
2019,ZiPS,pitching,Fantasy,WHIP,0.20210999269889904,0.1613171253253724,0.02523873655321329,0.15406054545575,0.20058073522543632,0.1598558027476136,-0.004601740717388505,0.1668136508749839,0.17939131048762372,0.1412190043305095,8.423977231259466e-17,0.21714795524910024,366
2019,Davenport,pitching,Standard,wOBA,0.23381295959070145,0.2191291472690858,-0.21830784514712964,0.0,0.08505259153225535,0.05425216037119729,-0.014958559642319439,0.0,0.04455442167879848,0.032959957334522165,-1.22202520352371e-17,0.0,775
2019,Marcel,pitching,Standard,wOBA,0.0845169774700659,0.05378048354591085,-0.027073360714512742,0.0,0.08199973170437307,0.05182721688866032,-0.017714496303639606,0.0,0.04185055599352857,0.03136532350604408,3.177265529161646e-17,0.09729031822496881,775
2019,Steamer,pitching,Standard,wOBA,0.08994778487527313,0.058795278240655044,-0.04270318749695678,0.0,0.08110395314551362,0.050572698891428784,-0.017629788264794933,0.013055682577728822,0.04005652722160214,0.02961887848164015,-4.88810081409484e-18,0.1730252957150613,775
2019,ZiPS,pitching,Standard,wOBA,0.09045870211298618,0.0600317515738151,-0.044288377735695675,0.0,0.08037374913555997,0.05078821533024805,-0.015447432297945821,0.030747212018800707,0.04048910708441597,0.030597147516613642,2.932860488456904e-17,0.15506746220524192,775
2020,Marcel,batting,Standard,1B/(BIP-HR),0.10410913538897557,0.06683989265145192,0.012309690259261796,0.0,0.1036789897159094,0.06657242762961951,0.007883483452800003,0.0010225539895230007,0.05430979827414518,0.040581379038687714,-6.83810037121386e-18,0.03521450815554317,581
2020,Razzball,batting,Standard,1B/(BIP-HR),0.10398799975047292,0.06662345841726985,0.011774604059055466,0.0,0.1036874665214456,0.06644470142284961,0.008730860340142498,0.0008591943012002945,0.05394896506964376,0.040329773399525884,-1.025715055682079e-17,0.04799195084598262,581
2020,Steamer,batting,Standard,1B/(BIP-HR),0.10480066555547136,0.06671833358112583,0.012726534605224266,0.0,0.10438816600320024,0.06643736537572839,0.008699102465191141,0.0,0.05342221606551753,0.03970604126116771,6.83810037121386e-18,0.06649169995059878,581
2020,ZiPS,batting,Standard,1B/(BIP-HR),0.10421067471931143,0.06712417777172262,0.012230808457017468,0.0,0.10380417995340326,0.06675875445965496,0.008064473067512854,0.0,0.053957215262231316,0.04069261007407505,1.709525092803465e-18,0.047700755257733984,581
2020,Marcel,batting,Standard,2B/(BIP-HR),0.053146605963835955,0.0370090217104672,0.007458025771642633,0.0,0.05268656174538384,0.03604205756695264,0.0026332891002292247,0.002948854671254608,0.03239698759103223,0.024704143112020592,5.128575278410395e-18,0.0,581
2020,Razzball,batting,Standard,2B/(BIP-HR),0.05282600287481173,0.03619208316516785,0.00621262357526376,0.0,0.052545329961818876,0.03556622533084069,0.0030036332590260067,0.008287087871174603,0.03175320982557644,0.02369887256021159,6.410719098012994e-18,0.014170897063497057,581
2020,Steamer,batting,Standard,2B/(BIP-HR),0.052955584809943064,0.036295045617002045,0.005635208804030835,0.0,0.05270236383418968,0.03562166664870861,0.0022362400169163204,0.0023506811346284406,0.031850719020213275,0.02390074986519347,1.0684531830021656e-17,0.008106943302911063,581
2020,ZiPS,batting,Standard,2B/(BIP-HR),0.053432210080743774,0.036787997751194804,0.005343673075612895,0.0,0.05319835167801287,0.03611767984857558,0.0019022063725656034,0.0,0.03272133692549363,0.02487465385100567,1.1111913103222522e-17,0.0,581
2020,Marcel,batting,Standard,3B/(BIP-HR),0.010866287593578206,0.007820874968020607,0.0022688602070768176,0.0,0.010656751800174556,0.007121203418641532,0.0007986735900408032,0.0,0.008856665667041928,0.0065461191197704474,8.013398872516242e-19,0.036224420707676175,581
2020,Razzball,batting,Standard,3B/(BIP-HR),0.010274004553880587,0.0070866773474957435,0.0011856570492605933,0.04980709511495429,0.010223620657970115,0.0068488700560736995,0.0006107638032624393,0.05910376841727716,0.008640227290120948,0.006577936881934371,1.2821438196025987e-18,0.08275416005948455,581
2020,Steamer,batting,Standard,3B/(BIP-HR),0.010338694759799264,0.007218617157380679,0.0015954582844771845,0.03780365646621342,0.010252825472140025,0.006844011706359459,0.0008816507037196947,0.05372055861913361,0.00846983576946666,0.0062968846997496575,4.2738127320086625e-19,0.11857493732723645,581
2020,ZiPS,batting,Standard,3B/(BIP-HR),0.011300578285578873,0.007196758668385997,0.00196285479171375,0.0,0.01114837543910318,0.007270326010258605,0.0006603061987107787,0.0,0.009226441131306468,0.0066365144759988155,5.342265915010828e-19,0.0,581
2020,Marcel,batting,Standard,AVG,0.08449933840917498,0.06002433834826459,0.02954526692137457,0.0,0.08076907033901876,0.056877130942838895,0.016013348472332593,0.02802784523274504,0.04786819490731486,0.03698387928769755,-1.709525092803465e-17,0.09901672697922492,581
2020,Razzball,batting,Standard,AVG,0.08483585663385959,0.06059981460316921,0.02798358438235976,0.0,0.08169059772583259,0.05811183224553495,0.016103173006823106,0.005722062731998601,0.048072426151703034,0.03774014091222471,3.41905018560693e-18,0.09131217595125085,581
2020,Steamer,batting,Standard,AVG,0.08359292444954801,0.05968590931612033,0.027995168989792665,0.0,0.08003293958791764,0.05647335862789685,0.014185340595927942,0.04566425124478257,0.04722665689722265,0.037164781180072465,1.367620074242772e-17,0.12300516805160466,581
2020,ZiPS,batting,Standard,AVG,0.08253952294840514,0.05864654086089695,0.024215819761142184,0.0,0.07997328565547625,0.05623137837177633,0.013013819450347007,0.047086382275865146,0.047227921129039285,0.0370689230551584,-1.025715055682079e-17,0.12295821407762508,581
2020,Marcel,batting,Standard,BABIP,0.11251671871851089,0.07446829019614758,0.02203657623798126,0.0,0.11091636768441733,0.07310481877509789,0.011315446143069985,0.0011970759880204351,0.05931724309913097,0.044614515516415335,-4.786670259849702e-17,0.03555660455902654,581
2020,Razzball,batting,Standard,BABIP,0.1122926768926024,0.07383588333604811,0.019172884683579822,0.0,0.11133036942788264,0.07310851776321767,0.012345257402430948,0.0,0.05895214918825091,0.04432539990519333,-3.41905018560693e-18,0.047392245523479315,581
2020,Steamer,batting,Standard,BABIP,0.1130927796231923,0.07392119140324273,0.019957201693732288,0.0,0.1119434153106359,0.072832916595003,0.011816993185827145,0.0,0.05867213156340912,0.04397888201900159,1.025715055682079e-17,0.0564203624606342,581
2020,ZiPS,batting,Standard,BABIP,0.11259402180209084,0.07416477750200097,0.019537336324344123,0.0,0.11139407102124513,0.07324314684876518,0.010626985638789213,0.0,0.05963430983633955,0.04503774815820155,-1.025715055682079e-17,0.025218626001519473,581
2020,Marcel,batting,Standard,BB/PA,0.050744663157300904,0.03520948515698077,0.0029747704308360793,0.10158491565117911,0.05109475608776792,0.035578373275174574,0.006671020899138419,0.08914562710131857,0.032861189603199954,0.024690552204648924,-1.367620074242772e-17,0.3179886214598817,581
2020,Razzball,batting,Standard,BB/PA,0.050686177254553356,0.03572191912154667,0.0029899719637326936,0.10365466382804445,0.051020730902183405,0.03602425170728554,0.00655487219226419,0.0917829748932224,0.0332172584874802,0.02509574525604235,-8.654470782317542e-18,0.30312861780138445,581
2020,Steamer,batting,Standard,BB/PA,0.04822543481906741,0.03314299261660046,-0.002539907328066052,0.18857461307020773,0.04827212487174891,0.033296134120738737,0.0033100763406248737,0.18700266939108956,0.03095164193995827,0.023200925107615455,-1.2287211604524904e-18,0.3949483588081437,581
2020,ZiPS,batting,Standard,BB/PA,0.048607708356278596,0.033484740590202955,-0.002608939020570125,0.17565960888138832,0.048737908198785776,0.03382352513204402,0.004413722551009131,0.1712375640000039,0.03143777481640813,0.023650308099041655,4.701194005209529e-18,0.3757929697853598,581
2020,Marcel,batting,Standard,HBP/PA,0.02967063338361618,0.012498201334770725,-0.002330543244880564,0.02848207469346309,0.029592272353635433,0.012842933740337441,-0.000887428579118044,0.03360691410044503,0.012306074483367744,0.008437624325661423,0.0,0.19818822734640573,581
2020,Razzball,batting,Standard,HBP/PA,0.029768670847708543,0.012826307976721824,-0.002128887601797475,0.022051304806436356,0.029707012920224835,0.01313184506297375,-0.0009300618389548504,0.026098233475869814,0.012687788835955548,0.008855713532661185,2.1369063660043313e-19,0.1476749868284417,581
2020,Steamer,batting,Standard,HBP/PA,0.02974146455371145,0.012146404497033825,-0.0029412659484802537,0.023838028960841307,0.029615985584002528,0.012597186811082926,-0.0010967833386136404,0.0320574904280464,0.012200983467428256,0.008396334040320122,-1.495834456203032e-18,0.2118243254803951,581
2020,ZiPS,batting,Standard,HBP/PA,0.029941720613453307,0.0118542254120319,-0.0032929283035734065,0.010648331241343567,0.0297753331431541,0.012363326547408715,-0.0009524743063155738,0.02161352159132346,0.01199920172601157,0.00814208293515605,-6.944945689514076e-19,0.23767869222709492,581
2020,Marcel,batting,Standard,HR/BIP,0.05414135403903006,0.03104757520448115,0.005011776413948044,0.08111545538622222,0.054150778738823506,0.031069957796450456,0.005112584832042378,0.0807955164080364,0.029548978677546453,0.02239370153405974,7.692862917615593e-18,0.2678142991014758,581
2020,Razzball,batting,Standard,HR/BIP,0.0549536378920956,0.03197148729611488,0.00601877314042101,0.05333653547708228,0.05485312580057604,0.03177128292837945,0.005018836780979097,0.056796328535115514,0.030184093316270543,0.023209442442635272,-1.2821438196025987e-18,0.23600139859363622,581
2020,Steamer,batting,Standard,HR/BIP,0.05404850296130128,0.02874081727509759,0.002088691174150961,0.08426448117049423,0.05406434866274954,0.028819397895649558,0.0024649046209805534,0.083727459869263,0.028371886954928528,0.021256740610168887,8.547625464017325e-18,0.3249860698250093,581
2020,ZiPS,batting,Standard,HR/BIP,0.05434703261160479,0.028885847843804862,0.0014140465663512198,0.07412065989715755,0.05440293127942178,0.02915125724964647,0.0028422712394252665,0.07221505306950893,0.029128011888936482,0.02165782622680735,-2.1369063660043313e-18,0.2885277261815353,581
2020,Marcel,batting,Standard,OBP,0.09126469346274145,0.06377875288481098,0.02698090621292671,0.0,0.0892048070092476,0.062456436655745795,0.018873860780976814,0.029685183386458425,0.050104005284106704,0.039574361394485606,0.0,0.1369082416973374,581
2020,Razzball,batting,Standard,OBP,0.09278788480904884,0.06506211112020469,0.02575647370459171,0.0,0.0911045316299425,0.06398809672840618,0.01881063672152538,0.0,0.05128369248215519,0.040147555373733435,-1.1966675649624256e-17,0.09578719046582163,581
2020,Steamer,batting,Standard,OBP,0.08873040154026424,0.06233209731101079,0.020770162289212548,0.039978319735900936,0.087462846827343,0.06149710522679905,0.01442446044630311,0.06721110891010407,0.04973053648597475,0.03922003443764996,7.009052880494207e-17,0.14972703761854467,581
2020,ZiPS,batting,Standard,OBP,0.08858295432971519,0.062191715336318315,0.017120298878702474,0.04316628923324206,0.08808655778692631,0.06190295055757928,0.014332009582232406,0.05385995251235565,0.04996564338833263,0.039490824703478346,4.444765241289009e-17,0.14166850482616355,581
2020,Marcel,batting,Standard,PA,264.9585457785182,239.30636833046472,223.18244406196214,0.0,264.9585457785182,239.30636833046472,223.18244406196214,0.0,264.9585457785182,239.30636833046472,223.18244406196214,0.0,581
2020,Razzball,batting,Standard,PA,74.85348856553242,52.184165232358005,-28.993115318416525,0.12092046159277359,74.85348856553242,52.184165232358005,-28.993115318416525,0.12092046159277359,74.85348856553242,52.184165232358005,-28.993115318416525,0.12092046159277359,581
2020,Steamer,batting,Standard,PA,50.166833112373354,36.86804693167878,-3.8149048092032873,0.6051451719954211,50.166833112373354,36.86804693167878,-3.8149048092032873,0.6051451719954211,50.166833112373354,36.86804693167878,-3.8149048092032873,0.6051451719954211,581
2020,ZiPS,batting,Standard,PA,91.0553348811975,73.34939759036145,59.10843373493976,0.0,91.0553348811975,73.34939759036145,59.10843373493976,0.0,91.0553348811975,73.34939759036145,59.10843373493976,0.0,581
2020,Marcel,batting,Standard,R/PA,0.07145259671051699,0.04294053489273299,0.004898964380821839,0.009049325145246145,0.07134596538940698,0.042760605501592296,0.00296193394174109,0.012004782037669082,0.03390935951423785,0.026048115717914048,6.83810037121386e-18,0.0625680872511103,581
2020,Razzball,batting,Standard,R/PA,0.07194125618528761,0.04404904205393214,0.006218097872275016,0.0,0.07175925217591074,0.04384854929160693,0.0035370429002147103,0.0005252814784574289,0.034891490535576074,0.02694873880827773,-3.41905018560693e-18,0.0074792262420444455,581
2020,Steamer,batting,Standard,R/PA,0.07216748186825508,0.043153657563429114,-0.003945269124440939,0.0,0.07206011177353552,0.04315910491483149,0.00028181212495958434,0.0,0.034716194475085185,0.02656676094561103,-1.5385725835231186e-17,0.01742709178952062,581
2020,ZiPS,batting,Standard,R/PA,0.07149357959023157,0.04276253279711252,-0.0005269157621862352,0.007912245149727215,0.07149355389340635,0.04280970024612121,0.0005234175246041882,0.007912958318691321,0.03417798416942126,0.026314144053184368,5.128575278410395e-18,0.04765687944784802,581
2020,Marcel,batting,Standard,RBI/PA,0.05944772800913445,0.045364368060111196,0.013830240382969315,0.032137848793823864,0.05906660133960087,0.045003868169012105,0.01208745537381736,0.04450823297125173,0.040534336104979134,0.03192185514272968,1.6240488381632918e-17,0.11687319963756937,581
2020,Razzball,batting,Standard,RBI/PA,0.06061627203572234,0.0466550554696069,0.01795816985235924,0.0,0.05901418781037675,0.045442439345107125,0.01143843485167044,0.04620321709546871,0.041405945086664765,0.0330324490101124,2.136906366004331e-17,0.07848514689322972,581
2020,Steamer,batting,Standard,RBI/PA,0.05754499413928223,0.04370930466789988,0.012499045642870603,0.09310275070449792,0.05695500066022972,0.04316302033689682,0.009416575370021937,0.11160377028811064,0.03959358693876358,0.031173756720020013,1.025715055682079e-17,0.157389955433046,581
2020,ZiPS,batting,Standard,RBI/PA,0.057833560289677025,0.044466639192480194,0.01219255830241119,0.08398445938093024,0.057002158655232636,0.0438095626602799,0.007292727441383089,0.11013200033902504,0.04093156028397114,0.03259366796506388,5.983337824812128e-18,0.09947964072112403,581
2020,Marcel,batting,Standard,SB/TOF,0.11640780863828806,0.059358296407181974,-0.004931972315988327,0.17374523094368832,0.11642353952323561,0.05921956588372985,-0.00529027353506275,0.17352190233556042,0.06842529234415097,0.041743255825646725,3.41905018560693e-18,0.36312158607710243,581
2020,Razzball,batting,Standard,SB/TOF,0.1215235869364611,0.06209301155771568,-0.0018426958591345399,0.09952655217237605,0.12158999113503018,0.0611644356537733,-0.004420326949714151,0.0985421909284413,0.07605763681268203,0.0438843782288208,6.7312550529136435e-18,0.21311935906276958,581
2020,Steamer,batting,Standard,SB/TOF,0.10921345578446083,0.054879661197583446,-0.0006966928481171622,0.27271932035253577,0.10924303144548608,0.05416592544400155,-0.00263559783345183,0.272325363047742,0.06215873328936905,0.03741134310032456,-3.41905018560693e-18,0.47443369109835987,581
2020,ZiPS,batting,Standard,SB/TOF,0.10489649595076067,0.051162886017906466,0.00017461169117803456,0.32907849352669705,0.10497074436924285,0.05123509282138121,-0.003951303573211999,0.3281283666336121,0.06010017191643521,0.0370669207086322,-4.2738127320086625e-19,0.5086684700481933,581
2020,Marcel,batting,Standard,SLG,0.15559105587306796,0.11529877397271142,0.058538801948118044,0.0,0.14811192332881085,0.10928647440858726,0.03399053541773619,0.055723540410036354,0.09635055148861302,0.07560517272138495,-1.2992390705306335e-16,0.13345821075662434,581
2020,Razzball,batting,Standard,SLG,0.15794512004982744,0.11733145013424962,0.055825301560775434,0.0,0.15144712253896123,0.1117412893992987,0.03325709356104729,0.012718106113578043,0.09846744265109977,0.07718403483718067,-5.470480296971088e-17,0.09496282293488378,581
2020,Steamer,batting,Standard,SLG,0.1514377872157797,0.11260238622553052,0.049010283060791984,0.012839816071971377,0.14556368612270876,0.10760341126174791,0.025639640530195795,0.08793621986801414,0.09609440509334224,0.07596868851920768,-2.393335129924851e-17,0.138059461328088,581
2020,ZiPS,batting,Standard,SLG,0.1497146773822065,0.11138585160598956,0.04130287146953637,0.03517648990474498,0.1459885673793314,0.10834626236843356,0.024578534810693057,0.08260406081689142,0.0977640201070555,0.07710922339577582,-4.786670259849702e-17,0.10784727713514186,581
2020,Marcel,batting,Standard,SO/PA,0.09756669375559172,0.06602206655738142,-0.025081126627733496,0.12125140302236204,0.09489163344687217,0.06450889304883609,-0.010687622782196744,0.16877745649335207,0.056401507142476874,0.042236970330156366,3.41905018560693e-17,0.3943270800720756,581
2020,Razzball,batting,Standard,SO/PA,0.10073799050338984,0.0701876380505035,-0.024156470955120985,0.06319751335066037,0.09831979838376878,0.06862496603274842,-0.010108170584704361,0.1076331539271752,0.060753212061001906,0.04660575051214641,-1.367620074242772e-17,0.2972591062263653,581
2020,Steamer,batting,Standard,SO/PA,0.09596217959896963,0.065420518962674,-0.025300782682098052,0.14991632668886956,0.09290096342332477,0.06319285553587267,-0.007872654947587307,0.20328699982830856,0.05477123329893331,0.041426413899080076,-1.367620074242772e-17,0.42883474799356547,581
2020,ZiPS,batting,Standard,SO/PA,0.09324308757871957,0.0636581695051984,-0.021673058936901118,0.19740812291484988,0.09092868074063822,0.06173129239692943,-0.006593412144142838,0.23675626489801083,0.053865815756370054,0.040589847378588735,-6.83810037121386e-18,0.4475624117386152,581
2020,Marcel,batting,Standard,wOBA,0.09399281050004059,0.06675488406469283,0.03307672361868944,0.0,0.09053615065669744,0.06422198616879422,0.021359208678760604,0.040743239514035134,0.053501920790844426,0.04187344591112903,2.051430111364158e-17,0.1344155541504194,581
2020,Razzball,batting,Standard,wOBA,0.0950489749279068,0.06772972405495499,0.031101698610775885,0.0,0.09233693511892398,0.06568424107680622,0.021427029863843993,0.002204070559697957,0.05493626718463244,0.04296222295869393,6.154290334092474e-17,0.0873820871458052,581
2020,Steamer,batting,Standard,wOBA,0.09081387583769986,0.06534335834395809,0.025550648127285008,0.03484905537624827,0.0886442450673288,0.06357613357188557,0.016231997985947752,0.08041493568054259,0.05354910917450737,0.04226561994831166,7.180005389774553e-17,0.13288799988395483,581
2020,ZiPS,batting,Standard,wOBA,0.0904053192035811,0.06490296832796653,0.02257245926276506,0.04351363069769665,0.08896419303483995,0.06397312781709588,0.015843668110890923,0.07376475004977323,0.05415028102943799,0.04283212186855278,6.154290334092474e-17,0.11330935722087643,581
2020,Marcel,pitching,Standard,1B/(BIP-HR),0.10013595232108188,0.06712453054664021,-0.00875469025558827,0.0,0.10016996841529617,0.06713217139409385,-0.009135547413414314,0.0,0.05993491242450923,0.04231752710393558,-3.255538683814174e-17,0.0,708
2020,Razzball,pitching,Standard,1B/(BIP-HR),0.18292431088233504,0.1485814900222639,-0.11416413976805082,0.0,0.14592815476418325,0.11990188174279773,0.029447812314012573,0.0,0.11733729722678378,0.09988778265313314,-3.5982269663209296e-17,0.0,708
2020,Steamer,pitching,Standard,1B/(BIP-HR),0.12091183828284456,0.09827316924929057,0.06762504703775453,0.0,0.10073145965970876,0.06741254774907372,-0.010015054423081577,0.0,0.05975410354125548,0.041959307579078974,-2.0561296950405312e-17,0.0,708
2020,ZiPS,pitching,Standard,1B/(BIP-HR),0.11885179141319493,0.09484385257147808,0.06065518013433026,0.0,0.10270586917563623,0.0689444545936353,-0.010089505345920551,0.0,0.06111484123944098,0.043325503701385985,1.3707531300270207e-17,0.0,708
2020,Marcel,pitching,Standard,2B/(BIP-HR),0.058629167854773026,0.03929035106122271,-0.0018503374413521589,0.0,0.05873419729243051,0.039221815509519545,-0.0039686719302394905,0.0,0.03461264413816208,0.025345585548769246,4.2836035313344394e-18,0.0,708
2020,Razzball,pitching,Standard,2B/(BIP-HR),0.07528821274118942,0.056837213724650004,-0.036357438849413684,0.0,0.06643451965764163,0.04925661373696614,0.008191079542272174,0.0,0.045929672165660504,0.03598854704971259,9.423927768935767e-18,0.0,708
2020,Steamer,pitching,Standard,2B/(BIP-HR),0.09198014093070456,0.07087819847040122,-0.07061418447870915,0.0,0.05905427999349335,0.03958909279783509,-0.00366397455105872,0.0,0.03504489905055722,0.025658830107994177,9.423927768935767e-18,0.0,708
2020,ZiPS,pitching,Standard,2B/(BIP-HR),0.09039046941742378,0.07017796820635695,-0.06899650482399243,0.0,0.058453807832192624,0.039732911233301985,-0.002632179041761786,0.002147960493354528,0.03554398155297476,0.026019996034996672,1.0280648475202656e-17,0.0,708
2020,Marcel,pitching,Standard,3B/(BIP-HR),0.015305139587125918,0.009356727901984463,0.0010779185979599279,0.0,0.015267253355623725,0.008910430595570552,6.0297157668132004e-05,0.0,0.010745086657763107,0.007373219209278816,-7.49630617983527e-19,0.0,708
2020,Razzball,pitching,Standard,3B/(BIP-HR),0.015572039612635598,0.007824525921180107,-0.002823517669869599,0.0,0.015348272865551658,0.009748505966484163,0.0010263110103681575,0.0,0.010866715255427926,0.007742864476127381,-3.748153089917635e-19,0.0,708
2020,Steamer,pitching,Standard,3B/(BIP-HR),0.016074960872973356,0.005866177949376177,-0.00578394388776789,0.0,0.01499834535717063,0.008722530659072301,1.8116801548971175e-06,0.0,0.01040397199262025,0.007140553356740002,-4.2836035313344396e-19,0.0,708
2020,ZiPS,pitching,Standard,3B/(BIP-HR),0.016020430733219335,0.005940188604823633,-0.005644145983033805,0.0,0.014993535074534667,0.00878310847469223,9.097819089957773e-05,0.0,0.010398337820951915,0.007151821708325427,-2.1418017656672198e-19,0.0,708
2020,Marcel,pitching,Standard,BABIP,0.11395869393650818,0.07708865107418031,-0.009527109098980505,0.0,0.11430643910963596,0.07708793387489467,-0.013043922185985638,0.0,0.06747711982587891,0.04872905295686422,3.4268828250675517e-18,0.0,708
2020,Razzball,pitching,Standard,BABIP,0.11442644891885337,0.07711397744347127,-0.010828142232680433,0.0,0.11479967872832414,0.0771880143487462,-0.014240880877201063,0.0,0.06713720219302573,0.04809245386584324,0.0,0.0,708
2020,Steamer,pitching,Standard,BABIP,0.11402332094313185,0.07696850859232623,-0.008773081328722508,0.0,0.11450509611282358,0.0768989756879149,-0.013677217293985409,0.0,0.06695197246286688,0.04788419200947444,-1.8847855537871535e-17,0.004843031556024835,708
2020,ZiPS,pitching,Standard,BABIP,0.11437134106076889,0.0773445699745768,-0.013985470672695956,0.0,0.1142135937843273,0.0772889053121755,-0.012630706196782809,0.0,0.06751051725904489,0.048756737310248786,-2.3988179775472863e-17,0.0,708
2020,Marcel,pitching,Standard,BB/BF,0.06607926952515937,0.043050841068274046,-0.021108709440723638,0.0,0.06415184620465339,0.04235873174833217,-0.01394873201189771,0.013219976140949163,0.03758175016856024,0.02640878047353585,5.997044943868216e-18,0.15662246176568106,708
2020,Razzball,pitching,Standard,BB/BF,0.06548680370254129,0.04323990609133549,-0.018537528891492922,0.0,0.06414395018490934,0.04272517802240295,-0.01302170739772217,0.01346287343860686,0.037931797099170425,0.02683284664316538,-9.423927768935767e-18,0.14083838539369942,708
2020,Steamer,pitching,Standard,BB/BF,0.062412354236204746,0.041095980208521746,-0.01737849963546091,0.06600799197138252,0.06102991094026026,0.040487757389955345,-0.011461252883097435,0.10692588284608406,0.036284970883675306,0.02561848596879496,1.7991134831604648e-17,0.21382073438108895,708
2020,ZiPS,pitching,Standard,BB/BF,0.062142614371611934,0.04120132410794054,-0.013672733305221584,0.0740637835645298,0.06135205924758905,0.04082610329826683,-0.009450623736903425,0.09747275949778944,0.03772937888127257,0.026157047235923502,0.0,0.14998353284063337,708
2020,Marcel,pitching,Standard,BF,231.24840509451533,182.98870056497177,157.72033898305085,0.0,231.24840509451533,182.98870056497177,157.72033898305085,0.0,231.24840509451533,182.98870056497177,157.72033898305085,0.0,708
2020,Marcel,pitching,Fantasy,BF,319.34758144970783,285.56666666666666,258.4555555555556,0.0,319.34758144970783,285.56666666666666,258.4555555555556,0.0,319.34758144970783,285.56666666666666,258.4555555555556,0.0,90
2020,Razzball,pitching,Standard,BF,72.41514623305544,54.68290960451977,-27.00833333333333,0.09062484512785551,72.41514623305544,54.68290960451977,-27.00833333333333,0.09062484512785551,72.41514623305544,54.68290960451977,-27.00833333333333,0.09062484512785551,708
2020,Razzball,pitching,Fantasy,BF,92.16340440278404,58.99555555555556,-44.70666666666666,0.0,92.16340440278404,58.99555555555556,-44.70666666666666,0.0,92.16340440278404,58.99555555555556,-44.70666666666666,0.0,90
2020,Steamer,pitching,Standard,BF,63.88180125169132,44.86475419796119,1.449720550391633,0.2923173192689402,63.88180125169132,44.86475419796119,1.449720550391633,0.2923173192689402,63.88180125169132,44.86475419796119,1.449720550391633,0.2923173192689402,708
2020,Steamer,pitching,Fantasy,BF,59.42325288413693,41.69179925918579,-12.663154782189265,0.0,59.42325288413693,41.69179925918579,-12.663154782189265,0.0,59.42325288413693,41.69179925918579,-12.663154782189265,0.0,90
2020,ZiPS,pitching,Standard,BF,85.4355491048513,66.09180790960453,50.37994350282486,0.0,85.4355491048513,66.09180790960453,50.37994350282486,0.0,85.4355491048513,66.09180790960453,50.37994350282486,0.0,708
2020,ZiPS,pitching,Fantasy,BF,56.18066096680126,42.888888888888886,-31.355555555555554,0.0,56.18066096680126,42.888888888888886,-31.355555555555554,0.0,56.18066096680126,42.888888888888886,-31.355555555555554,0.0,90
2020,Marcel,pitching,Standard,ER/BF,0.09863658195618674,0.06251243487636216,-0.022749065200847417,0.0,0.09784461717178627,0.062498697727506755,-0.019024031565529814,0.0,0.05436658599111445,0.038450776103786395,1.0280648475202656e-17,0.02966897275587954,708
2020,Razzball,pitching,Standard,ER/BF,0.09914252019264708,0.062434082296443504,-0.021802511123368368,0.0,0.09891459877113269,0.06244005525665484,-0.0207414568241802,0.0,0.05409274639919958,0.03767315483019708,1.3707531300270207e-17,0.03941929480791784,708
2020,Steamer,pitching,Standard,ER/BF,0.09785725662040265,0.061886575212266766,-0.02039176111211122,0.0,0.09782932978320512,0.06188597271431957,-0.020257320005696203,0.0,0.053697185253438855,0.037332310418789656,0.0,0.05341670267441345,708
2020,ZiPS,pitching,Standard,ER/BF,0.09896641224042312,0.06276400664623127,-0.02267774950175301,0.0,0.09820611655904446,0.06272668848671514,-0.019088501783312135,0.0,0.05405552493430177,0.03777516509733167,-1.0280648475202656e-17,0.04074079989161172,708
2020,Marcel,pitching,Standard,ERA,7.943036104739446,3.5972320250260705,-1.9629639444397058,0.0,7.859663553022767,3.6050402445246945,-1.5923931840755834,0.0,3.3224031348852154,1.89161590520224,-1.2062627544237782e-15,0.026504997795502194,708
2020,Marcel,pitching,Fantasy,ERA,1.2901063114090605,1.0626421061939366,0.13985595928587258,0.0,1.2826908374470882,1.0316595257701653,-0.021935794514725895,0.005023286275979477,1.2747400512316487,1.0278260336386607,8.09282668731916e-16,0.011050569515486663,90
2020,Razzball,pitching,Standard,ERA,7.947173302067469,3.5908253239218,-1.8334912560113175,0.0,7.905866030029709,3.5957363932732322,-1.6452490320780393,0.0,3.3215371286798017,1.8464475541076522,-5.483012520108082e-16,0.0270124273908956,708
2020,Razzball,pitching,Fantasy,ERA,1.2990060792678544,1.0658382353434281,0.3484695184697053,0.0,1.251596093346421,0.9894740786744516,-0.02251648746336454,0.052678640580233194,1.2450354599420688,0.987773464873926,7.248789548150905e-16,0.05660349301786605,90
2020,Steamer,pitching,Standard,ERA,7.900779318498304,3.5710409810791894,-1.854896565220159,0.0,7.855029398794567,3.580171813424184,-1.649185945847813,0.0,3.3073313156963247,1.845744391299349,-9.86942253619455e-16,0.03531733037732043,708
2020,Steamer,pitching,Fantasy,ERA,1.2941253382288675,1.0787551395180677,0.4292080155041528,0.0,1.2209823179353974,0.97175935054266,-0.01602966743037406,0.09845443568371182,1.2149903577387036,0.9674417434065649,8.142475930799645e-16,0.10158605354572114,90
2020,ZiPS,pitching,Standard,ERA,7.9152178128692405,3.612643332433348,-1.8406605583500448,0.0,7.859739812314011,3.623551638160859,-1.5852028839163979,0.0,3.3207760231546053,1.8744205667991611,-3.28980751206485e-16,0.027458282031951886,708
2020,ZiPS,pitching,Fantasy,ERA,1.2134191441154512,0.9986768437980392,0.24607644321712555,0.10958879451974401,1.188281298565744,0.9400817452590134,-0.013417940289340595,0.14609912998775787,1.1778561434733714,0.9316803297980112,1.0525639617862956e-15,0.1556639638665186,90
2020,Marcel,pitching,Standard,HBP/BF,0.02135687029475601,0.01308519132875285,-0.003045390615876035,0.0,0.021175481921334744,0.013356509169933606,-0.0012488113616590589,0.008261703102556472,0.012815640235343073,0.009207283223686353,3.21270264850083e-19,0.010877094987345126,708
2020,Razzball,pitching,Standard,HBP/BF,0.02137195455264696,0.013193066585518753,-0.002669045632152654,0.0,0.021228396759644434,0.013468979343339176,-0.0010040877307229182,0.0032990543810514916,0.012746967034226512,0.009106720868173606,5.354504414168049e-19,0.021449214990917453,708
2020,Steamer,pitching,Standard,HBP/BF,0.02138586296111069,0.0129045173899484,-0.00376995946254863,0.0,0.02109348225807635,0.01323149975863016,-0.0013388254291114285,0.01592762080451471,0.012643755078716096,0.009014998348457988,5.354504414168049e-19,0.03723167520815973,708
2020,ZiPS,pitching,Standard,HBP/BF,0.021621760621006007,0.013227780957030751,-0.003554182100862834,0.0,0.021364435255625785,0.013533587882014196,-0.0012533043707869175,0.0,0.013156549284071091,0.009445996439392368,1.8205315008171367e-18,0.0,708
2020,Marcel,pitching,Standard,HLD/G,0.11677677494206402,0.09367647486059888,0.025688216938309322,0.11675161178733173,0.11408677542835541,0.0811452331471436,-0.006233911391748318,0.1569748907742231,0.0939537916858084,0.06767833152887502,-1.0280648475202656e-17,0.22695744849927213,708
2020,Razzball,pitching,Standard,HLD/G,0.11188454000392027,0.07537455622814261,-0.012457419600298048,0.18920686874252324,0.11119018688295293,0.08007912778624499,0.0005428354032765855,0.19923917222561183,0.09059959516629887,0.0610603965725393,-1.285081059400332e-17,0.28116818409863686,708
2020,Steamer,pitching,Standard,HLD/G,0.11180642587614041,0.06974032448852503,0.00021263716610729,0.19033861204240687,0.11181859887150047,0.07038301391176138,0.0016635507064878044,0.190162297652944,0.08587959307681078,0.049989541757260544,-3.4268828250675517e-18,0.35411569291340594,708
2020,ZiPS,pitching,Standard,HLD/G,0.14636620037115902,0.07873699030055765,-0.0752396817633138,0.0,0.12635459249922554,0.09238418851538183,-0.014262823927953524,0.0,0.10748644691443436,0.08265014671702152,-8.567207062668879e-18,0.0,708
2020,Marcel,pitching,Standard,HR/BIP,0.06651395760117985,0.03899782531797625,-0.010826714660776029,0.0,0.06608065326112597,0.03917507810310253,-0.007730713420601692,0.0,0.03476589056834028,0.023766718918211027,8.567207062668879e-19,0.02289286813394409,708
2020,Razzball,pitching,Standard,HR/BIP,0.06641277534307753,0.03895148625758551,-0.009467220489019839,0.0,0.06623911761306155,0.03904779833820264,-0.008160406679487963,0.0,0.034611946258981764,0.023410633959293842,-2.570162118800664e-18,0.031527023509897445,708
2020,Steamer,pitching,Standard,HR/BIP,0.0658097691077271,0.03854851044415326,-0.009451868258986074,0.005178612478091482,0.0656591542418315,0.03861227562043235,-0.008338863191436579,0.009726977647711244,0.03412245908506554,0.023096019381149097,5.140324237601328e-18,0.05872589979929699,708
2020,ZiPS,pitching,Standard,HR/BIP,0.06700007077324957,0.03900950785340425,-0.012024404075200194,0.0,0.06645334034863426,0.039180125103946216,-0.008463052241045235,0.0,0.03513688822708356,0.023830240604518063,-3.4268828250675517e-18,0.001927568447384287,708
2020,Marcel,pitching,Standard,L/G,0.17478083082763077,0.12626162336014068,0.0044898809252013555,0.12439064726402504,0.18071645855925944,0.1407995807425174,0.04615472456993027,0.06390870326141951,0.15861240519412165,0.12421192165279564,2.0561296950405312e-17,0.21370440043717054,708
2020,Razzball,pitching,Standard,L/G,0.1810183466229081,0.14058749160016748,0.054626481528736,0.060778597354334885,0.1745294744798451,0.130253460169868,0.02601822692515637,0.12690730437929976,0.1511908796800641,0.11698488558596319,2.3988179775472863e-17,0.2855649851626494,708
2020,Steamer,pitching,Standard,L/G,0.16411583023626375,0.10851141382417069,0.013279624021352115,0.22798855077801294,0.16366247573235818,0.10683361913341098,0.005267698060353409,0.23224787729344765,0.13877966784212514,0.10242037741629609,6.8537656501351034e-18,0.3980461021675954,708
2020,ZiPS,pitching,Standard,L/G,0.1846171745020865,0.1295566814356124,0.039574082805060806,0.023062022232551826,0.18226796586614652,0.12637408995746613,0.026537111555531012,0.04776643322628149,0.15865028435359804,0.11502671374110669,3.084194542560797e-17,0.21332879585760756,708
2020,Marcel,pitching,Standard,R/BF,0.10073287763562114,0.06467859705660423,-0.0248916900982341,0.0,0.09958522288382851,0.06447189087891692,-0.01974082612291856,0.0,0.055626536968964524,0.03958071949302765,-3.4268828250675517e-18,0.022426913644521096,708
2020,Razzball,pitching,Standard,R/BF,0.10086932815420928,0.06422950921990293,-0.023613613705925164,0.0,0.10036386431795317,0.06420197345183198,-0.02135150230788488,0.0,0.0552606899833184,0.038881220507425096,-3.4268828250675517e-18,0.03524331776282641,708
2020,Steamer,pitching,Standard,R/BF,0.10001993095424863,0.06368427476370857,-0.023134756644810347,0.0,0.09958756351849136,0.06371034740950166,-0.021187571462333438,0.0,0.05502445223364806,0.03856951309999744,6.8537656501351034e-18,0.04347429675992143,708
2020,ZiPS,pitching,Standard,R/BF,0.10124936916443328,0.06473040337690433,-0.026279410010955986,0.0,0.09976062520042657,0.06440728194205461,-0.019782693818290436,0.0,0.055308631061225945,0.038918982779866676,0.0,0.0335686539874388,708
2020,Marcel,pitching,Standard,SO/BF,0.07894407914257993,0.05918455874809494,0.006507073149658916,0.1337598714970003,0.07944106287932688,0.05973769321070123,0.01100258336493106,0.12281890249386862,0.062170987146364376,0.04729967646071902,3.769571107574307e-17,0.22150081731194393,708
2020,Marcel,pitching,Fantasy,SO/BF,0.048530996539080884,0.03740647456068681,-0.004453257098500924,0.4120664464429933,0.04833093876190006,0.038128477199009546,0.0006734354576362835,0.4169036950568338,0.04847753723594306,0.0382096338572063,6.671617092690258e-18,0.42475029647301143,90
2020,Razzball,pitching,Standard,SO/BF,0.0803644189564235,0.06121752869891313,0.007332755786942331,0.10230916712195215,0.08150105916243207,0.06225441186882158,0.015419212620157599,0.07673647672948658,0.06307540350052507,0.048846181930409335,-3.4268828250675517e-18,0.19868603859643885,708
2020,Razzball,pitching,Fantasy,SO/BF,0.04935754121356046,0.03695702973657937,-0.015947891264390186,0.3918693936407639,0.04671179737641147,0.038084923843054445,0.00040046880954189935,0.455318048843253,0.04698906106729367,0.03831672843148555,-1.2412310870121411e-17,0.45953342487288384,90
2020,Steamer,pitching,Standard,SO/BF,0.07581864311546274,0.057786500850998505,-0.006003059266229565,0.2009918894067373,0.07641561037113459,0.05752349255593509,0.011265681740445739,0.18836018179946878,0.058979385378324395,0.0455671101403027,1.0280648475202656e-17,0.29937904967624807,708
2020,Steamer,pitching,Fantasy,SO/BF,0.049436169978311885,0.03613212967954923,-0.019305720691466962,0.3899302919689974,0.045511280920828526,0.036582493587517056,0.00022943484251750665,0.4829554727236809,0.045922311588206664,0.03691205583951521,-8.068002065578917e-17,0.4837943089136937,90
2020,ZiPS,pitching,Standard,SO/BF,0.07660595476891309,0.05855924739844437,0.0010984110589131635,0.18431170261176621,0.07741829133643312,0.05888409814717238,0.011239485497584816,0.1669207141314435,0.05928653598190422,0.04599868936446199,-1.3707531300270207e-17,0.2920627139242882,708
2020,ZiPS,pitching,Fantasy,SO/BF,0.04481633257105495,0.034140442518784335,-0.009168260689614424,0.4986252524593032,0.043869282492552404,0.03452838745581193,0.0002593942264077023,0.5195912704679146,0.0441334304034179,0.034573459233839955,-3.770239426799379e-17,0.5232280709500321,90
2020,Marcel,pitching,Standard,SV/G,0.0867630548839421,0.05615937032741848,0.016510603449584296,0.18164648818608997,0.08517914824986081,0.044683693512484614,-0.0005095390536965097,0.21125273433736136,0.07678142485551005,0.03788109909230506,5.5686845907347714e-18,0.23830900266943544,708
2020,Marcel,pitching,Fantasy,SV/G,0.033610600680013925,0.030429201655425873,0.029147150373374595,0.0,0.016736738530244443,0.009684890030455142,-4.8098300664865156e-05,0.0,0.016002653328913284,0.00926147484469993,-6.303126613733529e-19,0.0,90
2020,Razzball,pitching,Standard,SV/G,0.08419858461089814,0.038978740549283,-0.007320053105063597,0.22930797912894363,0.08389376632471036,0.04500481186440301,0.0015315205279342735,0.2348780439450825,0.07594935689484326,0.03597443387890435,-4.2836035313344396e-19,0.254728197733217,708
2020,Razzball,pitching,Fantasy,SV/G,0.008787347467044812,0.0009970950074889285,-0.0008547568443629232,0.0,0.008746496130511192,0.0017158163263286436,-0.00011970095009503251,0.0,0.00813837985080769,0.0015871797568865749,6.1819126403925e-20,0.0,90
2020,Steamer,pitching,Standard,SV/G,0.07951654272534334,0.030041990794763895,-0.009807012713331585,0.3126368285859581,0.07890963788421874,0.037029420857151066,0.00016698019830171265,0.3230892962966947,0.06810323958754126,0.030876548231797453,-3.855243178200996e-18,0.40075829544694686,708
2020,Steamer,pitching,Fantasy,SV/G,0.008784104611578832,0.0009259259259259259,-0.0009259259259259259,0.0,0.008736065963658234,0.0017087858231189523,-0.00012527375834214864,0.0,0.00812895873232594,0.001585919281724596,1.1636541440738822e-19,0.0,90
2020,ZiPS,pitching,Standard,SV/G,0.08666836291247981,0.03235016874366934,-0.007375029619168495,0.18343179233248152,0.08637252419830192,0.038707360775459596,0.0017885380455997437,0.18899691856451784,0.07114840609623746,0.03119591389614715,1.285081059400332e-18,0.3459712514104868,708
2020,ZiPS,pitching,Fantasy,SV/G,0.009159236654544258,0.00120815538544771,-0.0006436964664041417,0.0,0.009137235625524215,0.0017313159767209788,-0.00010864586169284373,0.0,0.008531341723126789,0.0015910229889332557,1.8182096001154412e-20,0.0,90
2020,Marcel,pitching,Standard,W/G,0.14472959606761907,0.11172049432451406,0.028477365445535266,0.1397681660050175,0.15234663641382098,0.12282493145138074,0.05544187940020939,0.04683837217238418,0.1507857771049199,0.1177715950614458,-1.0280648475202656e-17,0.2660988491494479,708
2020,Marcel,pitching,Fantasy,W/G,0.19977401703987122,0.16317812560302525,-0.11779906714011391,0.0,0.16134895399909763,0.1290928196205773,0.0006687985027191707,0.0,0.15984916720734665,0.12786187124668424,-1.644631190291087e-17,0.0,90
2020,Razzball,pitching,Standard,W/G,0.15971696569727722,0.13200586739824716,0.07435314441850953,0.0,0.1465619730022532,0.11646103593909031,0.03872070355362488,0.11784801501108577,0.1494849010325334,0.11656794250610543,-3.4268828250675517e-18,0.27870741415847056,708
2020,Razzball,pitching,Fantasy,W/G,0.1666774194838395,0.13656202347258423,-0.015136411388371185,0.0,0.16599196176295403,0.13680755854400506,-0.001039304498308135,0.0,0.16451723618251882,0.13570601274903335,-2.6686468370761033e-17,0.0,90
2020,Steamer,pitching,Standard,W/G,0.1399951297081735,0.1006368980554214,0.02749745910264115,0.19512828672618343,0.13828871867824527,0.09799716521673187,0.01677031987661445,0.21462998623510765,0.14166418917950327,0.10721271670726888,-1.7134414125337758e-17,0.35220592399440454,708
2020,Steamer,pitching,Fantasy,W/G,0.1633542150649749,0.13468048821665368,-0.019372725913676753,0.0,0.1622098111537511,0.1346338442717505,-0.001650988906072925,0.0,0.16053309363175314,0.13367313049294408,3.5685393751599056e-17,0.0,90
2020,ZiPS,pitching,Standard,W/G,0.15773061529481328,0.11908022667158515,0.0624776110934636,0.0,0.1468228677392997,0.10695045703828938,0.02411346880599267,0.11470458497658143,0.14665840200977906,0.11233468354734165,-1.3707531300270207e-17,0.3057263081421473,708
2020,ZiPS,pitching,Fantasy,W/G,0.1616918343380178,0.1330791316065139,-0.003923310395928092,0.0,0.16164508336279013,0.13353218593602267,-0.0005254029246123485,0.0,0.15991140732139145,0.13133412498774263,4.2201856958412795e-17,0.0,90
2020,Marcel,pitching,Standard,WHIP,1.1893519436351458,0.5477961375627309,-0.3215497335091179,0.0,1.1762915416164135,0.5442997271364948,-0.26925448217142867,0.0,0.4888189509213588,0.2818150666334188,-1.0966025040216165e-16,0.03647372106804736,708
2020,Marcel,pitching,Fantasy,WHIP,0.21717295301106998,0.17303245964170255,0.04037435576867969,0.022847942634452778,0.2134020758467635,0.16881559491244819,-0.0025383183203265417,0.05648685165358802,0.21312926836169926,0.16927195406855877,-1.5701573250703584e-16,0.05685674136062524,90
2020,Razzball,pitching,Standard,WHIP,1.1860732040290078,0.5499898771444957,-0.29735028762791677,0.0,1.181094815483009,0.5491566420400856,-0.276825778058351,0.0,0.4911223239797265,0.28252871945491176,4.1122593900810624e-17,0.027371825926567728,708
2020,Razzball,pitching,Fantasy,WHIP,0.2273710589579457,0.1811304993337195,0.07486596050542361,0.0,0.2146998141181276,0.16525547988841446,-0.001823121800804665,0.04497659692298572,0.2138960901769053,0.1653473217850102,4.654616576295529e-18,0.050057826507848735,90
2020,Steamer,pitching,Standard,WHIP,1.165050152623925,0.5420166357724028,-0.27602687512567237,0.0,1.162836703142818,0.5418562568128082,-0.2665298779474266,0.0,0.4860251422619336,0.28072203306303384,-5.483012520108083e-17,0.04745617318295314,708
2020,Steamer,pitching,Fantasy,WHIP,0.2332323133820492,0.18691215466728847,0.09322824805062435,0.0,0.21378933518974985,0.16291570340852274,-0.0002721578982023249,0.05305937035376751,0.213358232714121,0.16347729899908947,-1.328117263102991e-16,0.05482921898046078,90
2020,ZiPS,pitching,Standard,WHIP,1.166190352938673,0.5491994399355298,-0.26471981356281477,0.0,1.1634719576543284,0.5489654030690302,-0.25247502184077564,0.0,0.4932359205682118,0.2887260874306015,9.595271910189145e-17,0.018982196523050776,708
2020,ZiPS,pitching,Fantasy,WHIP,0.23032560212362835,0.17910389954953684,0.0585311001555495,0.0,0.2227645741223819,0.17146176443599195,0.00024935062300453936,0.0,0.22137766942115136,0.1714208412301386,-7.416355744897544e-17,0.0,90
2020,Marcel,pitching,Standard,wOBA,0.11315379174301497,0.07496605396714007,-0.027185321412714084,0.0,0.11268657066278188,0.07482007615893421,-0.025169909062789667,0.0,0.0657798933946341,0.04799124086172997,-2.3988179775472863e-17,0.034471036685439715,708
2020,Razzball,pitching,Standard,wOBA,0.17501248150127463,0.14097996336290278,-0.11601844636006818,0.0,0.13122046072108312,0.10300208144916229,0.007051278353840765,0.0,0.10213664725996283,0.0836854791034546,-5.825700802614838e-17,0.0,708
2020,Steamer,pitching,Standard,wOBA,0.11495974460179618,0.07604519149424861,-0.03829026713364379,0.0,0.11133188711638695,0.07432051732911704,-0.02540060564536845,0.0,0.06495029007834922,0.047605565689664425,-3.084194542560797e-17,0.058671591662153966,708
2020,ZiPS,pitching,Standard,wOBA,0.11809552457447056,0.07891291416716638,-0.044944923625057163,0.0,0.11177838593904801,0.0750340175639447,-0.023830669278927314,0.0,0.06591777909746552,0.04792075476492292,-1.3707531300270207e-17,0.030418972535808386,708
2021,Davenport,batting,Standard,1B/(BIP-HR),0.09002604518015284,0.05538425992615955,0.02144148041906816,0.0,0.08876200965841943,0.05425087377180679,0.015288643837296593,0.0,0.040438679493886,0.03008898433173456,6.421896724940181e-18,0.0,661
2021,Marcel,batting,Standard,1B/(BIP-HR),0.08644919486338976,0.05222988778898772,0.01431962302736954,0.0,0.08592550964550012,0.05178950855301192,0.010713613720709354,0.010915243636694494,0.03773994749004459,0.028285060573194194,1.1559414104892326e-17,0.09172180314231781,661
2021,Razzball,batting,Standard,1B/(BIP-HR),0.08666123274528287,0.0518192490403672,0.011222192143461157,0.0,0.08679245117635728,0.0519120349279335,0.012194175526579762,0.0,0.037474993637590076,0.027971859900630107,-3.853138034964109e-18,0.1044301969553878,661
2021,Steamer,batting,Standard,1B/(BIP-HR),0.08595503384629151,0.05114426936456526,0.013677902367190757,0.010235423313414982,0.08563310799941647,0.05085141362423034,0.011482436818420053,0.017635434789545434,0.035988544405853154,0.02648761482811583,6.421896724940181e-18,0.17406690416843007,661
2021,ZiPS,batting,Standard,1B/(BIP-HR),0.0858616964706624,0.051849455415538974,0.012886473503073701,0.012383799406525564,0.0855240207833914,0.0515125603074472,0.010401365750862951,0.02013669068941104,0.03715506544561454,0.028110148699811804,-3.082510427971287e-17,0.11965608398218752,661
2021,Davenport,batting,Standard,2B/(BIP-HR),0.04743015945293316,0.028612713677753965,0.006449910530366602,0.0,0.04703826741445807,0.027908857525475856,0.0021400751092276204,0.0,0.021785283689187477,0.015508245834988147,3.853138034964109e-18,0.0,661
2021,Marcel,batting,Standard,2B/(BIP-HR),0.047134604333503,0.029071791070551006,0.005935808559317226,0.0,0.046872527309230125,0.028640966822600603,0.0032552594261453177,0.0,0.02187507599353151,0.016092442308050927,7.385181233681209e-18,0.0,661
2021,Razzball,batting,Standard,2B/(BIP-HR),0.04691089527347937,0.02908295138073661,0.004725688437957649,0.0,0.04685737923206008,0.029002611080789324,0.004161012418918295,0.0,0.022028677575065693,0.016532345740412457,1.2843793449880362e-18,0.0,661
2021,Steamer,batting,Standard,2B/(BIP-HR),0.046499099028077376,0.027738349290281492,0.0020618742845199254,0.0,0.04652031115961387,0.027795289120388488,0.0024948878791467128,0.0,0.02078539805273711,0.015247049169179874,1.027503475990429e-17,0.04292148862673206,661
2021,ZiPS,batting,Standard,2B/(BIP-HR),0.04703024237585096,0.0284640598615174,0.003757540913138108,0.0,0.04693820684483135,0.028237116704778617,0.0023389479666705688,0.0,0.02176527094866678,0.015785376631005422,-5.779707052446163e-18,0.0,661
2021,Davenport,batting,Standard,3B/(BIP-HR),0.013084923305236787,0.006631947165947983,0.00023039175450461266,0.0,0.013095122773979487,0.006561190438060674,-0.0005657763888774193,0.0,0.007117988663378458,0.004831066203998495,9.03079226944713e-20,0.0,661
2021,Marcel,batting,Standard,3B/(BIP-HR),0.012587729050634731,0.0069509766134305175,0.0010322654375475174,0.01697472058317695,0.012546859650217769,0.006564344885255382,-0.00019579674058672295,0.02334766254057219,0.006875085927091887,0.004604799503280997,-3.2109483624700905e-19,0.03498586397312076,661
2021,Razzball,batting,Standard,3B/(BIP-HR),0.012509140817180334,0.006656451884080463,0.00030721938759989474,0.0292109327642166,0.012505645331193275,0.0065167928447651445,-8.333617261665337e-05,0.029753400950764286,0.006602714933055388,0.004497431178377627,6.823265270248942e-19,0.10993339061711727,661
2021,Steamer,batting,Standard,3B/(BIP-HR),0.012354439285263157,0.006441900140204377,0.00019598156325271492,0.05307410582933225,0.012353039575072633,0.006351200829345606,-6.185032895643895e-05,0.05328865975777142,0.00643592591706858,0.00432982924393788,-3.2109483624700905e-19,0.1543327990249025,661
2021,ZiPS,batting,Standard,3B/(BIP-HR),0.013036000236924833,0.00750741751973198,0.002116905287777653,0.0,0.012862971254859782,0.006918182571128843,3.914545402745882e-06,0.0,0.007222677641127234,0.00490871228981499,-6.221212452285801e-19,0.0,661
2021,Davenport,batting,Standard,AVG,0.07843681465042546,0.04844923944651129,0.026790315052276158,0.0,0.07611754868538104,0.04676622647893537,0.018954374322735324,0.008870575376301537,0.03422727371151833,0.025195454997933815,1.7981310829832507e-17,0.19347737069343585,661
2021,Davenport,batting,Fantasy,AVG,0.02739861293507782,0.021048547079981928,0.003398044014108821,0.17449981484653432,0.027225081753712327,0.02093687222420747,0.001437980824603343,0.1849234359455596,0.0267076351620478,0.02062065296908362,-1.4032921653918336e-17,0.17625375466389082,262
2021,Marcel,batting,Standard,AVG,0.07884284810645645,0.04890285011508,0.027129416145448056,0.0,0.07653952511611511,0.04710943944021928,0.019445036072364388,0.0,0.034636272661103515,0.025586771154514708,6.421896724940181e-18,0.17408711577592384,661
2021,Marcel,batting,Fantasy,AVG,0.027581682601284598,0.02153199515205437,0.003029131807569162,0.16343144963798006,0.02745189809744746,0.021379050867750875,0.0014258799185980146,0.17128580655699654,0.027075879816940502,0.021098345781021762,-1.754115206739792e-17,0.15338154035181162,262
2021,Razzball,batting,Standard,AVG,0.07916620963796146,0.048038394516293874,0.023952332180401634,0.0,0.07837829045470075,0.04754205232476464,0.021203346034059652,0.0,0.03379970823741105,0.024682043076952632,0.0,0.21350159833994375,661
2021,Razzball,batting,Fantasy,AVG,0.026667898470924583,0.020695181997609467,-0.0019445796832732864,0.2179444418577796,0.026642889656532085,0.020674930066031792,0.0015646566841329014,0.21941055749984384,0.02582671024049947,0.020042186621372193,-9.647633637068856e-18,0.22969847388326836,262
2021,Steamer,batting,Standard,AVG,0.07496118602990431,0.045816874150490766,0.0196393150023041,0.03875591385738708,0.07414326740801075,0.04526231672913468,0.016240301249841195,0.05961818057759771,0.032645098240483235,0.024084353498135373,7.44940020093061e-17,0.2663179375010867,661
2021,Steamer,batting,Fantasy,AVG,0.02593795733934553,0.0201899112754575,-0.0011778455242375822,0.2601706367291502,0.025940503913112596,0.020147367359831116,0.0012326525899327963,0.26002535755311806,0.02514927173434254,0.019544499353052504,-3.069701611794636e-17,0.2695787408948318,262
2021,ZiPS,batting,Standard,AVG,0.07452471618376484,0.04565593117788624,0.019364216445603658,0.04991722627635453,0.07354684325033924,0.04497220796469482,0.015171608628337855,0.07468659042328574,0.0329080623187789,0.024514250951022578,7.192524331933003e-17,0.2544503619940701,661
2021,ZiPS,batting,Fantasy,AVG,0.02638902565601537,0.020396747923986255,0.0005412296486602648,0.23421521801205125,0.026407050412541783,0.020418484996080507,0.0011156011604846442,0.2331687376716739,0.02603778501459223,0.02012475075281106,-1.5787036860658127e-17,0.21705608727642156,262
2021,Davenport,batting,Standard,BABIP,0.09807424623233897,0.061102549355893196,0.028121782703939377,0.0,0.0954572257259573,0.058764808798782354,0.01686294255764679,0.0,0.04335000978660372,0.03135224265694249,1.1559414104892326e-17,0.018868802734085532,661
2021,Marcel,batting,Standard,BABIP,0.0946387536398253,0.058296932816676396,0.021287697024234293,0.0,0.09323639460852638,0.05687217006355191,0.013773076406267978,0.010623411385467518,0.041351993466682065,0.03003114299174716,3.8531380349641086e-17,0.10722589160780038,661
2021,Razzball,batting,Standard,BABIP,0.09424736159959399,0.05686412863706129,0.016255099969018715,0.0,0.09425025227340485,0.05686638417494902,0.016271851772881447,0.0,0.04053432090791194,0.02942835362260336,3.8531380349641086e-17,0.142183316478511,661
2021,Steamer,batting,Standard,BABIP,0.09357558136825803,0.0565543506738807,0.015935758214963406,0.00341176717940872,0.09325278261491803,0.056247326610904494,0.013915474368610342,0.010275578656155027,0.03982559450996536,0.028598523229051424,3.210948362470091e-17,0.17191823588914423,661
2021,ZiPS,batting,Standard,BABIP,0.09390727688547909,0.057373593289003925,0.01876091970398946,0.0,0.09289251798678042,0.056334597851060715,0.012744228262936351,0.017908036028255747,0.040282406037970085,0.02934171269695142,5.779707052446163e-17,0.15281259401510772,661
2021,Davenport,batting,Standard,BB/PA,0.05470481260927806,0.028008588332655,0.00037893857446220973,0.10782369753123733,0.05471114908409252,0.028054799470362792,0.000914825627529759,0.10761700346503134,0.022334811317024656,0.016859107834987525,-4.816422543705136e-18,0.49777959896413015,661
2021,Marcel,batting,Standard,BB/PA,0.05491032599795013,0.029496700030248256,0.0024094227318235484,0.1011077039589483,0.054927119008951704,0.02954074813792729,0.00276583067504393,0.10055781043049705,0.023268334331904034,0.017708730103117364,-7.385181233681209e-18,0.454919851788955,661
2021,Razzball,batting,Standard,BB/PA,0.05529618925155259,0.029693135007824337,0.0025569064796245947,0.08843000875647844,0.055251612152490456,0.029530778888626416,0.0012688067036615083,0.08989914315116865,0.02373191120113796,0.017834485313675593,-2.356033360962429e-17,0.4329841436271932,661
2021,Steamer,batting,Standard,BB/PA,0.05503489416827482,0.02776161332484647,-0.0017051439271503696,0.0970246694269572,0.055037501056490856,0.027757532962521696,-0.001787305861435363,0.09693912328263543,0.022173684819084653,0.01660330372605535,-7.144360106495952e-18,0.5049996399511363,661
2021,ZiPS,batting,Standard,BB/PA,0.055044743464168544,0.027962529727516287,-0.004940819952957048,0.09670143933172526,0.054823146429456356,0.02770405780131183,-0.000255544902170018,0.10395972976974244,0.0223871317120217,0.016618257477890072,1.6054741812350453e-19,0.4954238909861939,661
2021,Davenport,batting,Standard,HBP/PA,0.020440421990750492,0.011794122495439515,-0.01172254304827794,0.0,0.016745128141150013,0.010386451749832982,8.050355462464879e-05,0.0,0.01022262129642727,0.007424903794593614,8.027370906175226e-20,0.0028624155712779764,661
2021,Marcel,batting,Standard,HBP/PA,0.01571691950420057,0.009011223377031688,-0.0005649733689724654,0.11594652500826153,0.015707731068294886,0.009192552788812092,0.0001745036389426532,0.11697989471319448,0.008522372575264416,0.005923226174071593,9.080963337610725e-19,0.30697073486623605,661
2021,Razzball,batting,Standard,HBP/PA,0.016000178323782588,0.009433186293397578,-0.00017636904921803506,0.08379359459966851,0.01599957452435558,0.00950745946803154,0.00010855693938154909,0.08386274313704745,0.00876108091488311,0.006140239140174491,8.027370906175226e-19,0.267604066772012,661
2021,Steamer,batting,Standard,HBP/PA,0.015292325938847613,0.008749035685559618,-0.0005462926007050389,0.1630668508068276,0.015282565378631065,0.008882338921057574,-2.745499301535019e-06,0.1641348805438957,0.008371200643361604,0.005841340612434954,9.632845087410272e-19,0.3313389221039382,661
2021,ZiPS,batting,Standard,HBP/PA,0.014746281107947653,0.008300035301037564,-0.0009752720817930297,0.22176869801782462,0.014714373137551893,0.008483065964089705,0.00010547961897812965,0.2251329246572582,0.007971949451107829,0.005597136245037666,-1.1037634995990936e-19,0.39359941182103964,661
2021,Davenport,batting,Standard,HR/BIP,0.0320124141409482,0.024108389714144852,0.008801082080439934,0.17618755777415374,0.03117929221289954,0.022978275837743152,0.004981229722913666,0.21850896906335848,0.023040825564381327,0.01729709359629379,7.947097197113474e-18,0.3691350845242768,661
2021,Davenport,batting,Fantasy,HR/BIP,0.023081402903622737,0.017561226234256978,0.0032757857639948216,0.354577382819523,0.02285259896201108,0.017047942942606104,0.0004699911602753582,0.36730999647596163,0.022194700995964028,0.016752006990069308,2.19264400842474e-18,0.39648131722822166,262
2021,Marcel,batting,Standard,HR/BIP,0.033083720946472835,0.02518670382073837,0.008905435660221206,0.12012659375227974,0.0326282281108229,0.024548095607661975,0.007026767556006694,0.14418779983507368,0.02284375421348317,0.017219209722794625,5.057243670890393e-18,0.37988068169493217,661
2021,Marcel,batting,Fantasy,HR/BIP,0.021845603446408055,0.016453419273984072,0.0006760241933591068,0.42184023161577433,0.021841194138533266,0.016421297351403116,0.0005141791218935223,0.42207359913547704,0.021305540118619938,0.01612357080865261,4.467512167165408e-18,0.4438688536719314,262
2021,Razzball,batting,Standard,HR/BIP,0.03359218763972611,0.02519828832944677,0.00902118204756954,0.09287305220162168,0.032918257523481396,0.02434538060871309,0.00604634877385214,0.1289057029737094,0.022536677347056402,0.01688115139796294,9.873666214595528e-18,0.3964405174601179,661
2021,Razzball,batting,Fantasy,HR/BIP,0.021505879992357934,0.016370450013698537,0.0025732709863647407,0.43968246723383997,0.0213531707382204,0.016016918761290216,0.0002770377215420476,0.4476116363332453,0.020589830057598468,0.01561953761112379,-1.9459715574769567e-18,0.4806051420801565,262
2021,Steamer,batting,Standard,HR/BIP,0.03005376279416997,0.021742695727199633,0.004889018096589223,0.27391209538641426,0.029842315143609154,0.021373322858427402,0.003352254911403049,0.28409314942937314,0.0210010976435145,0.0158138373578837,4.736148834643384e-18,0.4758877726092198,661
2021,Steamer,batting,Fantasy,HR/BIP,0.020332101444440618,0.015372513355889137,0.0014663784184667241,0.49917694641075816,0.020279252499445358,0.015165453461459723,6.323334074299225e-05,0.5017771273288836,0.019688911335508857,0.014955174558616845,7.783886229907827e-18,0.5250635212218617,262
2021,ZiPS,batting,Standard,HR/BIP,0.03095580743124033,0.022675793949654816,0.0046705658304301055,0.22967185398494683,0.03085008181060695,0.022498652056707633,0.00390892813664935,0.2349247837745604,0.022010597194690524,0.016595041043466926,1.6857478902967975e-18,0.42428975819131953,661
2021,ZiPS,batting,Fantasy,HR/BIP,0.02117740188950823,0.01600253744622981,0.0006770691320065343,0.4566681889415002,0.02116669135494364,0.015923752601105776,6.996238428601381e-05,0.45721763335302623,0.020654888495047333,0.01567376454841557,-2.631172810109688e-18,0.47731765470053766,262
2021,Davenport,batting,Standard,OBP,0.08539898028493546,0.04996757735349274,0.017275884699748948,0.03332440868398201,0.08554843277878509,0.0500875508104645,0.018000130815039442,0.02993798664310232,0.035644915070144535,0.025810279197716002,-1.7981310829832507e-17,0.26436499122443324,661
2021,Marcel,batting,Standard,OBP,0.0878691690495678,0.053091584244038904,0.026224605724872195,0.0,0.08622735627111586,0.05144021796533318,0.020047345097778307,0.014479813356301552,0.03701090209486971,0.027399011694694202,-8.990655414916253e-18,0.20690253495012734,661
2021,Razzball,batting,Standard,OBP,0.0885377344699905,0.05254253000240602,0.023645922664312737,0.0,0.08772160140813703,0.05179166576962301,0.020378385293643525,0.0,0.036191787816929825,0.02631275626375085,-1.5412552139856434e-17,0.24161926053938032,661
2021,Steamer,batting,Standard,OBP,0.08423302783897768,0.049406853387744115,0.016212953906875296,0.05954026354244357,0.08375454352081652,0.04888548410363023,0.013508532705102353,0.07019444877193615,0.0346401772126119,0.0253883021384233,4.366889772959323e-17,0.3052517991695217,661
2021,ZiPS,batting,Standard,OBP,0.08309124483469396,0.048635566007626724,0.013247319309808207,0.08486342376320144,0.08318184166443564,0.04872152282003982,0.013804176302996237,0.08286673514632881,0.035101217046814834,0.025688175810613886,-6.421896724940181e-18,0.28663537368211933,661
2021,Davenport,batting,Standard,PA,147.4228227224524,104.09889526055268,-5.781222190685972,0.5111260907965235,147.4228227224524,104.09889526055268,-5.781222190685972,0.5111260907965235,147.4228227224524,104.09889526055268,-5.781222190685972,0.5111260907965235,661
2021,Davenport,batting,Fantasy,PA,152.54063461935732,109.67960584655704,-38.091819587015046,0.0,152.54063461935732,109.67960584655704,-38.091819587015046,0.0,152.54063461935732,109.67960584655704,-38.091819587015046,0.0,262
2021,Marcel,batting,Standard,PA,171.2335374774311,139.85325264750378,-31.251134644478064,0.34045402758444787,171.2335374774311,139.85325264750378,-31.251134644478064,0.34045402758444787,171.2335374774311,139.85325264750378,-31.251134644478064,0.34045402758444787,661
2021,Marcel,batting,Fantasy,PA,214.94927503877435,184.44274809160305,-183.0763358778626,0.0,214.94927503877435,184.44274809160305,-183.0763358778626,0.0,214.94927503877435,184.44274809160305,-183.0763358778626,0.0,262
2021,Razzball,batting,Standard,PA,170.6570199460998,119.51891074130106,-42.877458396369136,0.3448877350965691,170.6570199460998,119.51891074130106,-42.877458396369136,0.3448877350965691,170.6570199460998,119.51891074130106,-42.877458396369136,0.3448877350965691,661
2021,Razzball,batting,Fantasy,PA,202.40578809272012,143.96564885496184,-67.04961832061069,0.0,202.40578809272012,143.96564885496184,-67.04961832061069,0.0,202.40578809272012,143.96564885496184,-67.04961832061069,0.0,262
2021,Steamer,batting,Standard,PA,147.37480605197527,105.02581782997466,-6.819094199816867,0.5114444984097916,147.37480605197527,105.02581782997466,-6.819094199816867,0.5114444984097916,147.37480605197527,105.02581782997466,-6.819094199816867,0.5114444984097916,661
2021,Steamer,batting,Fantasy,PA,153.55276835643406,115.59144584459203,-30.35058807234728,0.0,153.55276835643406,115.59144584459203,-30.35058807234728,0.0,153.55276835643406,115.59144584459203,-30.35058807234728,0.0,262
2021,ZiPS,batting,Standard,PA,258.61639300167764,211.78517397881998,178.26323751891073,0.0,258.61639300167764,211.78517397881998,178.26323751891073,0.0,258.61639300167764,211.78517397881998,178.26323751891073,0.0,661
2021,ZiPS,batting,Fantasy,PA,110.77676817100333,87.30916030534351,14.782442748091603,0.11310153029157399,110.77676817100333,87.30916030534351,14.782442748091603,0.11310153029157399,110.77676817100333,87.30916030534351,14.782442748091603,0.11310153029157399,262
2021,Davenport,batting,Standard,R/PA,0.06119325678803925,0.03569139437229326,0.008154982137956658,0.0,0.06066963820562695,0.03451409523272086,0.0016413583841289841,0.0,0.0279448639405799,0.02166462126490946,-1.2843793449880362e-18,0.0,661
2021,Davenport,batting,Fantasy,R/PA,0.026085270679580184,0.02099106782696152,0.004984085843254473,0.0,0.025609541818902907,0.02039239922346449,0.0004983948636381544,0.0,0.02495549934298498,0.019909429723928906,8.77057603369896e-18,0.0,262
2021,Marcel,batting,Standard,R/PA,0.060040645980747175,0.033830530866368544,0.008490918740620808,0.006770038090991748,0.05963263636969177,0.03315161569594329,0.004823676157693295,0.02022327208334551,0.024837200451123847,0.019182475945137466,7.064086397434199e-18,0.1589638284948376,661
2021,Marcel,batting,Fantasy,R/PA,0.021347079063713695,0.01722270411229131,0.001151067925445796,0.16736002057210464,0.021348565498902565,0.01722249613413218,0.0011783130642912677,0.1672440601213273,0.020674678065400704,0.0166168521970315,-6.57793202527422e-18,0.18226697440258854,262
2021,Razzball,batting,Standard,R/PA,0.060604772342183186,0.03465333839470996,0.0078925638372684,0.0,0.060282177487555745,0.034176269265119553,0.004826495200316418,0.0,0.025609000202288495,0.01996111400499928,-1.7981310829832507e-17,0.10588241403688714,661
2021,Razzball,batting,Fantasy,R/PA,0.022593287945034925,0.018001019243869675,0.0011759555454323393,0.06730592636535837,0.02258846514769129,0.017999971918776562,0.0010793372994743703,0.06770407243564269,0.021937500692253645,0.017551146294778164,-4.38528801684948e-18,0.07932082153109155,262
2021,Steamer,batting,Standard,R/PA,0.05998555390510359,0.03257965549951473,-0.0015041302941181632,0.00859193706402317,0.059970078394957674,0.0327339270708533,0.0006372074520623912,0.009103412425912838,0.02443375698036595,0.018851242169688143,-2.5687586899760724e-18,0.18606468911582685,661
2021,Steamer,batting,Fantasy,R/PA,0.021398243105576444,0.01719069060604883,-0.003525540823639438,0.16336394417110867,0.021115796074508197,0.017123640417124535,0.0006492102540888349,0.18530460606964094,0.020335551878960717,0.016513677303095137,2.455761289435709e-17,0.2088734626874118,262
2021,ZiPS,batting,Standard,R/PA,0.05901469458564872,0.03229377860223449,0.001088524172216831,0.040423889102511046,0.059018326055830274,0.03230493707875689,0.0012702433894330588,0.04030579040615079,0.024454577542484927,0.018629469436122294,-1.4128172794868398e-17,0.18467695238724124,661
2021,ZiPS,batting,Fantasy,R/PA,0.021156469194227853,0.016803974055282507,-0.0016098556286122075,0.18216306060733956,0.02110925810793935,0.01666182661118381,0.0007721555842351327,0.18580902717986292,0.02037126332463214,0.01603457244018035,1.710262326571297e-17,0.20609241405301593,262
2021,Davenport,batting,Standard,RBI/PA,0.05270843393277227,0.03947176572543314,0.016622987455647966,0.0,0.051311807114815665,0.03864390679102132,0.01144754356590348,0.0,0.03347074061477937,0.026216362773395424,6.421896724940181e-19,0.0,661
2021,Davenport,batting,Fantasy,RBI/PA,0.030850047891949794,0.02411175203079929,0.003644184769729043,0.0,0.030635505729929683,0.02419826640833535,-0.00029805876750036976,0.0,0.030239298735769683,0.023890291217824423,1.3594392852233388e-17,0.0,262
2021,Marcel,batting,Standard,RBI/PA,0.05161123657337391,0.03803566113999964,0.018002014158875184,0.0,0.05066458503097401,0.0372971395179399,0.01507491126024861,0.0,0.02901202108087815,0.022675104122149035,8.348465742422235e-18,0.24493250505115527,661
2021,Marcel,batting,Fantasy,RBI/PA,0.024039555026509733,0.019336231325430452,-6.030984652076539e-05,0.31750728048571064,0.024055264735567145,0.01936251057263641,0.0008713167639947956,0.31661497899759705,0.023925257480767865,0.019242494466815616,0.0,0.3475635188676245,262
2021,Razzball,batting,Standard,RBI/PA,0.052093170736300896,0.03762936528232822,0.019322337383246898,0.0,0.050491994781534204,0.036330776733927046,0.014460145974681657,0.0,0.02841689527901856,0.021505009570398928,-5.137517379952145e-18,0.2755922972556427,661
2021,Razzball,batting,Fantasy,RBI/PA,0.02444087391995823,0.019232097943925865,0.0025578743753361427,0.29452986202750064,0.024312612647892806,0.018972424844370925,0.0005380865313164882,0.3019147922459031,0.02382001226036374,0.01863061652865693,6.57793202527422e-19,0.3532909216919756,262
2021,Steamer,batting,Standard,RBI/PA,0.047642957714249735,0.03444104852419379,0.014612106525345838,0.10635554902119815,0.04670406271787197,0.033558564840605064,0.011177285524723081,0.14123041496201127,0.02714234731131,0.021032133176171565,0.0,0.339116951121778,661
2021,Steamer,batting,Fantasy,RBI/PA,0.023861940974144947,0.019220073534356064,0.0015458037763753606,0.3275550941787162,0.023817307509687923,0.019093931847217804,0.0005112917684798976,0.3300683411818245,0.023415135219743137,0.018879709059748173,-7.893518430329063e-18,0.3750887597468092,262
2021,ZiPS,batting,Standard,RBI/PA,0.050683620121998806,0.03737129509186121,0.016442235917811934,0.0,0.048739943720795625,0.03574028963203883,0.00878065414489305,0.0647291908826032,0.03064190923125577,0.023507617767840383,-1.4128172794868398e-17,0.15771037852634984,661
2021,ZiPS,batting,Fantasy,RBI/PA,0.028306384280889094,0.022503602586735384,0.006948263383182551,0.053732399919038665,0.02744073359662574,0.021641602701970644,0.000144337471555621,0.11072392380954599,0.02682374567405702,0.020965757304077074,1.8418209670767817e-17,0.1799056089658455,262
2021,Davenport,batting,Standard,SB/TOF,0.06091484909420319,0.03734483977352502,0.005720678822732461,0.4165387550439402,0.060863407441719544,0.03727814623219298,0.005144092868531391,0.4175237870280091,0.04276775799408856,0.028409882786924558,5.619159634322659e-18,0.550918362496069,661
2021,Davenport,batting,Fantasy,SB/TOF,0.036562539507528996,0.026285750256908626,-0.0005517853736174013,0.5511745367666003,0.036560549165122344,0.026409972393042387,0.00039865663702900886,0.5512234005517813,0.03590608512746668,0.025918796036954295,1.09632200421237e-18,0.5762972105959986,262
2021,Marcel,batting,Standard,SB/TOF,0.0648475447804715,0.04294674935068831,0.006657495182400959,0.3387697027927954,0.06464192450874683,0.0419843441315971,0.004206730588349976,0.34295634694011234,0.045402551160497025,0.031204430709080723,2.5687586899760724e-18,0.49388076532115033,661
2021,Marcel,batting,Fantasy,SB/TOF,0.03684383406045025,0.027988238772781854,0.002864733788932741,0.5442418772004383,0.03674196679888251,0.027451390617059816,0.0008430395350420921,0.5467585887065161,0.03664465561464748,0.027285810986233238,8.77057603369896e-19,0.5586872245749742,262
2021,Razzball,batting,Standard,SB/TOF,0.06879391046918697,0.04449686729652184,0.009109862337826156,0.25584112990834296,0.068336306189951,0.04267367916708839,0.004498690682672939,0.2657082157902406,0.04832986641386475,0.03095541042738596,8.18791832429873e-18,0.42651307715484454,661
2021,Razzball,batting,Fantasy,SB/TOF,0.03649931820688906,0.027936713079871524,0.0043244990418627735,0.552725347932528,0.03625213656171059,0.02713511583581166,0.0008476247307876242,0.5587629249378359,0.03561663627537351,0.026586707622293083,-7.016460826959168e-18,0.583100846637538,262
2021,Steamer,batting,Standard,SB/TOF,0.0617204141903914,0.041536703686199127,0.012563562904863823,0.401004813106691,0.06091093050033105,0.03959853066406133,0.0076534331804204775,0.4166138196350485,0.04141881620466451,0.02822312116557415,1.3164888286127372e-17,0.5788006483881963,661
2021,Steamer,batting,Fantasy,SB/TOF,0.03490284363520241,0.02639090739012173,0.0033131253363098243,0.590997082775395,0.034754372278511296,0.02584907945965752,0.0007966794487516939,0.5944693534448606,0.03424669819903196,0.02535131405522912,1.534850805897318e-18,0.6145548158605905,262
2021,ZiPS,batting,Standard,SB/TOF,0.06435036393895527,0.04078881034594573,0.01674982050005752,0.34887003220418233,0.06261098799617815,0.03895909627306667,0.007728063506837701,0.3835941056722748,0.041875680322588794,0.028525655152915132,3.6925906168406045e-18,0.5694574474914982,661
2021,ZiPS,batting,Fantasy,SB/TOF,0.03516364272705649,0.02583182990522,0.007348476547875385,0.5848619891240765,0.034387878579714565,0.025588205593614338,0.00021102358113066316,0.6029771051745589,0.03424698445003094,0.025352130696834493,-5.043081219376902e-18,0.6145483723471468,262
2021,Davenport,batting,Standard,SLG,0.13576568045371293,0.09254143694825287,0.05206588880784304,0.007814491514748778,0.1295098797818261,0.08681212900826339,0.032424462206704925,0.09714360440381142,0.06950045468068432,0.05189166857716141,-1.027503475990429e-17,0.2767442894119838,661
2021,Marcel,batting,Standard,SLG,0.14158890754260753,0.09713581552171889,0.05749151314492934,0.0,0.13532684802520367,0.09109270205855756,0.039638505786937554,0.014218164412102996,0.07175283774479595,0.05368091552448588,5.908144986944967e-17,0.22910586246235998,661
2021,Razzball,batting,Standard,SLG,0.1420438031846251,0.09603868901892146,0.05192047649347274,0.0,0.1382293488028193,0.09265807325691629,0.04033170869933762,0.0,0.07046814328453016,0.05244653365950446,5.651269117947359e-17,0.2564635951163302,661
2021,Steamer,batting,Standard,SLG,0.12916916806516546,0.08655133747260242,0.03576491871396073,0.10188778486701067,0.1271088070915042,0.08490340749041513,0.027406281619265487,0.13031062533250348,0.06752758567764536,0.05095049178610772,1.5412552139856434e-17,0.31722277687274436,661
2021,ZiPS,batting,Standard,SLG,0.13120939096057688,0.08839954896926105,0.03659356275658553,0.07329241525220165,0.12892881208962245,0.0866219773088462,0.027309762829724898,0.1052270615722456,0.06977767269120518,0.05246158860693626,5.908144986944967e-17,0.27096305018016653,661
2021,Davenport,batting,Standard,SO/PA,0.09608426288109183,0.05644558610232022,-0.01558670708896308,0.2322059084677497,0.09643233415760027,0.056645111672732715,-0.017605537070974304,0.22663306810547235,0.04249048042455727,0.03146980666931768,-2.055006951980858e-17,0.5751845281015976,661
2021,Marcel,batting,Standard,SO/PA,0.10448493272539809,0.06369946206665851,-0.024598364290417788,0.09208001661629761,0.10393758314635197,0.06332519901273,-0.022158509639368003,0.1015674701655076,0.048162491199428586,0.03507950784137239,-1.669693148484447e-17,0.45419824503894646,661
2021,Razzball,batting,Standard,SO/PA,0.1061915076068724,0.06395635291811139,-0.024603511256815428,0.0621793024730628,0.10603258092104034,0.06386905155139837,-0.023908255794197395,0.06498429523020177,0.04831632582404005,0.03451918613427155,-1.669693148484447e-17,0.45070601287246814,661
2021,Steamer,batting,Standard,SO/PA,0.09634173338573272,0.05676888904420044,-0.017244460807022143,0.22808558351664787,0.09634475599295425,0.05677100846653734,-0.017261339580090837,0.22803714696463107,0.04253207825879967,0.031397611309064676,-2.1834448864796616e-17,0.5743523391742393,661
2021,ZiPS,batting,Standard,SO/PA,0.0948886062057696,0.05681352574364394,-0.014616736474781638,0.2511956216750195,0.09509078599303668,0.05695558953847339,-0.015876365398701922,0.24800125718533172,0.04277570731034454,0.03137073650771064,-1.9265690174820543e-17,0.5694620472432554,661
2021,Davenport,batting,Standard,wOBA,0.08447047673509292,0.053933966781431524,0.027511772591028317,0.020551637489748753,0.08239034040343843,0.05203424251936581,0.020243625738514338,0.06819669104746695,0.03805029074395698,0.02813425515828636,-1.2843793449880362e-17,0.28731118600146077,661
2021,Marcel,batting,Standard,wOBA,0.08783503011208839,0.05669780218373021,0.03260675364339329,0.0,0.08494955819982702,0.054156893785500766,0.023762056028788187,0.009410082974255718,0.03972469047697715,0.029557033250643492,-2.055006951980858e-17,0.22320749383245508,661
2021,Razzball,batting,Standard,wOBA,0.08845986516301774,0.0560054605433985,0.02885255647026529,0.0,0.08710883043541354,0.05495695042099589,0.0243981681696843,0.0,0.03915360519931022,0.02873577475623344,5.137517379952145e-17,0.2453814132966402,661
2021,Steamer,batting,Standard,wOBA,0.08156890514256249,0.05112858362783639,0.01916892214261941,0.08668430682005712,0.08093055694324469,0.05058623662042169,0.01623934534078327,0.10092336351734288,0.03732965745461366,0.027464359173713915,4.495327707458127e-17,0.31405073870662414,661
2021,ZiPS,batting,Standard,wOBA,0.08141749290856388,0.05149548632857173,0.018994958881276645,0.09007184331987605,0.08082141650988005,0.0510531054543931,0.01625120543371631,0.10334666203056797,0.03814407491149473,0.027978605296580163,2.3118828209784652e-17,0.2837936676752141,661
2021,Davenport,pitching,Standard,1B/(BIP-HR),0.2381188383793582,0.2198136814534116,-0.21870776324419802,0.0,0.09426490746882077,0.05422474337736035,-0.004286874415072876,0.0,0.040912280520669905,0.028094230413915778,2.450689073150025e-17,0.0,849
2021,Marcel,pitching,Standard,1B/(BIP-HR),0.08913224051333173,0.05171080003386689,-0.0057674563993261275,0.0,0.08925362189656903,0.0517305143610693,-0.007410551669573604,0.0,0.03841863132618863,0.02759939295056638,2.2621745290615616e-17,0.0,849
2021,Razzball,pitching,Standard,1B/(BIP-HR),0.17467270412086877,0.13936613290757874,-0.11240162348489831,0.0,0.13996635242697597,0.11429607454534783,0.041402309221307,0.0,0.10364515690460036,0.08831144718890487,1.916564531566045e-17,0.0,849
2021,Steamer,pitching,Standard,1B/(BIP-HR),0.11389878818086216,0.09126428374109748,0.07135779236363432,0.0,0.08919569637632617,0.051043382252208516,-0.008652908990646335,0.0,0.03759986264771735,0.026608534508487325,6.346656317644936e-17,0.025828503657821522,849
2021,ZiPS,pitching,Standard,1B/(BIP-HR),0.10802591360853567,0.08288979517325684,0.057277762508250576,0.0,0.09239206337517335,0.05388881099206075,-0.012142382044508144,0.0,0.03999851210306375,0.028420719853030456,1.63379271543335e-17,0.0,849
2021,Davenport,pitching,Standard,2B/(BIP-HR),0.07891920555482111,0.06777797987623835,-0.06693205758352516,0.0,0.04181593145750994,0.029185071214038596,0.0004810931504291709,0.0,0.02289026596087337,0.016527399637977218,6.2838181362821156e-18,0.0,849
2021,Marcel,pitching,Standard,2B/(BIP-HR),0.041612576409999893,0.02904085642656505,0.0008906702090951337,0.0,0.04160394587086308,0.02896774997544651,-0.00027402548968060597,0.0,0.023093121483009307,0.017137120550092023,1.5081163527077076e-17,0.0,849
2021,Razzball,pitching,Standard,2B/(BIP-HR),0.06310031875459339,0.05177828163480576,-0.033509792324427606,0.0,0.05548996388512753,0.042990797100989096,0.014845606982125534,0.0,0.03735533361414502,0.02968649386394883,5.655436322653904e-18,0.0,849
2021,Steamer,pitching,Standard,2B/(BIP-HR),0.07913993470463515,0.0676774987353562,-0.06693205758352516,0.0,0.04222859119227432,0.02938503540265525,0.00015805503674804286,0.0,0.02328715242865567,0.016681058938748487,6.912199949910327e-18,0.0,849
2021,ZiPS,pitching,Standard,2B/(BIP-HR),0.07659832964156146,0.06565255332187647,-0.060550718154580525,0.0,0.04709783933864282,0.032664506659913765,0.00415834528709981,0.0,0.026752765851968854,0.018403485563136698,6.912199949910327e-18,0.0,849
2021,Davenport,pitching,Standard,3B/(BIP-HR),0.0384654428118465,0.007232016424297269,-0.007040580284920829,0.0,0.037836678701925516,0.008362188937868916,-0.0012624322673817103,0.0,0.008418524440361326,0.004734455932446436,1.1782159005528965e-19,0.0,849
2021,Marcel,pitching,Standard,3B/(BIP-HR),0.03812319776698327,0.00842315135668918,-0.000929412565633016,0.0,0.038145254531054884,0.008345402798178324,-0.0015956324688354568,0.0,0.008892824476706395,0.005128413519655618,2.9455397513822416e-19,0.0,849
2021,Razzball,pitching,Standard,3B/(BIP-HR),0.03808578157438771,0.008374880370383649,-0.0041758751992519594,0.0,0.03785617253210389,0.009304221199694108,-3.121423030924282e-05,0.0,0.00875113208086141,0.005172229437910625,2.356431801105793e-19,0.0,849
2021,Steamer,pitching,Standard,3B/(BIP-HR),0.038467000208840106,0.007232016424297269,-0.007040580284920829,0.0,0.03783919589057694,0.008355035008030857,-0.0012901206637232871,0.0,0.008447646452257634,0.004756436224460845,1.3745852173117126e-19,0.0,849
2021,ZiPS,pitching,Standard,3B/(BIP-HR),0.038411065180814385,0.007495254394697503,-0.006493619886702431,0.0,0.03787004230070724,0.008590854912386515,-0.0009472458844258259,0.0,0.008489817250169137,0.004798779716923399,-7.854772670352645e-20,0.0,849
2021,Davenport,pitching,Standard,BABIP,0.09858063255022224,0.056990448955717844,-0.00901962165601355,0.0,0.09832837355852751,0.057026643492490266,-0.005628632825209086,0.002156157931662128,0.04196776962818416,0.030276742909567205,2.010821803610277e-17,0.003064878499923318,849
2021,Marcel,pitching,Standard,BABIP,0.09860457410691197,0.05803191562620951,-0.005806198755864014,0.0,0.09886997714955832,0.05800865698766214,-0.009280209628089729,0.0,0.04276375591603884,0.031162104475951274,-1.8851454408846346e-17,0.0,849
2021,Razzball,pitching,Standard,BABIP,0.09877400903339363,0.05756875953714457,-0.005496218004926401,0.0,0.09928017660218257,0.057578340810807205,-0.011421778232364082,0.0,0.04177966328306067,0.030133692468911975,2.5135272545128462e-17,0.011981699868360729,849
2021,Steamer,pitching,Standard,BABIP,0.09776384098702999,0.056832177871532795,-0.0026148455048116775,0.013581105765550383,0.09821749801227248,0.056794791825904765,-0.00978497461762163,0.00440523619770361,0.04102325878983951,0.029674010535136495,1.8851454408846346e-17,0.047433221519137314,849
2021,ZiPS,pitching,Standard,BABIP,0.09859176326187988,0.05724167868950862,-0.00976657553303238,0.0,0.09851252506698052,0.057225380818925094,-0.008931282641834166,0.0,0.04147456909707006,0.03011482437343707,1.5081163527077076e-17,0.026358934824464497,849
2021,Davenport,pitching,Standard,BB/BF,0.0568248408063146,0.03294727795447112,-0.010240784875222234,0.0750521098568635,0.05664911097933293,0.03287165497294434,-0.009215905649818808,0.08076403453284686,0.02602383986722858,0.01917248564943967,-8.483154483980855e-18,0.2976520903004025,849
2021,Marcel,pitching,Standard,BB/BF,0.05918696858867003,0.03469660766929439,-0.014505355799269516,0.0,0.0588338670579342,0.03451763517614255,-0.012989688569702666,0.008493420977095267,0.02781742228768887,0.020424164874089327,1.2567636272564231e-17,0.1975032074635581,849
2021,Razzball,pitching,Standard,BB/BF,0.058966822043405275,0.03481143752336362,-0.012611229246830126,0.004007069771785554,0.059033111769171635,0.03484427956892719,-0.012917634704890347,0.0017664467355690272,0.02814143477977249,0.020757481591652093,-6.598009043096221e-18,0.17869964537407923,849
2021,Steamer,pitching,Standard,BB/BF,0.056259644173779724,0.03279603436411509,-0.005326416253818071,0.09336021511869952,0.05667394128564328,0.032829190586830585,-0.008669415689489847,0.07995802319462209,0.025839018778829107,0.01900250624038852,1.5709545340705289e-18,0.30759280278621415,849
2021,ZiPS,pitching,Standard,BB/BF,0.05676915524433087,0.03347407470949448,-0.007571755935647094,0.07686402892393007,0.05687676622273738,0.03352370366566008,-0.00834032593787485,0.07336093932859145,0.026878030402574873,0.01951583201254659,-7.540581763538538e-18,0.2507885256856329,849
2021,Davenport,pitching,Standard,BF,151.40159320952992,109.98704358068316,1.6348645465253229,0.41592094647334166,151.40159320952992,109.98704358068316,1.6348645465253229,0.41592094647334166,151.40159320952992,109.98704358068316,1.6348645465253229,0.41592094647334166,849
2021,Davenport,pitching,Fantasy,BF,176.0250158883316,130.37759103641457,-22.855462184873947,0.019047446306516225,176.0250158883316,130.37759103641457,-22.855462184873947,0.019047446306516225,176.0250158883316,130.37759103641457,-22.855462184873947,0.019047446306516225,357
2021,Marcel,pitching,Standard,BF,156.38615716591195,120.36866902237927,-37.150765606595996,0.3768288244953819,156.38615716591195,120.36866902237927,-37.150765606595996,0.3768288244953819,156.38615716591195,120.36866902237927,-37.150765606595996,0.3768288244953819,849
2021,Marcel,pitching,Fantasy,BF,200.53211426487434,164.33893557422968,-143.65546218487395,0.0,200.53211426487434,164.33893557422968,-143.65546218487395,0.0,200.53211426487434,164.33893557422968,-143.65546218487395,0.0,357
2021,Razzball,pitching,Standard,BF,161.2867243997749,116.9236749116608,-48.871378091872785,0.33716110482205797,161.2867243997749,116.9236749116608,-48.871378091872785,0.33716110482205797,161.2867243997749,116.9236749116608,-48.871378091872785,0.33716110482205797,849
2021,Razzball,pitching,Fantasy,BF,208.64317005107927,158.36106442577028,-85.89663865546218,0.0,208.64317005107927,158.36106442577028,-85.89663865546218,0.0,208.64317005107927,158.36106442577028,-85.89663865546218,0.0,357
2021,Steamer,pitching,Standard,BF,149.9344638653854,104.78926712716847,13.290567631154234,0.42718592182811255,149.9344638653854,104.78926712716847,13.290567631154234,0.42718592182811255,149.9344638653854,104.78926712716847,13.290567631154234,0.42718592182811255,849
2021,Steamer,pitching,Fantasy,BF,167.48996942719157,121.32933046437111,-6.99484276304058,0.11186941911627224,167.48996942719157,121.32933046437111,-6.99484276304058,0.11186941911627224,167.48996942719157,121.32933046437111,-6.99484276304058,0.11186941911627224,357
2021,ZiPS,pitching,Standard,BF,219.27934103089092,171.05677259824864,118.13168414040645,0.0,219.27934103089092,171.05677259824864,118.13168414040645,0.0,219.27934103089092,171.05677259824864,118.13168414040645,0.0,849
2021,ZiPS,pitching,Fantasy,BF,151.19581820599473,113.36274529037689,18.83669456246854,0.2762663312932855,151.19581820599473,113.36274529037689,18.83669456246854,0.2762663312932855,151.19581820599473,113.36274529037689,18.83669456246854,0.2762663312932855,357
2021,Davenport,pitching,Standard,ER/BF,0.07570905420930217,0.04606862392071856,-0.008870124148703766,0.013748663696154129,0.07667351507400047,0.04598339137634904,-0.01502152212491599,0.0,0.03435002656543274,0.024292029630392828,1.5081163527077076e-17,0.10038647246816812,849
2021,Marcel,pitching,Standard,ER/BF,0.07721250341180601,0.04715867756385095,-0.014806990573785483,0.0,0.0773362303484838,0.04717589406843273,-0.015439197234563948,0.0,0.03615022180504365,0.02636941251466277,1.0054109018051385e-17,0.00362285883208624,849
2021,Razzball,pitching,Standard,ER/BF,0.07745947655998606,0.04615577181960413,-0.01676558568549128,0.0,0.0774985630983221,0.046165294880790346,-0.01694525410653777,0.0,0.03469773329563087,0.024589569734962534,-7.540581763538538e-18,0.08208169249615427,849
2021,Steamer,pitching,Standard,ER/BF,0.07628007159665005,0.04588454663218504,-0.012684492307719607,0.0,0.07668416416687215,0.045939143802963274,-0.014923406323166955,0.0,0.03376536238812072,0.02372346267148256,2.5135272545128463e-18,0.13075009255602765,849
2021,ZiPS,pitching,Standard,ER/BF,0.07606563944951299,0.04596123099278913,-0.013431929554600817,0.0044364123201064976,0.07631676955516438,0.04599005650071068,-0.014787986408991477,0.0,0.03429027447511848,0.02453768073238003,-6.2838181362821156e-18,0.10351351728215163,849
2021,Davenport,pitching,Standard,ERA,5.160246559050357,2.377147982996342,-0.7156597791894934,0.0,5.201700871876512,2.366126879673822,-0.9704206973469619,0.0,1.7651821938381913,1.1124073177030631,8.043287214441108e-17,0.08503743921772533,849
2021,Davenport,pitching,Fantasy,ERA,1.302746824991682,1.0485326631957128,0.47788825233972443,0.0,1.2119693402524234,0.9444667795570885,0.009877925404764107,0.12972745456408108,1.1135513485877133,0.8629139164064062,-7.220975047039539e-16,0.14020320308635292,357
2021,Marcel,pitching,Standard,ERA,5.2418512696210975,2.413375615415478,-1.0545213387167696,0.0,5.2330494792048885,2.412527018153199,-1.0098600758457836,0.0,1.8333497698307823,1.195741640294522,-3.2173148857764433e-16,0.013005109138124471,849
2021,Marcel,pitching,Fantasy,ERA,1.3240134801197254,1.0508025897344664,0.19864900737157115,0.0,1.3091755477086264,1.0229921042277668,0.01975720904242335,0.0,1.2133586932615963,0.9584532621874936,5.1578393193139566e-17,0.0,357
2021,Razzball,pitching,Standard,ERA,5.252621315055687,2.3738888668437856,-1.0931410949019773,0.0,5.249123669317437,2.3735257968397,-1.076209119908725,0.0,1.7876146881415627,1.128861108823105,-3.2173148857764433e-16,0.06163440363194106,849
2021,Razzball,pitching,Fantasy,ERA,1.233004563204585,0.9716623863686815,0.16785882502531818,0.09925598752799669,1.2219208207686054,0.9393792224065988,-0.031093801365761488,0.11537716421316879,1.1211545745831746,0.8635884882792934,-3.094703591588374e-16,0.12842189247997082,357
2021,Steamer,pitching,Standard,ERA,5.193487878121012,2.3720321555016795,-0.8971103937580676,0.0,5.207329320855149,2.370597083134438,-0.9740479322069405,0.0,1.7451267152472039,1.0903870304367183,-8.043287214441108e-17,0.10571039683668937,849
2021,Steamer,pitching,Fantasy,ERA,1.180446838882197,0.9504026496817631,0.2821671105244082,0.17440912687534604,1.1463890687848286,0.8930788340078938,-0.019272671430518667,0.2213611145906641,1.0517600443964499,0.8152512378371034,-1.547351795794187e-16,0.2329765125135218,357
2021,ZiPS,pitching,Standard,ERA,5.183864265885766,2.376853737866016,-0.8534531853694546,0.0,5.203558708088036,2.376805962360403,-0.9658969101352064,0.0,1.7679154766926402,1.1273810797844561,-5.630301050108775e-16,0.08220171189082415,849
2021,ZiPS,pitching,Fantasy,ERA,1.2459010793319527,1.0079310395625423,0.33370625507927887,0.0803149215109048,1.2004391283738898,0.9418907468670963,0.012019406373705821,0.1462075661698291,1.109797360403037,0.8695194729548056,0.0,0.14599050061648322,357
2021,Davenport,pitching,Standard,HBP/BF,0.024941797215590877,0.014264589627932001,-0.013964813089902451,0.0,0.02081044064165296,0.011549783848568024,-0.002448917310162874,0.0,0.009947384212510405,0.006722315954308022,7.854772670352644e-19,0.0021994716359701183,849
2021,Marcel,pitching,Standard,HBP/BF,0.020719730692268713,0.011084506426925617,-0.003073057842973013,0.0,0.02063083236529029,0.011181079053284101,-0.0024016012639122924,0.0,0.009613581909675473,0.006233441165909565,1.767323850829345e-18,0.0680418596306227,849
2021,Razzball,pitching,Standard,HBP/BF,0.020659124186299616,0.011178815422784236,-0.0032152453558854056,0.0,0.02052731411285646,0.011298497238892119,-0.0022156297618214573,0.0034937447038022595,0.009611025124051929,0.006325891640467787,7.854772670352645e-20,0.06853751262150176,849
2021,Steamer,pitching,Standard,HBP/BF,0.020626019509944894,0.010979107035034056,-0.0037813426149552846,0.0,0.020420769411718755,0.011121428252473139,-0.002423570612471961,0.01381140462729158,0.009504402653267765,0.006239951354065674,5.891079502764483e-19,0.08908973109632723,849
2021,ZiPS,pitching,Standard,HBP/BF,0.020474366904521986,0.011094312876332457,-0.0027925123180976594,0.008627799533455605,0.020387891808143942,0.011186850875224714,-0.002065080455169907,0.01698439149893083,0.009582047546246385,0.0062198706295514515,1.1782159005528965e-19,0.07414582935219383,849
2021,Marcel,pitching,Standard,HLD/G,0.10654504751687811,0.08857582709319592,0.030792808386299473,0.08235739423883093,0.10220011047831871,0.07343839007528372,-0.006419694675145596,0.15567477350619408,0.08509976797402484,0.06257130457424712,-6.2838181362821156e-18,0.25286178914214363,849
2021,Razzball,pitching,Standard,HLD/G,0.10092220087103117,0.06814108271365851,-0.0015007047425588688,0.17665763913990307,0.10107005880026036,0.07096164471721751,0.005667298471023241,0.17424336611574676,0.07758013424311416,0.05002441794458699,2.5135272545128463e-18,0.3790662733288982,849
2021,Steamer,pitching,Standard,HLD/G,0.10176179625775886,0.06117841228235182,-0.010227301495224198,0.16290150067348796,0.10127096627704689,0.06430572755551069,-0.002223314857450716,0.17095721841281708,0.07769508983590147,0.04766115828306658,5.0270545090256926e-18,0.377224753217955,849
2021,ZiPS,pitching,Standard,HLD/G,0.132069882698874,0.0760626285363418,-0.06591943809674652,0.0,0.11468243969993007,0.08616425065150676,-0.007414875482740882,0.0,0.09914040115741389,0.07672975438721776,0.0,0.0,849
2021,Davenport,pitching,Standard,HR/BIP,0.04595055704964165,0.02771523546992422,-0.0034750449714691716,0.0,0.04624701088788271,0.027517844731134316,-0.006277599895286611,0.0,0.021190263198124108,0.014799124497899958,1.2567636272564232e-18,0.06513822984625417,849
2021,Marcel,pitching,Standard,HR/BIP,0.04573461560936318,0.02807031753132825,-0.0035748701228375695,0.0030185328655623067,0.04586001814707096,0.027956000929384536,-0.004926042621479097,0.0,0.02161593897474539,0.015415934301649526,-1.1310872645307808e-17,0.027201461409410488,849
2021,Razzball,pitching,Standard,HR/BIP,0.04598840522815236,0.02768399693229653,-0.004427899088267351,0.0,0.04617871199962273,0.02755196711295061,-0.006094777834443767,0.0,0.02106090095262605,0.014536290128150244,-8.16896357716675e-18,0.07651767071576032,849
2021,Steamer,pitching,Standard,HR/BIP,0.04539753013156411,0.02737420402478293,-0.002871471342641354,0.01766081118266971,0.04562481257119797,0.027143171670481775,-0.005378952294107467,0.007800039341150589,0.020538729910206773,0.0141250569273145,1.2567636272564232e-18,0.1217425023873564,849
2021,ZiPS,pitching,Standard,HR/BIP,0.04571554505447558,0.02766748440040689,-0.003738009943195059,0.0038498080601320206,0.045900369463713474,0.027531296283464957,-0.00555927833563302,0.0,0.021210496990992166,0.014866653278705353,-5.0270545090256926e-18,0.0633520481233859,849
2021,Davenport,pitching,Standard,L/G,0.17618820084437686,0.10369408570732405,-0.005595317687565345,0.005477375669287077,0.17716220988165907,0.10475521324119048,-0.01937715338741271,0.0,0.12604580980181118,0.08911959200024065,-2.5135272545128463e-18,0.2800298290497829,849
2021,Marcel,pitching,Standard,L/G,0.16780980922387195,0.11634236874868471,-0.005150613342912332,0.09781476941216016,0.17337804803828302,0.13340243318881936,0.04389013884258123,0.03694909401901125,0.13076921106329709,0.10364939562441944,-2.5135272545128463e-18,0.22505891722826354,849
2021,Razzball,pitching,Standard,L/G,0.1712346188427604,0.12731562482160758,0.046697271962554764,0.060613815878706956,0.16619531452130007,0.12034850417272644,0.021913992957770884,0.1150910710962304,0.1224343109346822,0.09261304626809434,-5.0270545090256926e-18,0.32069633038696344,849
2021,Steamer,pitching,Standard,L/G,0.15729848523886875,0.10009147778665275,0.011885696175959682,0.20729772117123813,0.15685484427378635,0.0989049620792368,0.0013778560514034364,0.21176285349865165,0.11926471248734244,0.08448462459959197,-1.759469078158992e-17,0.355412901088643,849
2021,ZiPS,pitching,Standard,L/G,0.16529304455844107,0.11473798707417611,0.03436514612082239,0.12467328380630949,0.16318991475828618,0.1115869047972795,0.02213867582587997,0.14680626665817897,0.11812017282576785,0.08728928816002805,-4.147319969946196e-17,0.3677252691040491,849
2021,Davenport,pitching,Standard,R/BF,0.1115588659186279,0.07203351719060587,-0.052119848520096476,0.0,0.1059649591234255,0.0696909914310034,-0.038725580779849375,0.0,0.058409799374162776,0.04115404490328788,2.5135272545128463e-18,0.0,849
2021,Marcel,pitching,Standard,R/BF,0.07799689412100268,0.048068102779314996,-0.016513300168339812,0.0,0.07802695865909418,0.048074608119885974,-0.01665472508073247,0.0,0.03707968202807158,0.026937806685621544,7.540581763538538e-18,0.0,849
2021,Razzball,pitching,Standard,R/BF,0.07820653321666088,0.04725743013070665,-0.018876108255191777,0.0,0.07800463030910523,0.047193249569292293,-0.018021320005849068,0.0,0.03549869737753649,0.025207921232704787,1.2567636272564231e-17,0.07870201589464065,849
2021,Steamer,pitching,Standard,R/BF,0.07724063335284655,0.047314608973641266,-0.015456078711046444,0.0,0.07740962237928078,0.04736082614036098,-0.01627957509507049,0.0,0.034804985832116414,0.02466533123082932,1.759469078158992e-17,0.11435798853354706,849
2021,ZiPS,pitching,Standard,R/BF,0.07716127476740868,0.047228971051996096,-0.016522047802562435,0.0,0.07702616302186305,0.04718895138520534,-0.01587909096041833,0.0,0.03530707583300647,0.02535080736345724,1.2567636272564231e-17,0.0886214818932698,849
2021,Davenport,pitching,Standard,SO/BF,0.06724471520493966,0.04947795924350116,-0.00031693215029906797,0.2168114373209078,0.06827757457897761,0.04960477635850459,0.011835367057353914,0.19256756736791747,0.045349094991088745,0.034839937477375314,-3.2675854308667e-17,0.3821037497731433,849
2021,Davenport,pitching,Fantasy,SO/BF,0.04571816933018808,0.035880257125172184,-0.015717841635226923,0.35754856280320324,0.04293810542866838,0.03334369389184744,-0.000761863878763136,0.4333062833193442,0.0403501558176554,0.03148685359085753,-1.692416026649892e-17,0.4543802491965869,357
2021,Marcel,pitching,Standard,SO/BF,0.0719079526298881,0.052673025701562334,0.014295972948722596,0.1044210716524383,0.07175291083749372,0.05253383456926368,0.013494495351131154,0.10827885000979776,0.04798474437979324,0.03696198722686029,-4.3986726953974805e-17,0.30819343037663793,849
2021,Marcel,pitching,Fantasy,SO/BF,0.04584645699801469,0.03573945729756241,-0.004665289597442871,0.353937996881179,0.04564170532951547,0.03574031372984901,-0.001741428477865023,0.3596957759294005,0.042924598203379564,0.03380464548982941,2.417737180928417e-17,0.3825353092361916,357
2021,Razzball,pitching,Standard,SO/BF,0.0718221800638019,0.052062654065660866,0.015636567411305306,0.10655630945242078,0.07191581602334578,0.052125626836687124,0.016061173232202897,0.10422519138389263,0.04654089841720176,0.035237522015818985,-1.759469078158992e-17,0.34919956308014544,849
2021,Razzball,pitching,Fantasy,SO/BF,0.043702564746605235,0.03381274930925726,-0.0037395619278923374,0.4129481092749041,0.04354759753329241,0.03365129201678557,0.0006807414361812801,0.4171040439084407,0.040809934057097486,0.03132411682570466,-1.5312335479213307e-17,0.4418750508982192,357
2021,Steamer,pitching,Standard,SO/BF,0.06744824002247816,0.048202347847942445,0.00437248063490135,0.21206342021299251,0.06812012904758949,0.04871537611919203,0.01049788008280754,0.19628709181134807,0.04346525077518702,0.0326208122302682,-2.7020417986013094e-17,0.4323734641594842,849
2021,Steamer,pitching,Fantasy,SO/BF,0.04126224761495226,0.031923999301548794,-0.008498889462168832,0.47667871008675344,0.040377918165809955,0.031358923041066494,0.0001852545745091952,0.49886990086088223,0.03781478528850369,0.029174883753865857,1.128277351099928e-17,0.5207932484086395,357
2021,ZiPS,pitching,Standard,SO/BF,0.07046422120218163,0.051026980516264094,0.006182170908949395,0.1400220182849915,0.07122303166621256,0.05127618720787191,0.012071992679081454,0.12140054190137028,0.04730359197643151,0.03574823827783489,-1.759469078158992e-17,0.3276946758315673,849
2021,ZiPS,pitching,Fantasy,SO/BF,0.046192977184510826,0.03559417722806011,-0.00902755475224667,0.3441348587763663,0.04530684706900519,0.03465839085930987,-0.0006449767207407022,0.3690567156604494,0.04204300279359993,0.03218199187406032,4.029561968214028e-18,0.40763811855943444,357
2021,Davenport,pitching,Standard,SV/G,0.06569048144214551,0.0255961927889069,0.0013143355990110287,0.3315708465246481,0.0657089642728843,0.026076512562184073,0.0020386544045391214,0.33119465196270015,0.062115496168355745,0.02370680363039196,-6.283818136282116e-19,0.4658166484679154,849
2021,Davenport,pitching,Fantasy,SV/G,0.07727876227077542,0.03339195627943739,-3.286859023118008e-05,0.5171914032013256,0.07729669058368475,0.0342623126650695,0.001665039768624924,0.5169673585242719,0.06289433388649122,0.023892065276387184,7.656167739606654e-18,0.5440236326901958,357
2021,Marcel,pitching,Standard,SV/G,0.07107437357378397,0.052046470298784946,0.024652578169616923,0.2175140017625008,0.06674713428189956,0.037324739706914516,0.0033708999316506656,0.30989409637738385,0.06757441480090014,0.03549417698187509,-4.39867269539748e-18,0.3677992335386179,849
2021,Marcel,pitching,Fantasy,SV/G,0.08621872222677414,0.05746427660276799,0.00924420444940644,0.3990230106352316,0.08617256821109574,0.047321788127730524,-0.00880333832024752,0.39966626018819895,0.07169660504001515,0.03837582826423359,6.447299149142446e-18,0.4074616365593565,357
2021,Razzball,pitching,Standard,SV/G,0.06268708201062483,0.031135475711971783,-0.0024327104245988546,0.3912953732128567,0.06313310797542294,0.037685606023645395,0.00787636665217925,0.3826025475124839,0.06141633265267145,0.031166033709211047,-1.8851454408846344e-18,0.4777743596552647,849
2021,Razzball,pitching,Fantasy,SV/G,0.0803820285139145,0.03395547030083614,-0.02148541791292049,0.4776367649494706,0.07777092385519746,0.04101844748151945,-0.006976336586776912,0.5110221402349397,0.06454006903585349,0.03307158805611288,1.0476861117356474e-17,0.5198486638017539,357
2021,Steamer,pitching,Standard,SV/G,0.058465217912744505,0.022141771528866813,-0.007315540842315468,0.47052478032845146,0.05801443583263893,0.027422541716239757,0.0010050856730972994,0.4786580881236049,0.05641124375788116,0.026082325387250353,0.0,0.5594230403054494,849
2021,Steamer,pitching,Fantasy,SV/G,0.07194350661646817,0.03069093426602719,-0.012331960774280988,0.5815554812810633,0.07094538824048525,0.03510544750626694,-0.0030752601284753513,0.5930856379335852,0.05850810732726872,0.027052369226836757,8.865036330070862e-18,0.6054051713353186,357
2021,ZiPS,pitching,Standard,SV/G,0.06684135041193635,0.026673574990040198,-0.0017840751170865332,0.30794449968736815,0.06688620383698014,0.029799452708519688,0.003030026873511284,0.30701538995927324,0.06407514158807615,0.0267391264574041,3.1419090681410578e-18,0.4315796988839591,849
2021,ZiPS,pitching,Fantasy,SV/G,0.0812776498885902,0.03446919428830608,-0.007430060157490139,0.4659315110212099,0.08094710152593036,0.03755395042968692,-0.0012580413272049436,0.4702666877510505,0.06583355299341097,0.027456707725248348,6.447299149142446e-18,0.5004098361820793,357
2021,Davenport,pitching,Standard,W/G,0.13520863522481527,0.08721159146392947,0.014580873638838332,0.08686746160448411,0.13457284634967712,0.08772269635970167,0.006409197404388723,0.09543488086377361,0.11822692299102495,0.08583310662466925,-5.0270545090256926e-18,0.39115280289836796,849
2021,Davenport,pitching,Fantasy,W/G,0.1131305473208602,0.08276709464090631,0.012864510424323785,0.3320408921434449,0.11251602970251008,0.08247861209401064,0.005179945111318713,0.33927780241660976,0.11497702432028128,0.08540601635462094,2.256554702199856e-17,0.37805743158406546,357
2021,Marcel,pitching,Standard,W/G,0.13381141903576377,0.10103537907079847,0.025984695257469773,0.10564217108076224,0.14720378307589785,0.11951504140383543,0.06662328628276146,0.0,0.12651808997933697,0.10048046122228758,0.0,0.302762412702151,849
2021,Marcel,pitching,Fantasy,W/G,0.12035098122782224,0.08743463182384215,-0.03509849446820654,0.24405644197784948,0.11924068489645007,0.09841981464417213,0.031078715642857524,0.25793999783776667,0.12119223860917337,0.09781893877808348,1.2894598298284891e-17,0.30900044319475617,357
2021,Razzball,pitching,Standard,W/G,0.1503675088043027,0.12021962991877454,0.07989361721377085,0.0,0.13287185301217885,0.10470573831646965,0.037782690353898245,0.11815766630807467,0.1126205771009156,0.08874304526039949,1.2567636272564231e-17,0.4475270301864217,849
2021,Razzball,pitching,Fantasy,W/G,0.11972607412071945,0.09275406343633164,0.04359175882704473,0.2518863420433879,0.11189450458728864,0.09042556406012298,0.009289174888545573,0.34655714270711235,0.11226087635414755,0.08917896936079875,-1.2894598298284891e-17,0.40709514047486095,357
2021,Steamer,pitching,Standard,W/G,0.12594858928252006,0.0844716058620619,0.023126384133251382,0.20766001066590678,0.12588836769310785,0.08440511528297821,0.022796131716957716,0.2084175350848141,0.10870967796027592,0.07688163434031395,1.2567636272564231e-17,0.48523150867402465,849
2021,Steamer,pitching,Fantasy,W/G,0.1004361064316242,0.07023515046268058,-0.003272780695569349,0.4735345976368577,0.10043597151783268,0.06943195358271631,0.0032686378000083872,0.47353601201657347,0.10686522442858025,0.07646769948351996,0.0,0.46271964939211596,357
2021,ZiPS,pitching,Standard,W/G,0.14816447221511514,0.11027169483990547,0.07030152012722621,0.0,0.13475508822411617,0.09649309064020996,0.03388992044405669,0.09298325307899458,0.11707042998575004,0.08705142600795297,2.2621745290615616e-17,0.40300600227943084,849
2021,ZiPS,pitching,Fantasy,W/G,0.11448461358162597,0.08375283872019348,0.03544804129657366,0.3159555166862462,0.1094877549070881,0.08083214362120998,0.011722003217196644,0.37436476385605844,0.11451175479509201,0.08550450956200631,-2.5789196596569783e-17,0.3830807905832575,357
2021,Davenport,pitching,Standard,WHIP,0.796087047526026,0.3645256208543368,-0.10884214257554929,0.017367097552644095,0.8023693667589303,0.3648273465052135,-0.14794804991907756,0.0017970124669011156,0.2671560619822516,0.17587254936505528,-1.5081163527077077e-16,0.14000690237482438,849
2021,Davenport,pitching,Fantasy,WHIP,0.20873233548905773,0.16748114291047808,0.0760027778132316,0.0,0.1945810302886892,0.15631652275950958,0.008307328380332641,0.12655144044910616,0.17976396663285976,0.14259747176770385,1.9341897447427337e-16,0.17728122957699244,357
2021,Marcel,pitching,Standard,WHIP,0.8187180344527023,0.3765343669927042,-0.18252670692862513,0.0,0.8173129561167103,0.3758692483807487,-0.17611714010949492,0.0,0.27896211926841663,0.18757521648938322,-2.2119039839713047e-16,0.062318458806006394,849
2021,Marcel,pitching,Fantasy,WHIP,0.2038797006627804,0.16552707425682447,0.028823464431621693,0.04107573066457593,0.2018925491559543,0.16267202598228347,-0.004945822902758539,0.05967730315652009,0.18976339011427146,0.15135306921292124,2.707865642639827e-16,0.08320764825617044,357
2021,Razzball,pitching,Standard,WHIP,0.8201200475202641,0.37716499575759577,-0.1704787122902644,0.0,0.8248151769297544,0.3787286524022073,-0.19179722389327875,0.0,0.280549619660769,0.18885171442078802,-2.412986164332332e-16,0.051615892098914706,849
2021,Razzball,pitching,Fantasy,WHIP,0.20734797011512096,0.17145789315953433,0.049132662438180943,0.008173033794715234,0.20181828381906208,0.162844012656677,-0.012306806696891196,0.06036896352933163,0.18950117722998291,0.15198171576905156,1.6762977787770358e-16,0.08573952418153907,357
2021,Steamer,pitching,Standard,WHIP,0.7990616041177583,0.36957902310183555,-0.10612630624460641,0.010010219062086767,0.8072984760517208,0.3697902067888723,-0.15650615047757616,0.0,0.26653251422885627,0.1763923602320281,-6.03246541083083e-17,0.14401670065143657,849
2021,Steamer,pitching,Fantasy,WHIP,0.19993612760129298,0.16531589734856608,0.0774961066604507,0.07781322777168176,0.1844392977772075,0.14951256023044934,-0.007003284363558115,0.21522844014548181,0.17171137713109624,0.13808392297996877,-9.026218808799424e-17,0.24933829076985814,357
2021,ZiPS,pitching,Standard,WHIP,0.7983670482029512,0.3685214513745274,-0.11708213360510304,0.011730497991905842,0.8049098968989002,0.37013567609067444,-0.15555778501581985,0.0,0.2734266955319485,0.18228050081279348,-2.010821803610277e-16,0.0991619390579872,849
2021,ZiPS,pitching,Fantasy,WHIP,0.20895338164681404,0.16799063740721812,0.06986332971013916,0.0,0.19692832941308983,0.15781212428451685,0.0003688658006681527,0.10535090051974161,0.18428395941959755,0.1461582852687031,2.5789196596569783e-17,0.13538813677778405,357
2021,Davenport,pitching,Standard,wOBA,0.21877964401433372,0.20123357754451318,-0.1999104792238646,0.0,0.09060395716479674,0.05820368035237086,-0.01757111613975951,0.0,0.046418503456689415,0.03456110172131491,7.540581763538538e-18,0.0,849
2021,Marcel,pitching,Standard,wOBA,0.087611534346517,0.05617626140205084,-0.018464308711131472,0.0,0.08821922103646379,0.0565127779759826,-0.021160829518463934,0.0,0.04399261172435189,0.03301789663703818,1.759469078158992e-17,0.05937330419568809,849
2021,Razzball,pitching,Standard,wOBA,0.15354924191810354,0.12481931677131936,-0.10840011246050557,0.0,0.11031693261596115,0.08818607910365205,0.0185213474029425,0.0,0.08321721646936873,0.06783855471766859,6.2838181362821156e-18,0.0,849
2021,Steamer,pitching,Standard,wOBA,0.08864296299714082,0.0563966180624483,-0.027751286756004606,0.0,0.08635451637717932,0.05482707320140447,-0.019226583847320646,0.008901944526417016,0.04105893522905662,0.030357173074281242,-5.781112685379546e-17,0.18064298860595718,849
2021,ZiPS,pitching,Standard,wOBA,0.0897042130613254,0.0577764261075073,-0.03221284538946853,0.0,0.08566330377042103,0.05457011879297286,-0.018138996113279595,0.024704655673660203,0.04204776513660057,0.0313834900834521,-2.7648799799641308e-17,0.14070230977197806,849
2022,Davenport,batting,Standard,1B/(BIP-HR),0.09574103161284575,0.055074589349516,0.009237365291821823,0.013217148079018748,0.0954800052495217,0.05469883259490922,0.005951065929000837,0.018590501791615366,0.0380315566843677,0.02787472271210545,-1.7485863222511063e-17,0.0863207696094549,690
2022,Marcel,batting,Standard,1B/(BIP-HR),0.09590035669377642,0.05406299070933295,0.007198835171592028,0.009930154584769313,0.09573543956130173,0.053771464040285634,0.004496576678970655,0.013332416931373658,0.036708881143509266,0.02641381782940081,-7.119244312022362e-17,0.1487681908290116,690
2022,Razzball,batting,Standard,1B/(BIP-HR),0.09617932161303991,0.05472189501131952,0.004356650697006272,0.004161740868215857,0.09629880308682946,0.05485730253624351,0.006479041233632875,0.0016859877309930438,0.03737168303719449,0.027269227473928025,-1.3738892531972978e-17,0.11775163503190689,690
2022,Steamer,batting,Standard,1B/(BIP-HR),0.09505889057641125,0.05343616306716715,0.002454843920802811,0.027228426347455703,0.09514837259555106,0.05351738892333017,0.004800665437123183,0.025396161454570687,0.03593327080893078,0.025743583548939266,-4.246566782609829e-17,0.18435899795684974,690
2022,ZiPS,batting,Standard,1B/(BIP-HR),0.09525632366221547,0.053857554208122646,0.0067867695018319395,0.023183423515435453,0.09508913574194129,0.05362305150816922,0.003773165617831207,0.026609308710507706,0.03654586636826021,0.02614590429108297,-5.245758966753319e-17,0.15631161091703816,690
2022,Davenport,batting,Standard,2B/(BIP-HR),0.0434521303055323,0.028532000649398054,0.006933355538464155,0.0,0.043226354311533294,0.028244886478651723,0.005338679424727244,0.0,0.02239181337699035,0.016699962795385454,1.4051140089517818e-17,0.0,690
2022,Marcel,batting,Standard,2B/(BIP-HR),0.04338008033971445,0.028699756944385348,0.009990046327697377,0.0,0.04272175061555815,0.027966063875374276,0.006566401678804183,0.0,0.02113548199693428,0.015663089310583255,7.80618893862101e-18,0.03903690499547563,690
2022,Razzball,batting,Standard,2B/(BIP-HR),0.043328706731254066,0.028725531209652388,0.010193205411287005,0.0,0.04262740628778844,0.027857213536532397,0.00660457238417863,0.0,0.021478756161462265,0.01575562788070534,1.3738892531972978e-17,0.0075682454447072445,690
2022,Steamer,batting,Standard,2B/(BIP-HR),0.042921269372351675,0.028075161066180347,0.009663822788097087,0.0,0.04233754243461436,0.02736034066638169,0.006604665453188548,0.0,0.020633670462519047,0.015055392101017993,1.592462543478686e-17,0.08412674550090526,690
2022,ZiPS,batting,Standard,2B/(BIP-HR),0.04325571626407772,0.02808980210316078,0.00789032289537528,0.0,0.0429011950129912,0.02766830309049559,0.005631406522138743,0.0,0.021278491396487742,0.015602532107541723,1.1865407186703935e-17,0.02598854472462586,690
2022,Davenport,batting,Standard,3B/(BIP-HR),0.008777046611408051,0.005518344499587624,0.0006067026637776468,0.0,0.008763717279712998,0.005495988487634527,0.000366444350680333,0.0,0.006193325265559829,0.004255553628263113,-5.854641703965758e-20,0.0012699085824181555,690
2022,Marcel,batting,Standard,3B/(BIP-HR),0.008440087493925478,0.005971453229814616,0.0015197826738752925,0.0,0.008329438434571996,0.005699066774441755,0.0006739488897679605,0.0,0.005961508781303136,0.00428028599829272,5.464332257034707e-19,0.07463571668242663,690
2022,Razzball,batting,Standard,3B/(BIP-HR),0.0084369632859463,0.005812496135419214,0.0013145635871727463,0.0,0.008357212940547011,0.0055695067879377525,0.0006234870246934681,0.0,0.0059057623952848215,0.004168930971837844,2.341856681586303e-19,0.09186106216033108,690
2022,Steamer,batting,Standard,3B/(BIP-HR),0.0082623541430867,0.005809369985981415,0.0014525699495143553,0.0048136880823683725,0.00817601167309037,0.005577581716974554,0.0008310417263652767,0.025504612367650448,0.005752569668972838,0.004100928618597402,4.09824919277603e-19,0.1383634145854742,690
2022,ZiPS,batting,Standard,3B/(BIP-HR),0.008528656491475998,0.005936226966337482,0.002202570838682921,0.0,0.008264418122948463,0.005528608483233292,0.0006433845356703143,0.004316420348130179,0.0058451626250843065,0.004098533839481123,5.854641703965758e-20,0.11040249913581679,690
2022,Davenport,batting,Standard,AVG,0.07272658549571714,0.0469214463780738,0.019988659020513534,0.048071763433039316,0.07193323064208931,0.04624985212400345,0.016875423614846508,0.06872714419197068,0.03306486540884405,0.024960936182597374,-2.997576552430468e-17,0.2286453872065427,690
2022,Davenport,batting,Fantasy,AVG,0.026873119346868788,0.021664161091261076,4.2649599275658676e-05,0.21826536075049896,0.026890806554250815,0.021712605204609665,0.0009760905159887594,0.21723598617759832,0.026786278130709662,0.021575536445735455,5.66020278596419e-17,0.2103150128761333,277
2022,Marcel,batting,Standard,AVG,0.07694195224265712,0.04962004302860966,0.028868514815719674,0.0,0.0738226211556415,0.04675078909924143,0.019055354288059406,0.019163236029101305,0.03268916277962001,0.02426776743312765,-4.246566782609829e-17,0.24607497676993018,690
2022,Marcel,batting,Fantasy,AVG,0.026706342036308138,0.02157398623578885,0.006807296041659546,0.22793830097843415,0.025845889092088552,0.02067540226527689,0.0010585638379693924,0.27688703662508085,0.025659071080374986,0.020459673007454052,6.159632443549265e-17,0.2753788709214158,277
2022,Razzball,batting,Standard,AVG,0.07718068683039356,0.049546344839170454,0.028919632687725405,0.0,0.07407363630794946,0.0469308782835964,0.019141325217028132,0.01248172121519231,0.03224677618398506,0.024088438063861402,-2.497980460358723e-18,0.266342825142166,690
2022,Razzball,batting,Fantasy,AVG,0.02558096397136591,0.0205112450315727,0.006639997802886189,0.29163514380091926,0.024722328315605585,0.019990093278225263,0.0009472963963862768,0.3383901935658722,0.024618476264979563,0.019879995922898946,4.161913813208963e-17,0.33296062297685614,277
2022,Steamer,batting,Standard,AVG,0.07340128234909395,0.04736004259196364,0.025473288046696067,0.030327435888632626,0.07070069944783465,0.04495944370080455,0.016116111684633578,0.1003672976926131,0.03161037939042177,0.023727958052636097,-1.2489902301793616e-17,0.295014833524482,690
2022,Steamer,batting,Fantasy,AVG,0.025456157105103832,0.020378485165443726,0.006243738537413289,0.29853035926660476,0.024696983133004644,0.019835987216663745,0.0009535786468705213,0.3397460550038165,0.024617590700365885,0.019737825538436952,5.493726233435831e-17,0.333008610986963,277
2022,ZiPS,batting,Standard,AVG,0.07315946860000458,0.04706564406841045,0.02392325163351573,0.03670590541959817,0.07059650924840316,0.04463096606362671,0.014278698853373501,0.10301688518600327,0.031414714659204354,0.02353290874725267,-1.7485863222511063e-17,0.30371538169047785,690
2022,ZiPS,batting,Fantasy,AVG,0.025652956217964065,0.020753240589779086,0.007251637242072307,0.2876424453770461,0.02461431107049555,0.019825200402015988,0.0006135058638258257,0.34415899851375253,0.024620920033314887,0.019826486020343065,4.6613434707940383e-17,0.3328281882480475,277
2022,Davenport,batting,Standard,BABIP,0.10557838414135488,0.06262855901925604,0.016777423494063616,0.01630215848477934,0.10488651017755093,0.06201428861666395,0.011656189704408444,0.02915260889476423,0.04216816058069556,0.03131716892631742,2.872677529412532e-17,0.09913120492673266,690
2022,Marcel,batting,Standard,BABIP,0.10693552084574888,0.062227305159116085,0.01870866417316473,0.0,0.10593841118603513,0.06142429885245083,0.011736927247542918,0.009581811764309167,0.04124233556031765,0.029740809515224533,3.8718697135560206e-17,0.13825507856380703,690
2022,Razzball,batting,Standard,BABIP,0.10684303938417344,0.06172591371879332,0.015864419695466054,0.0,0.10654407473246888,0.061516490254470355,0.013707100642505144,0.0,0.04078027454036121,0.0289405536514643,1.5612377877242019e-16,0.15745613602509656,690
2022,Steamer,batting,Standard,BABIP,0.10543884114502296,0.06070244946313828,0.01357123665841426,0.01890074780252371,0.10527535120996206,0.06059250487802052,0.01223637261667709,0.021940908258956004,0.04036376913513806,0.028588961726768863,5.745355058825063e-17,0.174578728396536,690
2022,ZiPS,batting,Standard,BABIP,0.1057970824471552,0.06120468066497036,0.016879663235890144,0.012222613799312443,0.10492407281805563,0.06049410587479234,0.010047956675640417,0.02845711199090073,0.04042330418223531,0.0289580401367634,1.1490710117650127e-16,0.17214200178427475,690
2022,Davenport,batting,Standard,BB/PA,0.042900548551359025,0.029112902390144583,0.007932318009453406,0.07885004613334567,0.042190640133963495,0.028048140028892228,0.0015857862116934632,0.10908376429015143,0.02230486729800755,0.017118373647314642,-5.464332257034707e-19,0.4444248289481677,690
2022,Marcel,batting,Standard,BB/PA,0.04275795442066621,0.02969274606825927,0.00824876458358391,0.08496336113013248,0.04198793276710068,0.028455135963705483,0.001669116224289185,0.11762411558267272,0.02302651879849827,0.017518870513765796,1.4051140089517817e-18,0.4078931141259782,690
2022,Razzball,batting,Standard,BB/PA,0.04260598710181762,0.02909025259865896,0.0080689536645644,0.09145612045873308,0.04183819088740042,0.027887025205315306,0.0005216253935470337,0.1239065405172659,0.022551301132901335,0.016920674209590474,-3.590846911765665e-18,0.4320805408117925,690
2022,Steamer,batting,Standard,BB/PA,0.04274946806532105,0.028537010867806013,0.0069066712455383835,0.08532654760935665,0.042188605433909954,0.027446284230573735,-0.00025202437219014383,0.10916969347234273,0.022199591488100228,0.016453569858815957,5.620456035807127e-18,0.4496569243744911,690
2022,ZiPS,batting,Standard,BB/PA,0.042873439601765394,0.028347268114910826,0.00257257275836403,0.08001383162174558,0.04279622967279581,0.02811578028781919,-5.9845781297893204e-05,0.08332441772125287,0.023247399799774006,0.0173719648518255,1.2177654744248775e-17,0.3964791058864793,690
2022,Davenport,batting,Standard,HBP/PA,0.015475927264016786,0.008343118975583527,-0.0021054345506820913,0.0,0.0154040003209556,0.008435722120744263,-0.0014871973151092091,0.0,0.008952375867978847,0.006101211332979126,2.146701958120778e-18,0.012366577225578546,690
2022,Marcel,batting,Standard,HBP/PA,0.013548083659447542,0.008628824559780226,0.0007683848712203253,0.07080595662230771,0.013532209270897077,0.008544805154172408,0.00040066472053766096,0.07298216782466971,0.007438374296952731,0.005287524341359632,9.757736173276263e-19,0.3181713922525444,690
2022,Razzball,batting,Standard,HBP/PA,0.013421903680373274,0.008540094397764207,0.0008617229198925453,0.08803344125612067,0.013397408919212362,0.008389255827265631,0.0002926324213778262,0.09135905287711987,0.007379981099031366,0.005239778535187775,1.0928664514069415e-18,0.3288344418552883,690
2022,Steamer,batting,Standard,HBP/PA,0.013313446293817774,0.008442677495454595,0.0008651136408943553,0.10271241475285986,0.013290934139115978,0.008315263545890761,0.00038665188944311243,0.10574435676991134,0.007261640651234197,0.0051614323145690675,-1.2489902301793615e-18,0.3501865890312419,690
2022,ZiPS,batting,Standard,HBP/PA,0.013552632879336697,0.00829819802217862,0.00045856826159688317,0.07018183621895369,0.013551134843419887,0.008292235428985698,0.0004119252760082019,0.07038737916192517,0.007418789552849992,0.0052366498174803424,-3.122475575448404e-19,0.32175708421016214,690
2022,Davenport,batting,Standard,HR/BIP,0.03570774316022944,0.023778277118240373,0.010073503184020477,0.05854721478645242,0.03445281994525918,0.021782416437511363,0.0036646073434962456,0.12355778262526551,0.02038270842710101,0.01512380608787514,2.6541042391311432e-18,0.3748917778470958,690
2022,Davenport,batting,Fantasy,HR/BIP,0.01906258471597192,0.015099996781787908,0.006207149488200864,0.3919897475652524,0.01802630529134045,0.013837109377167962,0.00030700353723488096,0.4562981973076875,0.01793426049548442,0.013771948147246697,-3.225483205236946e-18,0.47064618465344976,277
2022,Marcel,batting,Standard,HR/BIP,0.037203716387477555,0.026367224875618926,0.01340211395877131,0.0,0.03490119294832204,0.022656055059299695,0.0036869248351479715,0.10059710027877733,0.020962512088158847,0.015614337268835038,6.557198708441648e-18,0.33882247957384204,690
2022,Marcel,batting,Fantasy,HR/BIP,0.021038832757464425,0.01717095306965952,0.009732202052638831,0.2593882265878277,0.01865635843468091,0.014219284695940495,0.00037813098275449054,0.41762719966353357,0.018427620913474427,0.013929936548671666,-2.6011961332556018e-18,0.44112119528834903,277
2022,Razzball,batting,Standard,HR/BIP,0.03710067462953811,0.025753559198486084,0.014434675194214238,0.0,0.03431032720486958,0.021456298541714488,0.003016345951780849,0.13079251089530175,0.019735092817377304,0.014629762590954738,1.561237787724202e-18,0.4139835949259961,690
2022,Razzball,batting,Fantasy,HR/BIP,0.02071068712709285,0.016757292805019516,0.011319157496453715,0.2823109091399275,0.017344018995304127,0.013203281214285056,7.589507668690618e-05,0.49667696112589566,0.01715440448281682,0.01307221509576278,9.364306079720167e-19,0.5156822426986818,277
2022,Steamer,batting,Standard,HR/BIP,0.03665976022647964,0.02550170343662273,0.014958702980452305,0.007677176569296784,0.03361574572811571,0.02088227463544045,0.0031373772249673054,0.1656289249940207,0.019482936234192248,0.014430022684153039,4.683713363172606e-19,0.4288630663005477,690
2022,Steamer,batting,Fantasy,HR/BIP,0.020901067476745375,0.01708044395671384,0.011567387277715039,0.269055733774053,0.0174086425264825,0.013224689916881648,0.00010325395893298957,0.49291922668955723,0.017278412406376793,0.013123095887509694,-3.277507127902058e-18,0.5086547389004046,277
2022,ZiPS,batting,Standard,HR/BIP,0.03612012234191462,0.02418933693910918,0.011349413181528673,0.03667647702583898,0.03438567125492809,0.021192196055693863,0.0025534935328222546,0.12697083245952567,0.020407608897889614,0.01505498980875919,2.8102280179035635e-18,0.3733635219878544,690
2022,ZiPS,batting,Fantasy,HR/BIP,0.020555742702639983,0.016459888456699302,0.00895322086234162,0.2930093423474319,0.018503498363294246,0.01409294321187258,3.2518197445066694e-05,0.42713139642621,0.018257723286175923,0.013899969000406678,1.404645911958025e-18,0.4513791083121893,277
2022,Davenport,batting,Standard,OBP,0.08249381417212513,0.05283475447208286,0.024235151695921043,0.002108480299093163,0.08037901224454136,0.0508239569281112,0.015585211274388267,0.052616331737308064,0.03673245035852914,0.027476774893919746,4.121667759591893e-17,0.20303310059402546,690
2022,Marcel,batting,Standard,OBP,0.08611541767340472,0.05466466057201381,0.033232462825470044,0.0,0.08170164771791634,0.05020934344072644,0.019070675504653915,0.02118144306602676,0.03541436674430915,0.026094448379404035,3.746970690538085e-17,0.259202608702633,690
2022,Razzball,batting,Standard,OBP,0.0862945322109859,0.05458178830264534,0.03309042190325181,0.0,0.08173873081154538,0.05004913434201442,0.018150753342619192,0.020292700704854116,0.03497825574187292,0.02556825475929141,-6.244951150896808e-18,0.2773354003783175,690
2022,Steamer,batting,Standard,OBP,0.08314752873249587,0.052981387392804065,0.02914440364974929,0.0,0.07929255521604822,0.04887852580296437,0.014939680132732055,0.07805419955667559,0.03478731778822277,0.02545084160080048,7.49394138107617e-18,0.2852035736629427,690
2022,ZiPS,batting,Standard,OBP,0.08204787419711886,0.05187931790559381,0.024257547254270477,0.012868000822748749,0.079536832201258,0.04929302370450633,0.013516013285654762,0.07236496320737484,0.03504545419131625,0.02585219100623579,-4.121667759591893e-17,0.27455604006438494,690
2022,Davenport,batting,Standard,PA,142.97161469569983,104.27101449275362,-6.665217391304348,0.5472156074371193,142.97161469569983,104.27101449275362,-6.665217391304348,0.5472156074371193,142.97161469569983,104.27101449275362,-6.665217391304348,0.5472156074371193,690
2022,Davenport,batting,Fantasy,PA,145.7340934468657,107.42238267148015,-46.505415162454874,0.0,145.7340934468657,107.42238267148015,-46.505415162454874,0.0,145.7340934468657,107.42238267148015,-46.505415162454874,0.0,277
2022,Marcel,batting,Standard,PA,169.67130200666722,133.47826086956522,14.457971014492754,0.36231149381988415,169.67130200666722,133.47826086956522,14.457971014492754,0.36231149381988415,169.67130200666722,133.47826086956522,14.457971014492754,0.36231149381988415,690
2022,Marcel,batting,Fantasy,PA,169.66190631627845,124.28880866425993,-93.29963898916968,0.0,169.66190631627845,124.28880866425993,-93.29963898916968,0.0,169.66190631627845,124.28880866425993,-93.29963898916968,0.0,277
2022,Razzball,batting,Standard,PA,153.45601739704546,109.64492753623189,-27.047826086956523,0.47837349588199174,153.45601739704546,109.64492753623189,-27.047826086956523,0.47837349588199174,153.45601739704546,109.64492753623189,-27.047826086956523,0.47837349588199174,690
2022,Razzball,batting,Fantasy,PA,175.43444783555088,129.12996389891697,-50.675090252707584,0.0,175.43444783555088,129.12996389891697,-50.675090252707584,0.0,175.43444783555088,129.12996389891697,-50.675090252707584,0.0,277
2022,Steamer,batting,Standard,PA,150.37423046983307,108.51440488912057,-1.960892545313075,0.49911429192163403,150.37423046983307,108.51440488912057,-1.960892545313075,0.49911429192163403,150.37423046983307,108.51440488912057,-1.960892545313075,0.49911429192163403,690
2022,Steamer,batting,Fantasy,PA,154.93983972005532,116.00371836583106,-28.932381048099227,0.0,154.93983972005532,116.00371836583106,-28.932381048099227,0.0,154.93983972005532,116.00371836583106,-28.932381048099227,0.0,277
2022,ZiPS,batting,Standard,PA,245.1863739505409,201.16376811594202,166.4623188405797,0.0,245.1863739505409,201.16376811594202,166.4623188405797,0.0,245.1863739505409,201.16376811594202,166.4623188405797,0.0,690
2022,ZiPS,batting,Fantasy,PA,104.43347251004064,82.1841155234657,-0.6389891696750902,0.1518971872548418,104.43347251004064,82.1841155234657,-0.6389891696750902,0.1518971872548418,104.43347251004064,82.1841155234657,-0.6389891696750902,0.1518971872548418,277
2022,Davenport,batting,Standard,R/PA,0.05221845271725319,0.03455207557391323,0.012791479767102374,0.0,0.0508132449992757,0.03303465737228691,0.004340624126159568,0.0030798927486701544,0.028130426023971943,0.021038014314600267,9.055179168800372e-18,0.0,690
2022,Davenport,batting,Fantasy,R/PA,0.02676156055059586,0.021113944290788982,0.00776974929114518,0.0,0.025610150907976602,0.02012980899698631,-0.0002602123620760482,0.0,0.02495517305342527,0.01952905881443888,-8.531923317078374e-18,0.0,277
2022,Marcel,batting,Standard,R/PA,0.05259565559079144,0.034533857948357796,0.01797532972949284,0.0,0.04981788261353259,0.0313088015247868,0.006215377700071898,0.04175397876634035,0.02420755400427774,0.017536291409201387,4.059218248082925e-18,0.16171092734668602,690
2022,Marcel,batting,Fantasy,R/PA,0.022742411276241745,0.017967300311817175,0.010765708789861286,0.0,0.020037743227206,0.015577806711432834,0.00044087269115804326,0.20547942905494399,0.0195791329439086,0.015204698478882324,-2.8717205311141846e-17,0.22192718783143062,277
2022,Razzball,batting,Standard,R/PA,0.05308914511040922,0.03541753832081585,0.019736397211883715,0.0,0.049509439738882645,0.03094288842199501,0.004717273535551605,0.05358303141559817,0.02409222175987326,0.01763100378255983,1.561237787724202e-17,0.1696796340857153,690
2022,Razzball,batting,Fantasy,R/PA,0.02527303275410516,0.019878670361000154,0.0148159986036167,0.0,0.02047708565087017,0.015943913937081496,0.0003141126953385635,0.17025656372229403,0.019917858113701104,0.015598637152845096,2.143385613802616e-17,0.1947725002553169,277
2022,Steamer,batting,Standard,R/PA,0.051863103273239605,0.03385626936022381,0.015306583937606241,0.0,0.04976266239124273,0.03130465561697293,0.004564274200031443,0.04387712126750454,0.024541741011790463,0.018075655172191403,5.3082084782622865e-18,0.1384058854909772,690
2022,Steamer,batting,Fantasy,R/PA,0.022932352531427874,0.01777063808925895,0.010152454465924958,0.0,0.02056605849626878,0.016111929272223418,0.0003772282186455968,0.1630304359821575,0.020076963519557234,0.01582040045549958,-1.0404784533022407e-17,0.18185667889367418,277
2022,ZiPS,batting,Standard,R/PA,0.05249592026439654,0.03388897102130674,0.015179781765135987,0.0,0.05050693375982184,0.03169046532207145,0.005055144691332489,0.015062887654946566,0.02432293644245254,0.01787992702690298,1.9047101010235266e-17,0.1537006716689756,690
2022,ZiPS,batting,Fantasy,R/PA,0.02242153474432005,0.017767514340207298,0.009323885790191217,0.005194437481121805,0.020391132780896878,0.016128467623528583,8.900576355321765e-05,0.17720766506372543,0.019923451599075256,0.015772150144384853,1.1653358676985096e-17,0.1943201764517416,277
2022,Davenport,batting,Standard,RBI/PA,0.08617402912642573,0.042888371555064676,0.014509759112605491,0.0,0.08514058544054527,0.040959817193460694,0.005786976998620118,0.0,0.03290371006981541,0.02517208439947115,9.991921841434892e-18,0.0,690
2022,Davenport,batting,Fantasy,RBI/PA,0.03009651162810079,0.02370410836022508,0.007557865018247585,0.0,0.029133147258617233,0.023184157182976953,-0.0002481544799539759,0.0,0.029109245122880986,0.02315650853924755,9.988593151701511e-18,0.0,277
2022,Marcel,batting,Standard,RBI/PA,0.08398364271451486,0.04145812380298335,0.01903987635783832,0.0,0.08219811937282108,0.03803560299644615,0.008111441089660283,0.021555195845820774,0.02838317222854771,0.021189583618806556,7.49394138107617e-18,0.20201937850242235,690
2022,Marcel,batting,Fantasy,RBI/PA,0.025358789326194214,0.020395914410861356,0.009522775307538124,0.11577913426705189,0.023519765483412492,0.018595244196363114,0.0008913034625076039,0.23937656534502172,0.023450514310886746,0.018531300907156472,1.664765525283585e-18,0.25632317051065523,277
2022,Razzball,batting,Standard,RBI/PA,0.08399689003545426,0.04104618676763662,0.020757820030476746,0.0,0.08166088239633613,0.03654408448130855,0.00662640706097269,0.03430339295319296,0.027065967120084196,0.019994871771978992,-2.497980460358723e-18,0.2743660734641332,690
2022,Razzball,batting,Fantasy,RBI/PA,0.02555385342639566,0.019690857384139147,0.012777845526193595,0.10212366223058822,0.02213159682216656,0.017155382651926884,0.0002854632244010924,0.3265129838398414,0.022105310145598616,0.01726717944980654,-1.3734315583589577e-17,0.3391958957523592,277
2022,Steamer,batting,Standard,RBI/PA,0.08460966921126861,0.041683068762106514,0.022111426540004135,0.0,0.08193281094082831,0.03621334235712786,0.0065654069378233235,0.02786119709843049,0.026466345629879443,0.019523707928792513,9.367426726345213e-18,0.30616142828370807,690
2022,Steamer,batting,Fantasy,RBI/PA,0.025257623507891465,0.01994412266946948,0.013843483535389433,0.12282004584091255,0.021132765374693774,0.016703449748044906,0.0005369017694725639,0.3859321072831028,0.021075479489305413,0.01665310632378209,-4.120294675076873e-17,0.3993320847712334,277
2022,ZiPS,batting,Standard,RBI/PA,0.0848179480344937,0.04080317169797828,0.015700375150795517,0.0,0.08343972282058114,0.0375924510964475,0.003821624715883129,0.0,0.0298224056393167,0.0222452688883915,6.869446265986489e-18,0.11904073756785838,690
2022,ZiPS,batting,Fantasy,RBI/PA,0.027729095618722437,0.02149886787178802,0.011439391563358514,0.0,0.025260881642923956,0.019756920246300894,0.00026282481884092973,0.12259372565120052,0.02534470653587509,0.020010361783591474,-1.6647655252835852e-17,0.13133156570582405,277
2022,Davenport,batting,Standard,SB/TOF,0.17305867694348426,0.05035614741373542,-0.013016577385152371,0.17461337341477434,0.17266749104427528,0.05233687978497278,-0.00584705780023655,0.17834060273472718,0.06243472268499097,0.0328213992817873,1.561237787724202e-18,0.404020543276539,690
2022,Davenport,batting,Fantasy,SB/TOF,0.041403447801278546,0.028149075606590756,-0.004286918946180866,0.5659543109417879,0.04120098984306515,0.028951785522864176,0.0012859814408789543,0.5701887965706494,0.040720738396102546,0.02870336380678063,3.121435359906722e-18,0.5732513258928331,277
2022,Marcel,batting,Standard,SB/TOF,0.17845684636635162,0.05636534674966952,-0.011896725761243886,0.12231819016553658,0.17817915012979357,0.0579981332514099,-0.00651886568278275,0.12504758169589902,0.06647151117295967,0.036507867231690506,-1.2802149859338456e-17,0.3244616321288297,690
2022,Marcel,batting,Fantasy,SB/TOF,0.045498296472437444,0.03132554662841,-0.0037541628810331784,0.47585348296907226,0.04534576540514879,0.032266543952872005,0.00048702897480864643,0.4793619490740332,0.04453759920362288,0.031624084966322054,5.514535802501876e-18,0.48950146888490365,277
2022,Razzball,batting,Standard,SB/TOF,0.1860725369177105,0.058299221146257,-0.008358489394125392,0.04580919477336842,0.18597395982106532,0.059107472599373566,-0.005760996570575671,0.04681994515032517,0.06660835669329591,0.03497983776140774,-5.464332257034707e-18,0.3216772947217398,690
2022,Razzball,batting,Fantasy,SB/TOF,0.041786217782097165,0.029479540206424168,-0.0010679883117748227,0.557891811816801,0.041786221211483995,0.029980406899793574,0.0010681224818855403,0.5578917392493308,0.041255767598180317,0.02963880900793892,5.6185836478321e-18,0.5619635655040076,277
2022,Steamer,batting,Standard,SB/TOF,0.17364506799095863,0.05336505787498258,-0.008411523973673469,0.16901042616707163,0.17349586855301874,0.054631845928414025,-0.004354365963190759,0.17043781957740023,0.062360847065485676,0.03304389633425163,-2.0296091240414627e-18,0.40543008916721957,690
2022,Steamer,batting,Fantasy,SB/TOF,0.040591082007432486,0.02823735720097517,-0.002279330535636711,0.5828198000231005,0.04054278578555363,0.02897331718177668,0.001129994871610426,0.5838119510123709,0.04007719644888537,0.02873849932372524,2.4451243652602657e-18,0.5866332330424321,277
2022,ZiPS,batting,Standard,SB/TOF,0.1661901965276634,0.05218986242947419,-0.0020107873957468745,0.2388303342476359,0.16620403109313664,0.05204033349880554,-0.0029396931227347544,0.23870360126214263,0.060302367173503395,0.031184529125514428,-6.244951150896808e-19,0.44403476282268695,690
2022,ZiPS,batting,Fantasy,SB/TOF,0.03943832437494599,0.02741121603339417,0.0024126809769152747,0.6061785734184046,0.03937531117066344,0.027281387801488234,0.0009245159703775809,0.6074360368304246,0.03863131256581956,0.02712450553821524,2.3410765199300416e-18,0.615921656412135,277
2022,Davenport,batting,Standard,SLG,0.14396827495208764,0.09196563843260792,0.04750601161429926,0.007023954090057072,0.13934730221419173,0.08669023680078647,0.030783560242300046,0.06974438448286102,0.0676527337584191,0.04960632402204283,-3.746970690538085e-17,0.24972104429678244,690
2022,Marcel,batting,Standard,SLG,0.15440390048104824,0.10299840719584348,0.07117478739966106,0.0,0.14155400157244796,0.08919689030179981,0.03553619617795497,0.040048101451604645,0.06766499405450314,0.05071595593392483,2.497980460358723e-18,0.24944908261427123,690
2022,Razzball,batting,Standard,SLG,0.15454600022685583,0.10339550819759885,0.0738164805551505,0.0,0.13977097007236805,0.08624122426512208,0.033171232874290246,0.06407913609949756,0.06433033190799137,0.046759206759734676,4.995960920717446e-18,0.32160342229837746,690
2022,Steamer,batting,Standard,SLG,0.15067558892752617,0.10067468411002294,0.07033155962589951,0.0,0.13649740212231393,0.08395329117937857,0.02957931653867748,0.10740604429850709,0.06412880614117988,0.04725631796644486,-4.4963648286457016e-17,0.32584715137205533,690
2022,ZiPS,batting,Standard,SLG,0.1469182190628609,0.09551506605091935,0.05877008416905846,0.0,0.13708979000184485,0.08381569398729394,0.025740439455948536,0.09964165868166319,0.06520398774173615,0.04827903368506706,2.497980460358723e-18,0.3030519964931455,690
2022,Davenport,batting,Standard,SO/PA,0.10070028427399402,0.0578269583538729,-0.018753558315729387,0.2756173679639744,0.10128792052090581,0.058140193549662975,-0.021688511707528245,0.2671384346109871,0.04081129582263195,0.031181319039198876,1.62368729923317e-17,0.6212632506516649,690
2022,Marcel,batting,Standard,SO/PA,0.11384664706579589,0.06701193811008208,-0.029545947093023432,0.0741361552648564,0.11381710005980018,0.06699606943552922,-0.029431890994674706,0.07461667806132743,0.048365024522356866,0.03555702822885634,0.0,0.4680883493542122,690
2022,Razzball,batting,Standard,SO/PA,0.11393156648898561,0.06539333869302583,-0.03183662687236571,0.07275441677985328,0.11275568640364414,0.06456783276832066,-0.027331552907455307,0.09179572445956108,0.04554225178114717,0.03296804405039176,1.62368729923317e-17,0.5283653782765952,690
2022,Steamer,batting,Standard,SO/PA,0.10096516511948263,0.05689183295772936,-0.024791781455379493,0.2718015408607981,0.10004904303388265,0.056245807340378776,-0.02074798477256556,0.28495641642956504,0.04011632803331551,0.030159977793411227,-9.991921841434892e-18,0.6340522964792732,690
2022,ZiPS,batting,Standard,SO/PA,0.09961500846486274,0.0563294980402166,-0.02163600950965516,0.29114698923985605,0.09934503148318478,0.05614962644393763,-0.020356872953432466,0.2949840549184253,0.04047803403392459,0.030421578643221227,2.497980460358723e-18,0.6274234638452436,690
2022,Davenport,batting,Standard,wOBA,0.0895146060792239,0.05689405610802977,0.03024808491843485,0.0,0.08621813878202404,0.053316328021849754,0.018320736741478952,0.0665810305330824,0.03948277262644266,0.02930810160670488,9.991921841434892e-18,0.23144576962138186,690
2022,Marcel,batting,Standard,wOBA,0.09486509423847356,0.061376249565898,0.04212923776751084,0.0,0.08788512806703702,0.05390223990871579,0.022344625871929338,0.030137615716709365,0.03850968743567246,0.02880146213814673,7.244143335040298e-17,0.26886223116543706,690
2022,Razzball,batting,Standard,wOBA,0.09476555429608804,0.06106154282226034,0.04218873457820841,0.0,0.08749925749499285,0.05303976070866831,0.02134242503655023,0.038635521668850537,0.03717527947054144,0.027202139255341266,1.3239296439901234e-16,0.31865399174781306,690
2022,Steamer,batting,Standard,wOBA,0.0914157801385369,0.059038662359034294,0.03874625871286764,0.0,0.08478598526268795,0.05170162157158955,0.01825078088389349,0.09733318126395318,0.037216857712099205,0.02753761060179902,8.742931611255531e-17,0.31712905305052064,690
2022,ZiPS,batting,Standard,wOBA,0.08968812406995115,0.056856864633859236,0.03306809461389925,0.0,0.0848902188432214,0.051485973964992146,0.01599651641629712,0.09511238901897268,0.03748941074400834,0.027786983264597862,8.493133565219658e-17,0.3070905884137559,690
2022,Davenport,pitching,Standard,1B/(BIP-HR),0.22791131064792136,0.21598731192278348,-0.21480982185266803,0.0,0.07616568764992836,0.048512092163352206,0.0009518499399155319,0.0,0.040852625024147535,0.028688243034952737,-4.7174788672984303e-17,0.0,806
2022,Marcel,pitching,Standard,1B/(BIP-HR),0.07070234117560342,0.046431804279570915,-0.0019002502471341894,0.0,0.0706872831243679,0.046454881088441376,-0.0012173326557895717,0.0,0.038038810919261826,0.028121699431408635,-4.088481684991973e-17,0.0,806
2022,Razzball,pitching,Standard,1B/(BIP-HR),0.17876932018382335,0.15050970473420885,-0.12793839988399194,0.0,0.133047562238096,0.1039189096906165,0.04595017022155526,0.0,0.09253102237576148,0.07030139938248402,-4.2771808396839105e-17,0.0,806
2022,Steamer,pitching,Standard,1B/(BIP-HR),0.10285255557167365,0.08816695297292812,0.07605252160998721,0.0,0.06927528356923257,0.04518004125052177,-0.002098277677272917,0.03141448293953297,0.03706735593793689,0.027098402652358734,-7.610865905908135e-17,0.04825147194977153,806
2022,ZiPS,pitching,Standard,1B/(BIP-HR),0.10204005595497476,0.08619156402853874,0.0717865572169505,0.0,0.07260047654632765,0.04771156675145552,-0.0034591866850459795,0.0,0.03931286077960658,0.02854218181029295,-1.8240918286887264e-17,0.0,806
2022,Davenport,pitching,Standard,2B/(BIP-HR),0.08629556503062184,0.06975259581771312,-0.06911524545861941,0.0,0.05175160062411058,0.031123951559626526,-0.0028671899149462546,0.0,0.023950268773907935,0.016958095493322087,1.2579943646129148e-18,0.0,806
2022,Marcel,pitching,Standard,2B/(BIP-HR),0.050831361821641774,0.03048024318092491,-0.0019269377525694686,0.00654269646718153,0.050911056251405365,0.030340685036565035,-0.003438225282522758,0.0034251298712845157,0.023547101826098954,0.016418193729472428,2.5159887292258296e-18,0.0024735541128475536,806
2022,Razzball,pitching,Standard,2B/(BIP-HR),0.07328359012437254,0.05722904955477392,-0.04244200576815581,0.0,0.06073751804100353,0.042111043925525476,0.010949217775182379,0.0,0.0349742748968277,0.02547985692237679,-1.5724929557661435e-19,0.0,806
2022,Steamer,pitching,Standard,2B/(BIP-HR),0.08616612112927458,0.06962079612553745,-0.06944556421639606,0.0,0.051104818387580186,0.030593166657130324,-0.003128645281319615,0.0,0.0236049302053924,0.016772379076246294,1.8869915469193724e-18,0.0,806
2022,ZiPS,pitching,Standard,2B/(BIP-HR),0.0842313874790747,0.06808433769746705,-0.0660597969491855,0.0,0.0522675067517377,0.03224317213552277,-0.000928654058593314,0.0,0.02518372327751834,0.01758219044318675,1.8869915469193724e-18,0.0,806
2022,Davenport,pitching,Standard,3B/(BIP-HR),0.011442017228109945,0.0055912283704997075,-0.005443881455082813,0.0,0.010064240390898694,0.006442013945201263,-7.086391484040436e-05,0.0,0.0062270434196978934,0.004507023890210372,-9.041834495655325e-19,0.0,806
2022,Marcel,pitching,Standard,3B/(BIP-HR),0.010488751632848218,0.006518048547107652,-7.99547846622157e-05,0.0,0.010498017762278097,0.006493670709008225,-0.0004481728339833357,0.0,0.006850749867745426,0.0048460601312486735,-6.289971823064574e-19,0.0,806
2022,Razzball,pitching,Standard,3B/(BIP-HR),0.010889286571071133,0.00642506257339986,-0.003280560833280232,0.0,0.010436300704576677,0.007264698876585573,0.0010497093646766415,0.0,0.006539698779927884,0.004789743963420742,-7.960745588566101e-19,0.0,806
2022,Steamer,pitching,Standard,3B/(BIP-HR),0.011404522229031853,0.005564438022242091,-0.0054706718033404305,0.0,0.010007165133908327,0.0064132802023740484,-9.206912996688379e-05,0.0,0.006220147262672384,0.004508433483622822,-6.68309506200611e-19,0.0,806
2022,ZiPS,pitching,Standard,3B/(BIP-HR),0.011362201540004096,0.005705691856794709,-0.005196070733699856,0.0,0.010104846898288982,0.006570935823876237,8.636012853860018e-05,0.0,0.0062651552062249535,0.004545501036886376,-9.041834495655325e-19,0.0,806
2022,Davenport,pitching,Standard,BABIP,0.07659962037939677,0.052100277542903806,-0.013483790648822982,0.0,0.07540431102120289,0.051584983768260054,0.0003476903448293559,0.0,0.04335238160594807,0.031959580997459026,1.509593237535498e-17,0.0,806
2022,Marcel,pitching,Standard,BABIP,0.07514078290957152,0.050853813893378626,-0.003907142784365864,0.0,0.07521249603172342,0.05083939378792183,-0.005103730772295629,0.0,0.042287483060665106,0.03087566900950816,-6.289971823064574e-18,0.004666186939171646,806
2022,Razzball,pitching,Standard,BABIP,0.07494625621886028,0.05076092871023472,-0.0011002587804309692,0.0,0.07524789176109058,0.05047402156238259,-0.006820151218973393,0.0,0.041990459529739156,0.030576086995364155,-5.786774077219408e-17,0.0185993546885036,806
2022,Steamer,pitching,Standard,BABIP,0.07418395464027233,0.050026499673637655,0.001136285590250728,0.015735120708012418,0.07436571560850826,0.04958850002215167,-0.0053189920885593715,0.010906041310116077,0.04113936954120177,0.029593897209922903,-3.019186475070996e-17,0.05797951264090395,806
2022,ZiPS,pitching,Standard,BABIP,0.07459174072538252,0.050535388932360474,0.000530689534065152,0.004884454158959328,0.07471377977684712,0.05027343052148369,-0.004301480615100722,0.0016255865648262535,0.041713907180829,0.030103828561730165,-4.528779712606493e-17,0.031483943127440295,806
2022,Davenport,pitching,Standard,BB/BF,0.05080210898889818,0.0312132974061708,-0.007358848363981445,0.09810163254353566,0.051488730790322,0.03135494109815375,-0.011152926518292682,0.07355745690961057,0.025640504471236027,0.018576896379414922,8.805960552290404e-18,0.24685960103272997,806
2022,Marcel,pitching,Standard,BB/BF,0.05192765770041665,0.03183270673222751,-0.00848387434807114,0.05769480872959076,0.052461214302155626,0.03201740592300355,-0.01129926970024683,0.03823095556428302,0.026025260761675256,0.018601121650093665,4.402980276145202e-18,0.22408706447001014,806
2022,Razzball,pitching,Standard,BB/BF,0.053020494638944864,0.03240019605254333,-0.008960644104971941,0.017615125531704412,0.053496877318644435,0.03249880385069077,-0.0114471032957548,0.0,0.02593528431025908,0.01838800753966199,1.2579943646129149e-17,0.22944287706419153,806
2022,Steamer,pitching,Standard,BB/BF,0.048818357269923375,0.029887297762504626,-0.0031717855492576614,0.16716217784218979,0.049318460123932054,0.02966581156725088,-0.007690170741438364,0.15001133688623025,0.0240156822471497,0.016898367198273142,1.0692952099209776e-17,0.3392872761224641,806
2022,ZiPS,pitching,Standard,BB/BF,0.04905543246232065,0.03034009539232417,-0.0024766673343916573,0.15905356371832702,0.04951588506941806,0.03017448810024102,-0.007177834020633116,0.14319259842362608,0.024191819360657427,0.01675879780280044,9.43495773459686e-18,0.3295600656665092,806
2022,Davenport,pitching,Standard,BF,143.51226661848523,103.29007444168735,-4.012655086848638,0.5115065592481093,143.51226661848523,103.29007444168735,-4.012655086848638,0.5115065592481093,143.51226661848523,103.29007444168735,-4.012655086848638,0.5115065592481093,806
2022,Davenport,pitching,Fantasy,BF,156.46187193185773,115.86565096952909,-47.12714681440443,0.2956437609864181,156.46187193185773,115.86565096952909,-47.12714681440443,0.2956437609864181,156.46187193185773,115.86565096952909,-47.12714681440443,0.2956437609864181,361
2022,Marcel,pitching,Standard,BF,158.22461027060663,119.98511166253101,6.558312655086849,0.40621563432827934,158.22461027060663,119.98511166253101,6.558312655086849,0.40621563432827934,158.22461027060663,119.98511166253101,6.558312655086849,0.40621563432827934,806
2022,Marcel,pitching,Fantasy,BF,168.63454396499714,127.37673130193906,-77.89196675900277,0.1817831723767953,168.63454396499714,127.37673130193906,-77.89196675900277,0.1817831723767953,168.63454396499714,127.37673130193906,-77.89196675900277,0.1817831723767953,361
2022,Razzball,pitching,Standard,BF,157.29896248232183,109.848635235732,-26.00223325062035,0.4131428429617665,157.29896248232183,109.848635235732,-26.00223325062035,0.4131428429617665,157.29896248232183,109.848635235732,-26.00223325062035,0.4131428429617665,806
2022,Razzball,pitching,Fantasy,BF,184.34795046895766,132.5908587257618,-61.08337950138504,0.022195685510459473,184.34795046895766,132.5908587257618,-61.08337950138504,0.022195685510459473,184.34795046895766,132.5908587257618,-61.08337950138504,0.022195685510459473,361
2022,Steamer,pitching,Standard,BF,149.5860638669656,104.10037630130871,19.91811291514792,0.46928305008366145,149.5860638669656,104.10037630130871,19.91811291514792,0.46928305008366145,149.5860638669656,104.10037630130871,19.91811291514792,0.46928305008366145,806
2022,Steamer,pitching,Fantasy,BF,158.47783509775726,113.4332447104837,-9.524717304515047,0.2773759994435283,158.47783509775726,113.4332447104837,-9.524717304515047,0.2773759994435283,158.47783509775726,113.4332447104837,-9.524717304515047,0.2773759994435283,361
2022,ZiPS,pitching,Standard,BF,202.75845253513276,159.8684863523573,105.6650124069479,0.024923644957004054,202.75845253513276,159.8684863523573,105.6650124069479,0.024923644957004054,202.75845253513276,159.8684863523573,105.6650124069479,0.024923644957004054,806
2022,ZiPS,pitching,Fantasy,BF,139.02662213421522,105.39889196675901,1.2825484764542936,0.4438764785628514,139.02662213421522,105.39889196675901,1.2825484764542936,0.4438764785628514,139.02662213421522,105.39889196675901,1.2825484764542936,0.4438764785628514,361
2022,Davenport,pitching,Standard,ER/BF,0.061063578209215416,0.04055214760273956,-0.0026448079099812317,0.01660140101674812,0.06174999575972325,0.04039210880166889,-0.009554915043765213,0.0,0.03222807485304518,0.02320359556780403,1.1321949281516233e-17,0.07730782464737596,806
2022,Marcel,pitching,Standard,ER/BF,0.061592029278227524,0.04112871162857245,-0.0048355745026114165,0.0,0.062267167115409285,0.04102478723948608,-0.010344312966001027,0.0,0.033493992509817855,0.02419665707688792,2.390189292764538e-17,0.003397555472832603,806
2022,Razzball,pitching,Standard,ER/BF,0.062335898451778775,0.041114566030407015,-0.006652142576225218,0.0,0.06336208348307398,0.04107987349838517,-0.01316208146077163,0.0,0.03310229488270557,0.023424122567691934,1.0063954916903318e-17,0.026570918744706518,806
2022,Steamer,pitching,Standard,ER/BF,0.06087654147034291,0.04081131881732605,-0.00029332922391335053,0.02261644247063388,0.061659810649985956,0.04002313492889544,-0.009801274918873691,0.0,0.03206836836622724,0.022615148899556053,7.54796618767749e-18,0.08642998318495632,806
2022,ZiPS,pitching,Standard,ER/BF,0.060733816667285244,0.04048811432442841,-0.001428861010391933,0.02719401364885421,0.061314002657179976,0.04011297585827159,-0.00853534291380698,0.008518938947629229,0.032729659844999474,0.023231497186975664,2.5159887292258296e-18,0.04836349372242943,806
2022,Davenport,pitching,Standard,ERA,3.7621829934222175,1.9978763978839462,-0.4136190720617207,0.000920263809460975,3.799403981779259,1.9900090664428733,-0.6727038557477785,0.0,1.5742580091155978,1.0399498113961774,2.4153491800567966e-16,0.07436308707570183,806
2022,Davenport,pitching,Fantasy,ERA,1.2319499024951157,0.9872982707115071,0.4628247737037989,0.0,1.1419136659500655,0.9172597415152992,0.02174923860197545,0.09289692374760439,1.0527801588061452,0.8439111440626317,8.090240300420777e-16,0.11728508965318307,361
2022,Marcel,pitching,Standard,ERA,3.7850956473365533,2.024359002535561,-0.5463043058346364,0.0,3.8139051444235204,2.0189136794468374,-0.7192856079107489,0.0,1.6249382238470989,1.08583160747313,1.610232786704531e-16,0.013805554931562991,806
2022,Marcel,pitching,Fantasy,ERA,1.2871663044394066,1.0304897406960103,0.34944008591092984,0.0,1.238826261648414,0.9757646930937477,-0.001336004125492191,0.0,1.133216919591086,0.8928184703651076,-3.033840112657791e-16,0.0,361
2022,Razzball,pitching,Standard,ERA,3.829727159626007,2.0300238168473044,-0.5886264239835644,0.0,3.876259572770731,2.0235697589605026,-0.8396780486182328,0.0,1.618286652924787,1.0564321618992079,6.440931146818124e-16,0.021862866003999337,806
2022,Razzball,pitching,Fantasy,ERA,1.2395822174027016,1.0014881229575643,0.4171905371099648,0.0,1.1683910095040135,0.8990006374506921,-0.05119982073123167,0.05034357266694034,1.072443667047906,0.8285678008607401,-1.5169200563288956e-16,0.0840029866495201,361
2022,Steamer,pitching,Standard,ERA,3.747338434061978,2.0131484991668818,-0.3007346107982551,0.00878890768607099,3.797541266216702,1.9767138309935774,-0.6849931644568789,0.0,1.5715419248735767,1.018486513629174,4.830698360113593e-16,0.07755435433921964,806
2022,Steamer,pitching,Fantasy,ERA,1.248874744846349,1.0169548306738578,0.5562120544100548,0.0,1.1182922583635087,0.8643372553581702,-0.01616466120203733,0.1300370932297794,1.0359956437990536,0.7973895291655881,8.090240300420777e-16,0.14520703702229498,361
2022,ZiPS,pitching,Standard,ERA,3.738218740953209,2.0044831812178314,-0.3387102643573765,0.013607549827915455,3.7745359487296177,1.9821839939488177,-0.6225487259800981,0.0,1.594311005718328,1.0420058839831456,-1.610232786704531e-16,0.0506312535319442,806
2022,ZiPS,pitching,Fantasy,ERA,1.3149265432948685,1.0310032093987613,0.4763596918262217,0.0,1.2260216841909364,0.9439010489633066,0.03187337198605485,0.0,1.1206175730262395,0.8564992700150992,5.0564001877629855e-17,0.0,361
2022,Davenport,pitching,Standard,HBP/BF,0.022968031330760297,0.013377284238006335,-0.013182005387042249,0.0,0.01891384658760851,0.01103298275771399,-0.0019920832193495697,0.0,0.009649634990377763,0.0067280847590738616,4.717478867298431e-19,0.0,806
2022,Marcel,pitching,Standard,HBP/BF,0.01856502398558317,0.010680631752844779,-0.0018834560908768923,0.014760815294924345,0.0185595315174666,0.010690991082906588,-0.0018285243801544036,0.015343695697553672,0.00921810756386413,0.006277441056251587,-4.717478867298431e-19,0.08225571426142653,806
2022,Razzball,pitching,Standard,HBP/BF,0.018704472527924208,0.01063957849666892,-0.002560759230450329,0.0,0.018616309128293013,0.01075624565671158,-0.0018075289343827846,0.009309928378628318,0.00926797711993162,0.006346696841230662,-7.076218300947645e-19,0.07229894170792739,806
2022,Steamer,pitching,Standard,HBP/BF,0.01859192941961109,0.010548370913093744,-0.0027374479245021307,0.011903022433828014,0.018484691530442205,0.010667293236791503,-0.0018755272781707248,0.023268797338916958,0.009167741412407919,0.006303598558803312,-7.862464778830717e-20,0.09225710976340618,806
2022,ZiPS,pitching,Standard,HBP/BF,0.018502396504103628,0.010674671557281896,-0.0016966280907445188,0.02139683945810089,0.018491074711150902,0.01069588151876425,-0.0015683476835834733,0.022594106258133295,0.009278050586037324,0.006300483772261686,1.5724929557661436e-18,0.07028118880947831,806
2022,Marcel,pitching,Standard,HLD/G,0.10625548361310302,0.08519471561635236,0.0232406188490377,0.1335157065028887,0.10392309934814402,0.07365225408724733,-0.007064640454832174,0.17113811137400758,0.08563887936504426,0.06240801042425557,1.2579943646129148e-18,0.27699302887642563,806
2022,Razzball,pitching,Standard,HLD/G,0.10616541634162134,0.07158460416290599,0.009661480458873961,0.1349840316643911,0.10584044784266884,0.07167897322799353,0.004944590701373185,0.14027149207297274,0.0840763557313699,0.051644140378094325,-5.660974640758116e-18,0.30313557954171944,806
2022,Steamer,pitching,Standard,HLD/G,0.10523421030153203,0.06147217104053491,-0.02029902069216423,0.15009206694935495,0.10344575420769798,0.06652056960133272,-0.006231796440297756,0.17873496961631996,0.07793658704232476,0.052047289939119584,3.773983093838745e-18,0.40119791984513353,806
2022,ZiPS,pitching,Standard,HLD/G,0.1126728913688736,0.06673000431387356,-0.014632871401599905,0.025690653945332542,0.11196671578066343,0.06930156068265408,-0.007448887080741424,0.03786531898997614,0.09090290173861841,0.05415308648135256,8.805960552290404e-18,0.18537820233215618,806
2022,Davenport,pitching,Standard,HR/BIP,0.0395290210043167,0.02484341763953855,0.0018034135871633917,0.0,0.039640235339982476,0.024165537623558633,-0.0034723272910038914,0.0,0.019440903382457977,0.013588145610552074,-9.43495773459686e-18,0.03804114903890954,806
2022,Marcel,pitching,Standard,HR/BIP,0.03979532868434719,0.025700263696511624,0.0038402174016603143,0.0,0.03976214436749849,0.024500427806839562,-0.0034795415356883306,0.0,0.02016186635346868,0.014225855341064306,-6.289971823064574e-19,0.0,806
2022,Razzball,pitching,Standard,HR/BIP,0.040292380950676575,0.025683519206691978,0.0023765084220393486,0.0,0.040618036851595124,0.024466780543621756,-0.0056565667399155325,0.0,0.019909739034457228,0.013761103167644787,-3.773983093838745e-18,0.0,806
2022,Steamer,pitching,Standard,HR/BIP,0.03957696816070801,0.02585752040112332,0.006125298155416105,0.0,0.03926192979078794,0.023731971856993588,-0.003561179523108923,0.0028800075755573973,0.019069129731297436,0.01323293518016079,-1.2579943646129148e-18,0.07448095953620115,806
2022,ZiPS,pitching,Standard,HR/BIP,0.03985573504869351,0.02574666692148238,0.005199433936140636,0.0,0.03964717190229967,0.024304439007060127,-0.003233069259254259,0.0,0.020290081089901792,0.014248839063008502,-1.2579943646129148e-18,0.0,806
2022,Davenport,pitching,Standard,L/G,0.17484099923861257,0.09974535735553948,-0.014255199925241876,0.10499588572811547,0.17441160641612405,0.10136240408092619,-0.007296859790694913,0.10938657706613286,0.12564469151421384,0.0848863336556087,1.0063954916903318e-17,0.36426645550147574,806
2022,Marcel,pitching,Standard,L/G,0.1730247414300258,0.11887881350507225,-0.010328721048447067,0.12349400716135484,0.1788483637004302,0.13840117119925185,0.04643122365273946,0.06349863610847006,0.13712883358896844,0.10838305197282276,1.509593237535498e-17,0.24274107132765532,806
2022,Razzball,pitching,Standard,L/G,0.17355660481240068,0.12443935435413582,0.032287101586860815,0.11809711491029184,0.17309476740610436,0.12375821925398603,0.02970455113691871,0.1227843906341003,0.1249966085870449,0.0897875697167612,2.7675876021484126e-17,0.3708078456742496,806
2022,Steamer,pitching,Standard,L/G,0.15954760801152565,0.09667313986021628,-0.0023749852705518396,0.25472068619431476,0.15954133224564757,0.09735706485287458,0.0019073614109543378,0.2547793157978204,0.1212868813856072,0.0847034905866144,-1.509593237535498e-17,0.4076007535031194,806
2022,ZiPS,pitching,Standard,L/G,0.16155725486723305,0.10893006208666627,0.015705160788818468,0.2358275044385867,0.1630845071341378,0.1122535233253239,0.02724815484305672,0.221311281238036,0.1205826700472704,0.08722542913059657,1.0063954916903318e-17,0.41445991536250737,806
2022,Davenport,pitching,Standard,R/BF,0.0937054396618109,0.061303933513468085,-0.03671577942148131,0.0,0.09144562399129205,0.06068395198276817,-0.03049001776762946,0.0,0.05149202085723241,0.034671225517136466,1.0063954916903318e-17,0.0,806
2022,Marcel,pitching,Standard,R/BF,0.06370388007160638,0.04253299897040653,-0.005979095684644345,0.0,0.06436829730753313,0.042601416513846725,-0.010992858922932764,0.0,0.03450654313612483,0.024916241558430516,1.2579943646129148e-18,0.0,806
2022,Razzball,pitching,Standard,R/BF,0.06442175135456371,0.042425945126369276,-0.008766825287369396,0.0,0.06531823955399636,0.04254536974422433,-0.013898474609225397,0.0,0.03398634432141712,0.024213037776435648,0.0,0.026087765837427224,806
2022,Steamer,pitching,Standard,R/BF,0.06283485689406598,0.041635959927148185,-0.0030782545195819785,0.02211167695134897,0.06369026085992747,0.04139568859249585,-0.01084922754831816,0.0,0.032973490270728885,0.02337870765561741,1.0063954916903318e-17,0.08327145325759311,806
2022,ZiPS,pitching,Standard,R/BF,0.06296383559760427,0.04165376262448368,-0.004344782310926999,0.018093008901626795,0.06349597464494787,0.04160743771859617,-0.009282851732041736,0.0014256935226460987,0.03380061781465141,0.024150835241044177,3.773983093838745e-18,0.03670303418360488,806
2022,Davenport,pitching,Standard,SO/BF,0.06359968189718802,0.04647619810905498,0.0020853920608730724,0.18686030720816993,0.06399227141754169,0.04689984117083195,0.00737835508771231,0.1767905902601129,0.045458332534253625,0.03406872104899046,-2.0127909833806637e-17,0.3496870039259815,806
2022,Davenport,pitching,Fantasy,SO/BF,0.048565161128021436,0.03609852313967553,-0.013220230394402205,0.3013883051857845,0.04703527236004638,0.03537774246589303,-0.005340080736668112,0.3447100461533025,0.04241425086069966,0.03189747085139304,-6.320500234703732e-18,0.391962033350853,361
2022,Marcel,pitching,Standard,SO/BF,0.06658172173299805,0.04983834714397653,0.018278088809027464,0.10882023457066115,0.06447777503696826,0.0476702030736195,0.00763847728923765,0.16425197352872545,0.04623197616687003,0.03433048542045202,1.1321949281516233e-17,0.3273636306607203,806
2022,Marcel,pitching,Fantasy,SO/BF,0.04758200364988314,0.036938812860511705,0.0033083831800378985,0.3293875135576315,0.047704164622266246,0.035972535624828834,-0.004752436242259799,0.32593966225402715,0.04272593420042957,0.03173074997839261,1.106087541073153e-17,0.38299280099013944,361
2022,Razzball,pitching,Standard,SO/BF,0.0649720010307889,0.04812695747307942,0.013911314498582064,0.15139075370395672,0.06437772411850526,0.047588852220306725,0.010800699783439912,0.1668436412029819,0.04393772135399313,0.033225381446502555,1.0063954916903318e-17,0.3924661349666537,806
2022,Razzball,pitching,Fantasy,SO/BF,0.04348812506419136,0.03346257318719649,-0.0034999707531156903,0.4398200614675245,0.04343002646179934,0.03347580397941572,-0.0026832763828028195,0.4413158229671855,0.039234193827057846,0.030038579729328333,1.4221125528083397e-17,0.4797206809531741,361
2022,Steamer,pitching,Standard,SO/BF,0.06205165469156487,0.04524984006716959,0.005261999864112455,0.22596248769017313,0.062109663621349176,0.04532678081726791,0.005906869540277598,0.2245145947759668,0.041848887433526716,0.03150871197304661,-5.031977458451659e-18,0.4488583095669909,806
2022,Steamer,pitching,Fantasy,SO/BF,0.04165330095789313,0.03149083930454076,-0.006583919351393213,0.48609240981521284,0.04127369299102299,0.03143534099868157,-0.003445032141221605,0.49541673529361296,0.03715470594586435,0.028321748146064633,-3.0022376114842726e-17,0.5334107231483747,361
2022,ZiPS,pitching,Standard,SO/BF,0.06444694807166568,0.04722224052658395,0.014399975299513023,0.16505092841164704,0.06303334583963524,0.045623088137801436,0.005210840682046598,0.20127735965652416,0.04407195358336819,0.032754613296298106,-1.8869915469193724e-18,0.3887483638352155,806
2022,ZiPS,pitching,Fantasy,SO/BF,0.044380576089838183,0.03409884211943575,0.0031824163829284016,0.41659243767185294,0.044433947604095976,0.03332244651457161,-0.003855896737720246,0.41518839696473553,0.04012660050321105,0.02996825407447939,-3.634287634954646e-17,0.4557833395846367,361
2022,Davenport,pitching,Standard,SV/G,0.06389507413788482,0.025632684678233698,-0.005438908164106968,0.4822027213475255,0.06366684412551228,0.02845259799376788,-0.0006842980593787829,0.48589520687793086,0.05789780433589415,0.025111123306456658,0.0,0.5659456963515237,806
2022,Davenport,pitching,Fantasy,SV/G,0.06994639404167607,0.030786889399138644,-0.006712761535080418,0.6000036466731322,0.06965546525362147,0.033109592250134066,-0.002108783462545644,0.6033241450476496,0.05630017413798771,0.02370922301918527,3.950312646689833e-18,0.6148510903171165,361
2022,Marcel,pitching,Standard,SV/G,0.07336181972455706,0.050058410473646384,0.018599060288441265,0.317401707459365,0.07102831157869749,0.04014788483606008,0.002998248828098757,0.36013553956780087,0.06638247046517566,0.03415275397965038,-1.8869915469193724e-18,0.429406657763181,806
2022,Marcel,pitching,Fantasy,SV/G,0.08129177755436676,0.051060106830702154,0.0062102516359070995,0.4597203474849261,0.0814621226839914,0.04300328481652068,-0.008141962884606512,0.45745368687469334,0.06672349268999983,0.03395266249809764,5.530437705365765e-18,0.4590380239273415,361
2022,Razzball,pitching,Standard,SV/G,0.06229893027274249,0.03198255289532879,-0.00394338774912112,0.50774947743676,0.06239194369632479,0.03730078677872017,0.005210396531671133,0.5062785023893843,0.057191375444196044,0.02952506148954575,-1.8869915469193724e-18,0.5764731375872051,806
2022,Razzball,pitching,Fantasy,SV/G,0.07201572990184205,0.0319525413965277,-0.017667021235091573,0.5759860889093489,0.07009119212747389,0.037470594759453885,-0.006215585240069256,0.5983458441033169,0.05724517442815551,0.029103956553437497,2.3701875880138994e-18,0.6018131050425286,361
2022,Steamer,pitching,Standard,SV/G,0.06259647019918244,0.023900497948521143,-0.012241362624660926,0.503036268385511,0.06139880113681101,0.030176933253493812,-0.0011600252363529828,0.5218713263614212,0.05802454437700927,0.02763808987181459,-1.8869915469193724e-18,0.5640433004851364,806
2022,Steamer,pitching,Fantasy,SV/G,0.0739502639437728,0.03014954589672037,-0.01636603059088236,0.5528998366555054,0.07231689041614585,0.03517471706590742,-0.005379410693457163,0.5724323305194239,0.058568022308195224,0.026967146691854793,7.900625293379665e-19,0.5831975001983504,361
2022,ZiPS,pitching,Standard,SV/G,0.06864038608718348,0.02707567985662693,-0.006784235343859542,0.40243597736082126,0.0683074396145341,0.03145530138969028,0.0006554034608427373,0.40821899565870756,0.06244685800522723,0.027138839638986487,1.8869915469193724e-18,0.49505850465276324,806
2022,ZiPS,pitching,Fantasy,SV/G,0.07456757418958691,0.030816222342544494,-0.012425165352752612,0.5454042181313874,0.07363568167106822,0.03494400302081988,-0.004034256893975171,0.556695648001605,0.05982296805663029,0.026106234739313092,1.580125058675933e-18,0.5651443580562561,361
2022,Davenport,pitching,Standard,W/G,0.12908555069937802,0.08261166473891436,0.008335527040296614,0.19726976697976384,0.12943264815098404,0.08384279889467718,0.012617924514525125,0.1929470489967019,0.11716017851108976,0.08676628523872411,1.2579943646129149e-17,0.46878926921611164,806
2022,Davenport,pitching,Fantasy,W/G,0.10866272504821393,0.08057672678604047,0.005255300084693995,0.4648116117835769,0.10909781358498324,0.08124255026260335,0.01106179429840379,0.46051721349392216,0.11422607675815981,0.08811017294881354,7.268575269909292e-17,0.4757290830427634,361
2022,Marcel,pitching,Standard,W/G,0.13467301002000537,0.1006701122159414,0.017768201773930868,0.12627353581076395,0.14943354467235262,0.12322599377114106,0.06715112537980777,0.0,0.13525952367221195,0.10857447787280088,2.5159887292258296e-18,0.2919849369946049,806
2022,Marcel,pitching,Fantasy,W/G,0.1292905303397967,0.09293015916754964,-0.03410193885417448,0.24233202357225048,0.12996681179761554,0.1083561805436593,0.03658241608894618,0.23438500839324705,0.13437645636311055,0.10937624911555056,4.424350164292612e-17,0.27444287105480236,361
2022,Razzball,pitching,Standard,W/G,0.1501690586596641,0.11816307690242216,0.06843279594256989,0.0,0.13946021766451636,0.11027195864267612,0.03976749543059071,0.06305298123462866,0.12306428984606087,0.09544911611774408,5.031977458451659e-18,0.4139011222204071,806
2022,Razzball,pitching,Fantasy,W/G,0.12140701470956432,0.09074289490137648,0.029497366861958876,0.3319129422881697,0.11809696792961089,0.09015448262602525,0.008793478564718588,0.36784585058836194,0.12352226250229201,0.09473232818628019,6.636525246438919e-17,0.38692201544712335,361
2022,Steamer,pitching,Standard,W/G,0.1199844952056004,0.08003364370872135,0.011864209454169838,0.30647101946977284,0.12143746734665332,0.08227903008813145,0.022170675492622176,0.28957250921396815,0.11128274663940212,0.07923375752590076,1.7611921104580808e-17,0.5207496238213751,806
2022,Steamer,pitching,Fantasy,W/G,0.10207574720115581,0.07046365359810271,-0.011405546284295432,0.5277297014660137,0.10156891908003798,0.07070314264906732,0.005183979403531806,0.5324079063854654,0.11174579535737202,0.08126074084842727,6.320500234703732e-18,0.4982497156407686,361
2022,ZiPS,pitching,Standard,W/G,0.13469998711840667,0.10029763163667837,0.053034609102497285,0.1259234587526198,0.1278199999940924,0.09279045391062288,0.031725945713966495,0.21293249455346053,0.11664005432716147,0.08564994811813276,-1.0063954916903318e-17,0.4734953434854152,806
2022,ZiPS,pitching,Fantasy,W/G,0.10937503863785096,0.07950318721926998,0.023222926569804535,0.45777200425721665,0.10741058703856536,0.07703941703916929,0.01065079571695792,0.4770746710206767,0.11686737904809058,0.08606249926419336,3.160250117351866e-18,0.45120284153798085,361
2022,Davenport,pitching,Standard,WHIP,0.7004413597638457,0.31482112842813254,-0.10674999898230228,0.0029513615901952672,0.7022906984021378,0.3152643933278189,-0.11827801518903935,0.0,0.26142137113291536,0.17293182549015831,-1.7108723358735642e-16,0.11194090933986456,806
2022,Davenport,pitching,Fantasy,WHIP,0.21076667190012785,0.16616196615068432,0.05280056783873726,0.02074561922646967,0.20467683566483705,0.1622059894021621,0.01605979570255073,0.07651672272475174,0.18869352728672958,0.1488324391516575,-2.5282000938814928e-17,0.13872304580272232,361
2022,Marcel,pitching,Standard,WHIP,0.7088226832975693,0.32414043253902364,-0.13351903037197266,0.0,0.7100813509507923,0.32452894846118385,-0.14004734943014055,0.0,0.26554896039902065,0.17870782023546355,-4.1262215159303606e-16,0.08367634293840953,806
2022,Marcel,pitching,Fantasy,WHIP,0.210263267601385,0.1690643833463751,0.03799895559211556,0.025417820536149605,0.20680161086130522,0.1645632846356908,-0.0004303237277164206,0.057243615975709816,0.19106668663915385,0.15190808115606824,2.5282000938814928e-17,0.11692260950725941,361
2022,Razzball,pitching,Standard,WHIP,0.7151125318820761,0.3302865240274865,-0.1163729451260074,0.0,0.7232492643345234,0.33162150352900066,-0.15889061477298413,0.0,0.2696852379397981,0.1787437644638066,-4.0255819667613273e-17,0.05490810815918601,806
2022,Razzball,pitching,Fantasy,WHIP,0.21762643895859254,0.17724513788157076,0.07187391658604901,0.0,0.20553703286289235,0.16149978044412144,-0.00707565047907422,0.06873814832744696,0.189107228430682,0.14767616599645209,0.0,0.1349422922848712,361
2022,Steamer,pitching,Standard,WHIP,0.6893306727444066,0.31766272828852005,-0.05733935399700114,0.034331673903898574,0.6979475728244179,0.31327966275559527,-0.12345784520245538,0.010038323589700804,0.2562309686391036,0.16781871383451255,8.051163933522655e-17,0.14685485295360923,806
2022,Steamer,pitching,Fantasy,WHIP,0.21398227708288564,0.17409395854734622,0.09626457704357046,0.0,0.19110877883508065,0.14941296306145557,0.0010095720065630956,0.19489426152430034,0.17756359898170934,0.1382534354313904,-2.4649950915344556e-16,0.23732993795400736,361
2022,ZiPS,pitching,Standard,WHIP,0.6955239627943147,0.31869496408580467,-0.07241444621217102,0.016901633706688846,0.7010772870795761,0.31675785914931737,-0.11401592721179872,0.0011401084963973407,0.2609988458671102,0.17063317645497678,-2.314709630887763e-16,0.11480926068334418,806
2022,ZiPS,pitching,Fantasy,WHIP,0.22186734131640704,0.1721347804798854,0.07605774067420679,0.0,0.20862460978469471,0.16004735546399412,0.009159180174555324,0.040549171804744044,0.18977985165328748,0.14516808362264422,6.320500234703732e-18,0.12877761318467196,361
2022,Davenport,pitching,Standard,wOBA,0.21111847811992576,0.19610004774454465,-0.19550025036656654,0.0,0.08078196587211553,0.05417596246497901,-0.013231103501985577,0.0,0.04754891801472123,0.03486693793630223,0.0,0.0,806
2022,Marcel,pitching,Standard,wOBA,0.0775733098222483,0.05164722440212574,-0.00847020456983517,0.0,0.07860030972710771,0.05202538201571815,-0.01523596593175487,0.0,0.04352694517197871,0.03232197236944136,2.5159887292258297e-17,0.06489159031621983,806
2022,Razzball,pitching,Standard,wOBA,0.15098143626276203,0.12753967810722544,-0.1154363555520352,0.0,0.09975723286627636,0.07668464722828816,0.02194683567865549,0.0,0.07317024385848167,0.05630130735759909,0.0,0.0,806
2022,Steamer,pitching,Standard,wOBA,0.07660804133163977,0.04964975449007863,-0.015417224698814621,0.024200486497764184,0.07623558138242957,0.0494991357082073,-0.013444801577582094,0.03366588237358126,0.04153849118347002,0.030201720472445993,5.031977458451659e-18,0.1483777081053278,806
2022,ZiPS,pitching,Standard,wOBA,0.07773699933465708,0.05088962816047469,-0.018657628273312906,0.0,0.07630988629350414,0.05001978174397755,-0.011325403893732988,0.03178124105914415,0.04278747261075413,0.03125392951120361,-5.535175204296825e-17,0.09639452372499702,806
2023,Davenport,batting,Standard,1B/(BIP-HR),0.08441389605269242,0.04973195102864116,0.016141170470248333,0.0,0.0832269703214235,0.04851287138508681,0.007846026143084307,0.0,0.037004960686841816,0.027224029446678257,-9.880495839444301e-18,0.0,655
2023,Marcel,batting,Standard,1B/(BIP-HR),0.08215679796707047,0.04681189320233099,0.006533708033138941,0.0,0.08225890947456749,0.04688893168694534,0.007712203083773025,0.0,0.035490701008716,0.02628616514937763,-1.7290867719027527e-17,0.04258314390999918,655
2023,Razzball,batting,Standard,1B/(BIP-HR),0.08282873768858112,0.047499875869324436,0.001930721629198153,0.0,0.08320231623051838,0.04761728897486594,0.008108842398817305,0.0,0.035348800339856386,0.02612463701132898,7.410371879583226e-18,0.05022382110965684,655
2023,Steamer,batting,Standard,1B/(BIP-HR),0.08165772664871467,0.04667297168320331,0.003116423795030267,0.007906897755263098,0.08184077852523174,0.04674068118440521,0.006296094460064878,0.0034539681272118816,0.03443601987579872,0.025193428940694786,-3.9521983357777205e-17,0.09864097030717756,655
2023,ZiPS,batting,Standard,1B/(BIP-HR),0.08323597084428815,0.04791617529171615,0.007665956120368798,0.0,0.0833012620663897,0.04797978564464136,0.008345076554566172,0.0,0.035577061791284476,0.026441659852164873,3.211161147819398e-17,0.037918042086144244,655
2023,Davenport,batting,Standard,2B/(BIP-HR),0.04996182150637959,0.025295483612256517,0.0008734282833292009,0.0,0.05005379023492244,0.025502527339847744,0.0031561345998552784,0.0,0.02119205236669978,0.01575982306503239,-6.175309899652688e-19,0.0,655
2023,Marcel,batting,Standard,2B/(BIP-HR),0.049820642156823,0.025942738999588558,0.0031195785937524045,0.0,0.04988078075042242,0.026041978563329474,0.0039658131519401795,0.0,0.021489700676360753,0.016229121452435782,2.161358464878441e-18,0.0,655
2023,Razzball,batting,Standard,2B/(BIP-HR),0.04975414909405555,0.026152460137599975,0.0043652956383163095,0.0,0.049757080672381326,0.026155763447396473,0.00439858283703486,0.0,0.02121732266693653,0.015912455569011445,-1.389444727421855e-17,0.0,655
2023,Steamer,batting,Standard,2B/(BIP-HR),0.04909809123313102,0.024997550142721318,0.0022561728217243226,0.0,0.04919518687822641,0.025162635400701315,0.0038254627234167527,0.0,0.020436876533953742,0.015134952961027405,-3.087654949826344e-19,0.03206308648002343,655
2023,ZiPS,batting,Standard,2B/(BIP-HR),0.04972711438690304,0.025952036921918817,0.003817037489405947,0.0,0.04970932421880459,0.025920591083504994,0.0035778183628607284,0.0,0.021347003888805272,0.016108777882266088,-8.33666836453113e-18,0.0,655
2023,Davenport,batting,Standard,3B/(BIP-HR),0.010989717913834915,0.005925226029904055,-0.0005283645474664643,0.0,0.010977240990895807,0.006150186444862608,7.133751858994739e-05,0.0,0.006823886443121648,0.004656404229619551,-9.262964849479032e-19,0.08701895561104345,655
2023,Marcel,batting,Standard,3B/(BIP-HR),0.010656875606435362,0.006253469407091229,0.000517262584786277,0.010922086111784912,0.010658639480784082,0.006266512955496814,0.0005524115059553474,0.010594644260110697,0.006726738798349092,0.004531200478620223,-5.017439293467809e-19,0.1128290616685047,655
2023,Razzball,batting,Standard,3B/(BIP-HR),0.010595915933518054,0.00619313397538035,0.0005071070397739752,0.02220520909293433,0.0106024463703513,0.0062364464775257695,0.0006289611401207488,0.020999575737645104,0.0063837917372514975,0.004373215524255827,-9.262964849479032e-19,0.20098377355030628,655
2023,Steamer,batting,Standard,3B/(BIP-HR),0.010502146400799757,0.006037343081654801,0.00016859326928630116,0.03943480271080746,0.010515008853111216,0.00616457436583733,0.0005465856269831972,0.03708046683118693,0.006368934789942075,0.004381062449337622,2.315741212369758e-19,0.20469853395908377,655
2023,ZiPS,batting,Standard,3B/(BIP-HR),0.010946724179214088,0.006516428380629493,0.0014370968983102095,0.0,0.010881617495126459,0.006385991546080603,0.0008025437991690436,0.0,0.00655868611594556,0.004424895977258686,-7.71913737456586e-20,0.15660334823120625,655
2023,Davenport,batting,Standard,AVG,0.07169595031643568,0.04224848380071913,0.011075110932733431,0.06420448314392269,0.07192971225193429,0.04247895271544484,0.012499291781601292,0.05809228325445659,0.0316907278436598,0.02381056334422526,-1.2350619799305377e-17,0.17390217133936603,655
2023,Davenport,batting,Fantasy,AVG,0.02661264508968492,0.021031296906705996,-0.004574858897276551,0.07369866807334946,0.026220827975636737,0.020901515472897,0.0004777813185899372,0.10077368682412491,0.025685572656213705,0.020497780687996445,-1.0175401078269641e-16,0.12326111449496502,293
2023,Marcel,batting,Standard,AVG,0.07465970518231554,0.04400937532015757,0.01686952809519303,0.0,0.07454551417994873,0.043916975194898254,0.016356744315332756,0.0,0.03244853193347034,0.024080270529525917,-6.1753098996526885e-18,0.1339216970950704,655
2023,Marcel,batting,Fantasy,AVG,0.02663098077647185,0.021174263915821428,-0.003495165498173439,0.07242181475679488,0.02641460859919802,0.020961466266951823,0.0008594138651632232,0.08743341181331199,0.025991700484269,0.02057482378853723,-5.837051781332973e-17,0.10223814002244114,293
2023,Razzball,batting,Standard,AVG,0.07448703908774039,0.04340812461356675,0.01649332077815115,0.0,0.07435479591572094,0.04329036333503441,0.01588541198398512,0.0,0.031066665422646352,0.02295296272879672,-1.605580573909699e-17,0.20611730820689633,655
2023,Razzball,batting,Fantasy,AVG,0.025084541596366684,0.01988035019819789,-0.0033646793868546995,0.17702140043063874,0.024872710465498007,0.019684696897587988,0.0008593987299086422,0.19086230679253202,0.024160092027017122,0.019054748442208808,-9.386610297008428e-17,0.2243086794811413,293
2023,Steamer,batting,Standard,AVG,0.07108533605668435,0.04160433318668618,0.011135147512484664,0.08007642053316166,0.07123473280831696,0.041720513179353845,0.012052122887912867,0.07620563589435925,0.03053010376782097,0.02268996626814544,-3.705185939791613e-18,0.23330326481878383,655
2023,Steamer,batting,Fantasy,AVG,0.025301934964511667,0.02004262847759222,-0.004082747563130737,0.1626950198055851,0.024975595461635407,0.019861213245524357,0.0005111588590008536,0.1841545292165272,0.024183860670901412,0.019194135871792858,-6.704721640720306e-17,0.22278168198918724,293
2023,ZiPS,batting,Standard,AVG,0.0720487328717344,0.04231382527327401,0.013864519993324425,0.05497259357844553,0.07189636678795365,0.04217231724097125,0.013049619286811243,0.05896538752957359,0.030830829249848424,0.022995443475391595,-1.2350619799305377e-18,0.2181247514534863,655
2023,ZiPS,batting,Fantasy,AVG,0.025448584527655298,0.02010003066125897,-0.002679681708049522,0.1529608824562816,0.0253130033473727,0.020020221445010138,0.0005462399283650866,0.16196229804552087,0.02463929844098897,0.019490999641800538,-6.152568093837458e-17,0.19323241683429215,293
2023,Davenport,batting,Standard,BABIP,0.09495070943304064,0.055814414786293474,0.01648623420611107,0.0,0.09416190135764603,0.054971238967423584,0.011073498261529488,0.007105988746206826,0.040745721386597926,0.02964132480992149,-5.92829750366658e-17,0.05514097880344471,655
2023,Marcel,batting,Standard,BABIP,0.0947227624726511,0.05485436391220612,0.010170549211677616,0.0,0.09496602035426828,0.055080479809865995,0.012230427741668508,0.0,0.04048006214918602,0.02970018747282702,-4.693235523736043e-17,0.06742164204996481,655
2023,Razzball,batting,Standard,BABIP,0.09523819419062314,0.054349164306676856,0.006803124307288432,0.0,0.09589888309761105,0.05489932134278536,0.013136386375972883,0.0,0.03960139340298152,0.028426076543863855,-3.4581735438055054e-17,0.107467732944736,655
2023,Steamer,batting,Standard,BABIP,0.09321962722173115,0.05346230675333003,0.005541189886040897,0.026878257291272023,0.0936643122273891,0.053889984222883436,0.010668142810464836,0.017571960076542825,0.039198103453196666,0.0282315762659525,-2.96414875183329e-17,0.12555378744666312,655
2023,ZiPS,batting,Standard,BABIP,0.09485616575377295,0.05476615985298871,0.012920090508084962,0.0,0.09482984885203591,0.05474205777073184,0.012725438716595818,0.0,0.03948468590809907,0.028830002000949144,-1.1362570215360947e-16,0.11272066501323807,655
2023,Davenport,batting,Standard,BB/PA,0.0389008648396429,0.025503932446525147,-0.001659955240426166,0.22429151514651524,0.03889690520327013,0.025749487815944345,0.0015644169905229158,0.22444942254636469,0.022078642889838986,0.01684412899034713,4.091142808519906e-18,0.5103708200205916,655
2023,Marcel,batting,Standard,BB/PA,0.04038833780121003,0.027134821155295398,0.0042531558752540504,0.163834993125491,0.04033077011409459,0.02703238522591314,0.0036664045808533145,0.16621695696086647,0.023367684142029093,0.01733886252798308,-2.585911020479563e-18,0.45152872224314433,655
2023,Razzball,batting,Standard,BB/PA,0.03927170303060109,0.026021493831735264,0.003175801575761655,0.20943151339339505,0.03924304351018472,0.025969122333927494,0.0027992000048476127,0.21058496713032093,0.021857057132083735,0.016473679623401814,-2.701698081098051e-19,0.5201495383214256,655
2023,Steamer,batting,Standard,BB/PA,0.03821196012461555,0.025075079571781383,0.0002920054000047491,0.25152265365973503,0.038237628506731375,0.025157490738353404,0.0014309452844951248,0.2505167562788876,0.021800341494103533,0.016453145209247736,-4.670078111612346e-18,0.5226365808855172,655
2023,ZiPS,batting,Standard,BB/PA,0.038498424710533156,0.02547019117753827,0.002144096092180569,0.24025832975083228,0.038480293806216787,0.025436988315649625,0.001789260817399235,0.2409737647327772,0.02188563326450287,0.01649618709999426,2.933272202335027e-18,0.5188939956351215,655
2023,Davenport,batting,Standard,HBP/PA,0.01723857339719252,0.010975096499296977,-0.01094006722177873,0.0,0.01333257564216446,0.009289516265441328,0.0005236709851431533,0.0,0.009790179616808323,0.007117534072210996,6.657755985563055e-19,0.000902455874924768,655
2023,Marcel,batting,Standard,HBP/PA,0.012257103218146296,0.008200073307142114,0.000648948369973188,0.15173260578554226,0.012251116428913382,0.008167843748810742,0.0005238400914304797,0.1525610491428553,0.008215110807520826,0.005721561104086422,2.4122304295518315e-19,0.29651729738557475,655
2023,Razzball,batting,Standard,HBP/PA,0.012198912895413612,0.008163764840514613,0.00042657339057425975,0.15976774794705328,0.012200338358399457,0.008173889635753384,0.0004655588975528907,0.15957137143992395,0.00811667226343626,0.00566293044072753,3.232388775599454e-19,0.31327541972352557,655
2023,Steamer,batting,Standard,HBP/PA,0.01213376436316661,0.008007574688392893,0.00021116909749716758,0.16871833701831263,0.01213892635221468,0.008059367484980633,0.0004121744186358792,0.16801089298492822,0.008042403231714849,0.005611097748256971,4.3420147731932965e-20,0.3257852334738067,655
2023,ZiPS,batting,Standard,HBP/PA,0.011957953299492846,0.007887253456917846,0.001097399861632136,0.1926333738216952,0.011924220920835303,0.007794908896860384,0.000631414216140812,0.1971819755931471,0.007654064908689749,0.00541521761778549,1.5920720835042088e-18,0.38932399796454786,655
2023,Davenport,batting,Standard,HR/BIP,0.02884807153955077,0.02122682259430859,0.0002922393808638467,0.24369895673592945,0.029418847248390674,0.022317437629461673,0.005774317771722631,0.21347518493229678,0.020897950479355634,0.015824965441741428,4.322716929756882e-18,0.41514354962405087,655
2023,Davenport,batting,Fantasy,HR/BIP,0.020077661273269404,0.014688617241166891,-0.007543145959600358,0.4072908390763256,0.01860687904738889,0.01454254691571787,-5.0166202296877106e-05,0.4909476311753206,0.01806994125084935,0.014171502260733044,-5.71873316414379e-18,0.5007629262935673,293
2023,Marcel,batting,Standard,HR/BIP,0.030037051590122026,0.023034660522898064,0.005761247597615471,0.18007198087533138,0.030051524799098117,0.023054237597616656,0.0058362358077948635,0.17928163375644168,0.021467523050016004,0.016366582132409206,-3.705185939791613e-18,0.3828286341612698,655
2023,Marcel,batting,Fantasy,HR/BIP,0.01906883409549663,0.014760318201721181,-0.001674795498695105,0.465357259564137,0.018995632567649762,0.014812689560827407,0.00013624553582004898,0.4694541588555189,0.018632376140225296,0.014489457010188833,-1.3803838672071218e-18,0.46920132075855836,293
2023,Razzball,batting,Standard,HR/BIP,0.028687988189584287,0.021770947069351253,0.006241146307906986,0.25206937976629396,0.028512880521403185,0.021515496588177706,0.005379181768520806,0.26117205222917705,0.019960198701763607,0.015070451664273453,-6.329692647144005e-18,0.4664543133065153,655
2023,Razzball,batting,Fantasy,HR/BIP,0.017742234905071038,0.013607428580344789,-0.0006124314926844448,0.5371587651942475,0.017731689429105704,0.013665893021693503,3.135150346555328e-05,0.5377088008144033,0.01740923297659363,0.013441097139650195,-1.6268809863512507e-18,0.5366036356434192,293
2023,Steamer,batting,Standard,HR/BIP,0.02729024193568521,0.020088989681684915,0.0015629548659001216,0.32317576917238655,0.02748975640709877,0.020512363618676525,0.003656806027975377,0.31324329273596685,0.019909978772756312,0.015041557467363277,-1.3122533536761963e-18,0.46913574140462544,655
2023,Steamer,batting,Fantasy,HR/BIP,0.018158991625305522,0.013716770230309748,-0.00336210398978949,0.5151595447645003,0.01784664742509106,0.013818552137490241,-0.00023998063620154887,0.5316951221166469,0.017593671424068275,0.013652533211618776,-3.746756210990759e-18,0.526732914396189,293
2023,ZiPS,batting,Standard,HR/BIP,0.027375723758187188,0.02019766430247477,0.0037479217118071293,0.3189290658288636,0.027355353104216572,0.020168387438635058,0.0035961103055429386,0.31994227728485625,0.01962775709841565,0.01465880565680341,6.020927152161372e-18,0.4840789566629795,655
2023,ZiPS,batting,Fantasy,HR/BIP,0.0171618410517281,0.01319150500992201,-0.0009378981887300219,0.5669449131973697,0.01713688977916145,0.013205643071170454,-0.0001544539762237928,0.56820321883986,0.017033566189862546,0.013103839835717402,3.9439539063060625e-19,0.5563867466174419,293
2023,Davenport,batting,Standard,OBP,0.07639434732458661,0.04499901616253372,0.0019660831970015865,0.11709135810148297,0.0774474026331471,0.045367997117950726,0.012879027704324522,0.09258274640058095,0.0333777315542781,0.025088515712884552,3.705185939791613e-18,0.28809869332378535,655
2023,Marcel,batting,Standard,OBP,0.08186502076457106,0.048395994822587524,0.019240896891089574,0.0,0.08162454174051861,0.04816639035515651,0.018190555316964754,0.0,0.03479754544164667,0.02620414054454898,-2.099605365881914e-17,0.22624516388366012,655
2023,Razzball,batting,Standard,OBP,0.08055547668857166,0.04686850595036228,0.01793714609408415,0.018289441633080994,0.08035811703476967,0.04671913354907278,0.01702889775796558,0.0230938999167265,0.032879951225846374,0.02462461574646286,3.705185939791613e-18,0.30917430210720254,655
2023,Steamer,batting,Standard,OBP,0.0764604334223716,0.04476029491340878,0.010686255830033893,0.11556315015686569,0.07672839235922634,0.04494034171574706,0.012459710211694099,0.10935319232321383,0.0324156649195949,0.024427867164562727,1.9760991678888602e-17,0.32854637320076197,655
2023,ZiPS,batting,Standard,OBP,0.0778343419709513,0.04554875607724739,0.01532584951821811,0.08349289876050059,0.07756739444992879,0.04530146029679784,0.013906744951818066,0.08976878521218401,0.03240143997500774,0.02447625260195583,-6.669334691624904e-17,0.32913555099134995,655
2023,Davenport,batting,Standard,PA,143.01227702452746,106.89017170082491,-12.478032957018824,0.5621117354765299,143.01227702452746,106.89017170082491,-12.478032957018824,0.5621117354765299,143.01227702452746,106.89017170082491,-12.478032957018824,0.5621117354765299,655
2023,Davenport,batting,Fantasy,PA,140.78315026785953,109.06155436011815,-53.36189565704648,0.0,140.78315026785953,109.06155436011815,-53.36189565704648,0.0,140.78315026785953,109.06155436011815,-53.36189565704648,0.0,293
2023,Marcel,batting,Standard,PA,180.29833207663992,146.3404580152672,33.65038167938931,0.3040146766959154,180.29833207663992,146.3404580152672,33.65038167938931,0.3040146766959154,180.29833207663992,146.3404580152672,33.65038167938931,0.3040146766959154,655
2023,Marcel,batting,Fantasy,PA,160.71026226070455,121.06484641638225,-70.79180887372014,0.0,160.71026226070455,121.06484641638225,-70.79180887372014,0.0,160.71026226070455,121.06484641638225,-70.79180887372014,0.0,293
2023,Razzball,batting,Standard,PA,147.15352112207833,109.37709923664121,-20.653435114503818,0.5363844649082582,147.15352112207833,109.37709923664121,-20.653435114503818,0.5363844649082582,147.15352112207833,109.37709923664121,-20.653435114503818,0.5363844649082582,655
2023,Razzball,batting,Fantasy,PA,158.62697996031778,124.09556313993174,-71.419795221843,0.0,158.62697996031778,124.09556313993174,-71.419795221843,0.0,158.62697996031778,124.09556313993174,-71.419795221843,0.0,293
2023,Steamer,batting,Standard,PA,144.1891369593637,105.70271736538137,-4.853909076807153,0.5548752446669862,144.1891369593637,105.70271736538137,-4.853909076807153,0.5548752446669862,144.1891369593637,105.70271736538137,-4.853909076807153,0.5548752446669862,655
2023,Steamer,batting,Fantasy,PA,142.94540189073993,107.42228420277098,-36.81935289044429,0.0,142.94540189073993,107.42228420277098,-36.81935289044429,0.0,142.94540189073993,107.42228420277098,-36.81935289044429,0.0,293
2023,ZiPS,batting,Standard,PA,245.42723615009564,198.94961832061068,162.45496183206106,0.0,245.42723615009564,198.94961832061068,162.45496183206106,0.0,245.42723615009564,198.94961832061068,162.45496183206106,0.0,655
2023,ZiPS,batting,Fantasy,PA,100.87812401327089,82.64163822525597,7.979522184300341,0.3365716642235477,100.87812401327089,82.64163822525597,7.979522184300341,0.3365716642235477,100.87812401327089,82.64163822525597,7.979522184300341,0.3365716642235477,293
2023,Davenport,batting,Standard,R/PA,0.09425629040845564,0.03517629119491601,-0.004426362461305752,0.0,0.09415325395058922,0.03527785114232314,-0.0004238308151564755,0.0,0.0270797467915867,0.021010706832373483,-1.929784343641465e-17,0.0,655
2023,Davenport,batting,Fantasy,R/PA,0.025265069763380815,0.020600066416159912,-0.006000834454140287,0.0,0.024554495167665082,0.020000247531597584,-0.0007807028476863698,0.0,0.024157596388738968,0.01965517383832135,-4.732744687567275e-18,0.0,293
2023,Marcel,batting,Standard,R/PA,0.09252828177315482,0.034055993755207285,0.0027326302078392534,0.02614199419600627,0.09252209021539935,0.034030090085290975,0.0025142628714915167,0.026272321837101265,0.024920043740708088,0.018674912732282414,7.410371879583226e-18,0.14058312987454802,655
2023,Marcel,batting,Fantasy,R/PA,0.02067141744715715,0.016651833310945163,-0.0014209161763647888,0.13620772113923896,0.0206319056570134,0.01668955526977044,0.0006221210055318173,0.1395067073795927,0.020617482159943794,0.016575049675227185,-2.6424491172250616e-17,0.14552958203291655,293
2023,Razzball,batting,Standard,R/PA,0.093483011424429,0.03450305615370661,0.004941069208866925,0.005941296629932591,0.09335925467661753,0.03397042304781915,0.0011362982532878358,0.008571508042387044,0.02507770009956271,0.01845003916271527,-3.211161147819398e-17,0.12967455107377301,655
2023,Razzball,batting,Fantasy,R/PA,0.02137032173249965,0.016606715140927434,0.0020455838717924253,0.07681035603487285,0.021272352450216567,0.016515139760370695,8.21047637188013e-05,0.08525542424113142,0.020947102987229942,0.016297968263432872,-2.0114164922160916e-17,0.11798958606981769,293
2023,Steamer,batting,Standard,R/PA,0.09417066175561527,0.03328321469911073,-0.005172634746749697,0.0,0.09403163974976476,0.03338997883124515,-0.0007693430719254826,0.0,0.024653725482045242,0.018249696179007197,-1.3585681779235915e-17,0.15885399691311308,655
2023,Steamer,batting,Fantasy,R/PA,0.021681715190141605,0.01703640611118652,-0.0058437736688106015,0.04971018755670931,0.020879898787352025,0.016525437192820295,-0.00015195550642036067,0.11869632475461389,0.0205301754216354,0.016272921829558157,-1.5381420234593644e-17,0.1527509364096581,293
2023,ZiPS,batting,Standard,R/PA,0.09254604464327547,0.03311524176478264,0.003484270172831965,0.025768050719277014,0.09248249024370007,0.03274584448774405,0.0006170585047042516,0.02710566523755009,0.02378894894188174,0.017786576888838213,-9.262964849479032e-18,0.21682866689312186,655
2023,ZiPS,batting,Fantasy,R/PA,0.01987013145893674,0.0161293310348214,0.0017866824643671623,0.20187615948152704,0.019793252592822396,0.01600619642279496,0.00037809818343955765,0.2080402007459835,0.019631130827003476,0.015835659307257888,-8.676698593873338e-18,0.22533058164777575,293
2023,Davenport,batting,Standard,RBI/PA,0.051051427059414164,0.03614685868207564,0.002349136822685551,0.0,0.0515416088592623,0.03645348734074468,0.007470453989564371,0.0,0.03301280631473885,0.025873892075762298,6.1753098996526885e-18,0.0,655
2023,Davenport,batting,Fantasy,RBI/PA,0.031180468006672783,0.024989390965612254,-0.007511635087258226,0.0,0.03026441224369662,0.02401439791271711,-0.00037111322449851863,0.0,0.03025192427532229,0.02420937878233137,1.6959001797116068e-17,0.0,293
2023,Marcel,batting,Standard,RBI/PA,0.05079236967739627,0.03543961762844472,0.009029671591925843,0.005386742888419671,0.05097802402297219,0.03558174131552061,0.010021431279985806,0.0,0.029564810565469234,0.022638335097583902,6.175309899652688e-19,0.13296664898649224,655
2023,Marcel,batting,Fantasy,RBI/PA,0.02592286288013749,0.02068681654966358,-0.00255991233238709,0.15707867672284415,0.02580317124399354,0.02060180141003499,0.0006016456548106593,0.1648446179709283,0.025546174183598103,0.020332466672980654,6.704721640720306e-18,0.17459522767139168,293
2023,Razzball,batting,Standard,RBI/PA,0.04994015356163101,0.034507891034914015,0.010566722651276924,0.038482837469317244,0.049612371872890935,0.03426705864639322,0.008889551883179612,0.05106323207475494,0.027990375418955663,0.021731959326983775,2.4701239598610753e-18,0.2228532254542107,655
2023,Razzball,batting,Fantasy,RBI/PA,0.02393673835328203,0.01952013208326012,0.0002888204851955798,0.2812943479044475,0.02393674395984761,0.019520114652750987,0.00028928477057526403,0.28129401122776376,0.023748086901432406,0.019303386523889354,1.26206525001794e-17,0.2866995525918501,293
2023,Steamer,batting,Standard,RBI/PA,0.047948857889617225,0.03302842909404781,0.00489327868175045,0.11363249161968103,0.0482403562193645,0.03328183293061137,0.007209935610651714,0.10282263979891326,0.02769857556785681,0.02120707985100094,1.6982102224044895e-17,0.2389722852016678,655
2023,Steamer,batting,Fantasy,RBI/PA,0.02413151337029992,0.01922496173795083,-0.003402319616341895,0.26955043848817584,0.02389163853435912,0.019065897170916137,0.0002371351666345395,0.2840000598309895,0.02369942850965109,0.01887061695913557,-3.9439539063060625e-19,0.2896195768803579,293
2023,ZiPS,batting,Standard,RBI/PA,0.05187809838631845,0.03660757296436345,0.01592627866094419,0.0,0.050064631341061865,0.03486432968233475,0.008293164120041467,0.033683625787490845,0.029444050857658922,0.022773382045698697,-4.322716929756882e-18,0.140035110382986,655
2023,ZiPS,batting,Fantasy,RBI/PA,0.02597538290754799,0.02124997134431541,0.006451036482814348,0.15365967958237314,0.025164262538741655,0.020420113825707967,0.00036805383788520883,0.20569091468884282,0.02508036014531349,0.02037855524093066,5.127140078197881e-18,0.204421982799724,293
2023,Davenport,batting,Standard,SB/TOF,0.17798436548369037,0.07126438703413708,0.02633855848232752,0.16463873738483858,0.17613276513031445,0.06406211488609519,-0.006167354274374,0.1819291283879556,0.07509100697434928,0.04355784185104571,2.439247410362812e-17,0.4444305162096819,655
2023,Davenport,batting,Fantasy,SB/TOF,0.06372243256671105,0.04791956751482373,0.033330304380678806,0.4763192229338783,0.05431072656788712,0.038915515880165966,-0.00012569097604837946,0.6195889135378643,0.05352933897275662,0.038339715906879394,-5.127140078197881e-18,0.6234983944509279,293
2023,Marcel,batting,Standard,SB/TOF,0.18714354575792602,0.0681415574917378,-0.024361585597576077,0.07645017504682039,0.18558956995263756,0.07291110620627672,-0.0037773812600834706,0.09172417747676964,0.0848906256858931,0.049662790997423725,1.327691628425328e-17,0.2899613404503276,655
2023,Marcel,batting,Fantasy,SB/TOF,0.07155810119926422,0.04374529186814648,-0.022598724977156398,0.3396114182235501,0.06789832844920426,0.04620085206033618,-0.0005687965761457574,0.4054339527545746,0.06695975639002787,0.04538009221332902,2.3910220556980503e-18,0.4108704570917938,293
2023,Razzball,batting,Standard,SB/TOF,0.18000544513906663,0.06371995726343786,-0.019152218905484467,0.1455593371267332,0.1789934031451155,0.0678368095575419,-0.00186697047644154,0.15514014677976373,0.07575978217959498,0.044206320822875976,5.249013414704785e-18,0.43449042713704866,655
2023,Razzball,batting,Fantasy,SB/TOF,0.05897395792871796,0.0386004297821279,-0.019323424031151566,0.5514586447854133,0.05571871712003635,0.040464415055103585,-0.00020600973793021785,0.5996091383421553,0.054641312908729034,0.039730214295520934,-6.113128554774397e-18,0.6076936627935399,293
2023,Steamer,batting,Standard,SB/TOF,0.17652129753164508,0.06021011418986791,-0.016172390927777173,0.17831597202391958,0.17584156658524253,0.06298971607973215,-0.0046940691534697486,0.18463190913589,0.07334255283620728,0.041558738997327434,9.533134657588839e-18,0.47000158465242026,655
2023,Steamer,batting,Fantasy,SB/TOF,0.0564555335343889,0.0366477980890472,-0.012259743068030609,0.5889496978624171,0.05511183527074024,0.03823606205606929,-0.0006232337850458293,0.6082836610088607,0.0541528029889826,0.03763294591885171,-1.4987024843963036e-17,0.6146769815506036,293
2023,ZiPS,batting,Standard,SB/TOF,0.17743072614383062,0.057284771000901326,-0.02388397380694546,0.1698276150290009,0.17584968422647312,0.061613026352087014,-0.003448632690524047,0.18455662524779204,0.07149270746050351,0.04004890457437435,7.564754627074543e-18,0.49639965967336563,655
2023,ZiPS,batting,Fantasy,SB/TOF,0.056598510320195985,0.03561942469221068,-0.02170751773695837,0.5868650458435413,0.052272290284882,0.03679818230588944,-0.0004661410323063533,0.6476088463395627,0.05159217667853661,0.03636942042288458,-1.0057082461080458e-17,0.6502555961807771,293
2023,Davenport,batting,Standard,SLG,0.1213372971077195,0.0822350199062746,0.01151446413784789,0.12813250145724975,0.12400852995539458,0.08440326179686213,0.02807060235678569,0.08932172979820419,0.0668734125990499,0.051180612759053876,-9.880495839444301e-18,0.2511461928960288,655
2023,Marcel,batting,Standard,SLG,0.13087887617169577,0.08966168111417569,0.03729475288216948,0.0,0.13024269329726237,0.08916901350646465,0.034996821597121794,0.0,0.0696233134163989,0.05336235447876902,7.410371879583226e-18,0.18829271198816455,655
2023,Razzball,batting,Standard,SLG,0.12921408979261587,0.08719540695233788,0.039626998042336395,0.011261145811072293,0.12738587837162005,0.08573026942455916,0.03318403202479038,0.039041953706113186,0.06610393027914215,0.0503478515637684,-3.705185939791613e-17,0.26828049288050515,655
2023,Steamer,batting,Standard,SLG,0.11993820317660181,0.08130086770927901,0.021145588309460568,0.14812292303409913,0.12059357716235626,0.0818439676523999,0.024592156809327526,0.13878772533282957,0.065004925054863,0.04951636112420731,-1.482074375916645e-17,0.2924085222276638,655
2023,ZiPS,batting,Standard,SLG,0.12149962211290906,0.08261983694891685,0.02858665121163936,0.12579817283356498,0.12077160361234758,0.08212457959118383,0.025314396951423207,0.13624311664074473,0.06491195017591497,0.04961689162679001,-3.9521983357777205e-17,0.2944311746443431,655
2023,Davenport,batting,Standard,SO/PA,0.08530091252336762,0.04995089012301198,-0.002635611006946738,0.2837170869919031,0.0855919673640417,0.049823633290114744,-0.007528987004099964,0.2788206966561355,0.03963313551314412,0.030118229051735626,-3.705185939791613e-18,0.6166745256502171,655
2023,Marcel,batting,Standard,SO/PA,0.09275981922047223,0.05661521123453064,-0.020917647665753512,0.1529734489795619,0.09186736584676478,0.056053246529392545,-0.016515956819913077,0.1691937317377138,0.04510104709816495,0.034420374534247435,-3.4581735438055054e-17,0.5036088075855216,655
2023,Razzball,batting,Standard,SO/PA,0.09029090672651892,0.05309998096769258,-0.023369198722609282,0.19746262782315827,0.08835674979864266,0.05162747512626352,-0.014162868580192554,0.23147729830653996,0.04019332016231821,0.03026980589832874,1.7290867719027527e-17,0.6057619097868403,655
2023,Steamer,batting,Standard,SO/PA,0.08600193215487836,0.05057771525297863,-0.01647095314834681,0.2718956031742924,0.08502211018678138,0.04980881175439251,-0.010184261576370056,0.28839171440915,0.03899372358934739,0.029457371884417813,-2.4701239598610753e-18,0.6289433366264545,655
2023,ZiPS,batting,Standard,SO/PA,0.08456836958462942,0.04875386614036218,-0.011970951371751226,0.29596677914649183,0.08423529796636665,0.04844770215569671,-0.0093316646974124,0.3015015130024563,0.038143458750135736,0.028214187256361198,3.0876549498263442e-18,0.6449488205111971,655
2023,Davenport,batting,Standard,wOBA,0.07669248784347317,0.04822702996731397,0.006048890996081634,0.12599420723677923,0.07813629084272951,0.04910070357146644,0.016128587579847583,0.09277660453593461,0.03642030633863978,0.027776741878109634,-3.705185939791613e-17,0.2764359759876174,655
2023,Marcel,batting,Standard,wOBA,0.08299853117825795,0.05195931116812577,0.022735150750952095,0.0,0.08260119060909377,0.05163319259990813,0.021238822753629732,0.0,0.03809144754599837,0.028795835182206492,-2.4701239598610753e-18,0.2085112788111475,655
2023,Razzball,batting,Standard,wOBA,0.08188390258784763,0.050783858017610935,0.021915045596401738,0.0036642248925835563,0.0814214755472256,0.050394802363698976,0.020118459204514282,0.014885762468111019,0.03623204735617778,0.02745461987089889,4.816741721729097e-17,0.28389694389820264,655
2023,Steamer,batting,Standard,wOBA,0.07634182120589762,0.04767030105874601,0.01188821364427436,0.13396849520405107,0.07685602625488015,0.04806477564633051,0.014835927012138334,0.12226278795322465,0.03550708668493479,0.026942953775280137,-4.816741721729097e-17,0.3122670103805978,655
2023,ZiPS,batting,Standard,wOBA,0.0778601552203954,0.04870024841788172,0.0182820774569872,0.09917757463684695,0.07731746808514148,0.0482261748043473,0.01581206679394211,0.11169131906932728,0.03518875753367968,0.026731841371836356,-2.4701239598610753e-18,0.32454310063887104,655
2023,Davenport,pitching,Standard,1B/(BIP-HR),0.23288587474084477,0.2183425075101297,-0.21769826644015416,0.0,0.08272517138551713,0.05311359963659746,0.00039816831001581013,0.0,0.0415342136868801,0.02916320197881622,1.2427303632058507e-17,0.0,803
2023,Marcel,pitching,Standard,1B/(BIP-HR),0.08056456938798036,0.05238514146650561,-0.0035447136889364306,0.0,0.0805097926409593,0.05236384142457388,-0.00193439022849489,0.0,0.03993946684953997,0.0292403709531504,4.535965825701355e-17,0.0,803
2023,Razzball,pitching,Standard,1B/(BIP-HR),0.1951397029574701,0.17161432996444292,-0.14920495795080274,0.0,0.13227688457520112,0.09446827461266781,0.040985241242333034,0.0,0.08187600894616766,0.05576409950678188,5.902969225227791e-18,0.0,803
2023,Steamer,pitching,Standard,1B/(BIP-HR),0.10915983647030729,0.08910372210214614,0.07289674624649994,0.0,0.0813117555018233,0.05184875321003599,-0.0031092278608469415,0.0,0.03925900359570635,0.02797668847712973,1.988368581129361e-17,0.003608869900571854,803
2023,ZiPS,pitching,Standard,1B/(BIP-HR),0.10806734300473386,0.08611932137160834,0.06728847002957239,0.0,0.08460039461601347,0.054314271018265435,-0.002532655523963146,0.0,0.04120427205009475,0.029795092147478375,-1.3048668813661432e-17,0.0,803
2023,Davenport,pitching,Standard,2B/(BIP-HR),0.09066990590463603,0.07221166577289863,-0.07162000450224,0.0,0.05565943449949399,0.029970568336278862,-0.0025230649909954526,0.0,0.022874643430298006,0.016306624851459336,3.106825908014627e-19,0.0,803
2023,Marcel,pitching,Standard,2B/(BIP-HR),0.055189800202927464,0.0298519916881058,-0.0051711109939414955,0.0,0.055016576753784976,0.0298473847093088,-0.002765874215817482,0.0,0.022949705769855423,0.016974103790967424,-2.796143317213164e-18,0.0,803
2023,Razzball,pitching,Standard,2B/(BIP-HR),0.07968591429467599,0.06261550979616008,-0.04992007163064115,0.0,0.0629655246576099,0.03883518611479656,0.01033566205126588,0.0,0.03203981251907017,0.02200858736695714,6.213651816029254e-19,0.0,803
2023,Steamer,pitching,Standard,2B/(BIP-HR),0.09081486447547187,0.07256345882275231,-0.0717064584180631,0.0,0.05578901731885114,0.029982360639461695,-0.0026250757257964036,0.0,0.02292537745743047,0.016291179543345406,-3.106825908014627e-19,0.0,803
2023,ZiPS,pitching,Standard,2B/(BIP-HR),0.09041346782926109,0.07193707215983343,-0.07006383401742414,0.0,0.05716871917383761,0.031202376046216045,-0.0016149688187201982,0.0,0.024472930257890123,0.016988813275219634,0.0,0.0,803
2023,Davenport,pitching,Standard,3B/(BIP-HR),0.01996598810431173,0.007235841715813231,-0.007145691573021956,0.0,0.01867840047921527,0.007888973756522163,-0.0011414339828429694,0.0003623230075081585,0.007317928734801032,0.004688131692556913,-6.213651816029254e-19,0.003442062674757329,803
2023,Marcel,pitching,Standard,3B/(BIP-HR),0.019156527905551467,0.007873906870870648,-0.0021023281183530024,0.0,0.019091323784721958,0.008076921944724973,-0.0013877557328780563,0.0,0.00785917387961459,0.005069671404688713,-4.66023886202194e-19,0.0,803
2023,Razzball,pitching,Standard,3B/(BIP-HR),0.0193942954451782,0.007954258918342541,-0.00526005108630447,0.0,0.01866738163956109,0.008599690441504975,-2.4060189015631594e-05,0.0015413959506184183,0.007512329115616114,0.004914303559460785,-4.66023886202194e-19,0.0,803
2023,Steamer,pitching,Standard,3B/(BIP-HR),0.02002478834217115,0.0072583792515110495,-0.00715320408492123,0.0,0.018738916876344644,0.007902794346569007,-0.0011502983223208218,0.0,0.007329465780866269,0.004684490631744674,-3.8835323850182835e-19,0.00029734829419636455,803
2023,ZiPS,pitching,Standard,3B/(BIP-HR),0.01992004392905536,0.007310966834805959,-0.007010466358835044,0.0,0.018675932872636178,0.00795630670410859,-0.0010625239272954458,0.0006264301586849097,0.007332234604347845,0.0046939351296667545,-3.106825908014627e-19,0.0,803
2023,Davenport,pitching,Standard,BABIP,0.09295383864019206,0.05786593147277409,-0.014429707298414961,0.0,0.09184878742200403,0.05651578137745735,-0.0020000214157739767,0.001696391340528236,0.04260713375087857,0.030096703207685305,2.1126416174499462e-17,0.0,803
2023,Marcel,pitching,Standard,BABIP,0.09267962965609566,0.05686492802509818,-0.010818152801230937,0.0,0.09224719677495972,0.05639584795965929,-0.006088020177190452,0.0,0.04234424730356473,0.030056878318933968,2.3611876900911164e-17,0.0,803
2023,Razzball,pitching,Standard,BABIP,0.09224610268050434,0.05643628719612363,-0.0051626634977314885,0.0,0.09229659383990256,0.05650259652252533,-0.0059975719334242165,0.0,0.04262771099818952,0.030014517258377182,6.2136518160292536e-18,0.0,803
2023,Steamer,pitching,Standard,BABIP,0.09174317315173809,0.055002914827951666,-0.005962916256484383,0.003990912404908786,0.0918076859152482,0.05503885076034206,-0.006884601908964239,0.0025896552145580065,0.04083074930470701,0.028039995441841915,-4.970921452823403e-17,0.03411455087573967,803
2023,ZiPS,pitching,Standard,BABIP,0.09181218092793955,0.05571311364754327,-0.009785830346686798,0.002491984047505169,0.09143773693703126,0.055235023319943365,-0.0052101482699788,0.010611804773006384,0.04155646915385882,0.0288123372468947,-2.2369146537705313e-17,0.0,803
2023,Davenport,pitching,Standard,BB/BF,0.05534237194874949,0.032582554405141524,-0.015554745729899865,0.07362052069306213,0.05409158777622464,0.03180596106182226,-0.010250456085517244,0.1150212393004012,0.0260035580578685,0.018474596801309123,-5.2816040436248655e-18,0.2608037075122762,803
2023,Marcel,pitching,Standard,BB/BF,0.057785626739253325,0.03345613369532399,-0.015761427655247528,0.0,0.05693343203339647,0.032994378851159065,-0.012274348340529841,0.019589130384662368,0.026982534583705066,0.01929840976550631,-7.145699588433642e-18,0.20409778763106246,803
2023,Razzball,pitching,Standard,BB/BF,0.05713282801344304,0.03350458936124578,-0.01585466875820332,0.012709786979818394,0.056002187078622624,0.03277214236006513,-0.011111050454738008,0.05139946652734517,0.026954829230401267,0.0190548158500438,-1.5534129540073134e-18,0.2057313948218542,803
2023,Steamer,pitching,Standard,BB/BF,0.055314700665891336,0.032555796410629154,-0.014213856575851688,0.07454667181936514,0.05427076192021592,0.03195757611405197,-0.009361261047662403,0.1091486836587241,0.026324567067734343,0.01870334241888864,-6.524334406830716e-18,0.2424405811039927,803
2023,ZiPS,pitching,Standard,BB/BF,0.054248996066986147,0.0321954691968159,-0.01069904650528762,0.10986311072798571,0.05381562972817404,0.03200868985702852,-0.008224233999975792,0.12402796521433124,0.026732142318639674,0.019128384718410312,-1.0252525496448268e-17,0.2188008603020889,803
2023,Davenport,pitching,Standard,BF,156.22971834496454,108.95778331257785,-6.999128268991285,0.42610913354200497,156.22971834496454,108.95778331257785,-6.999128268991285,0.42610913354200497,156.22971834496454,108.95778331257785,-6.999128268991285,0.42610913354200497,803
2023,Davenport,pitching,Fantasy,BF,172.2498448110568,124.3288770053476,-54.31604278074867,0.13872661340951264,172.2498448110568,124.3288770053476,-54.31604278074867,0.13872661340951264,172.2498448110568,124.3288770053476,-54.31604278074867,0.13872661340951264,374
2023,Marcel,pitching,Standard,BF,176.61566225683646,126.88293897882939,11.209215442092155,0.2665670085335349,176.61566225683646,126.88293897882939,11.209215442092155,0.2665670085335349,176.61566225683646,126.88293897882939,11.209215442092155,0.2665670085335349,803
2023,Marcel,pitching,Fantasy,BF,187.38127792153628,132.6577540106952,-65.96256684491979,0.0,187.38127792153628,132.6577540106952,-65.96256684491979,0.0,187.38127792153628,132.6577540106952,-65.96256684491979,0.0,374
2023,Razzball,pitching,Standard,BF,161.79490530395668,111.90261519302614,-17.204732254047318,0.3844948406566384,161.79490530395668,111.90261519302614,-17.204732254047318,0.3844948406566384,161.79490530395668,111.90261519302614,-17.204732254047318,0.3844948406566384,803
2023,Razzball,pitching,Fantasy,BF,182.3862514168279,131.24064171122996,-55.124064171122996,0.034377128407444335,182.3862514168279,131.24064171122996,-55.124064171122996,0.034377128407444335,182.3862514168279,131.24064171122996,-55.124064171122996,0.034377128407444335,374
2023,Steamer,pitching,Standard,BF,163.39290086720987,111.35948704188668,24.05861550280047,0.37227651110622173,163.39290086720987,111.35948704188668,24.05861550280047,0.37227651110622173,163.39290086720987,111.35948704188668,24.05861550280047,0.37227651110622173,803
2023,Steamer,pitching,Fantasy,BF,170.4360686965688,117.50566561336824,-16.446403495768173,0.156769386198351,170.4360686965688,117.50566561336824,-16.446403495768173,0.156769386198351,170.4360686965688,117.50566561336824,-16.446403495768173,0.156769386198351,374
2023,ZiPS,pitching,Standard,BF,203.72503323261208,159.63262764632628,105.70485678704857,0.02413260482335422,203.72503323261208,159.63262764632628,105.70485678704857,0.02413260482335422,203.72503323261208,159.63262764632628,105.70485678704857,0.02413260482335422,803
2023,ZiPS,pitching,Fantasy,BF,143.22438548979878,104.02139037433155,-2.0962566844919786,0.40453356795672146,143.22438548979878,104.02139037433155,-2.0962566844919786,0.40453356795672146,143.22438548979878,104.02139037433155,-2.0962566844919786,0.40453356795672146,374
2023,Davenport,pitching,Standard,ER/BF,0.06825715034433764,0.040066816913137945,-0.013574442062108984,0.0,0.06715819870015846,0.03948808121622477,-0.0059540370185283955,0.020253204854974505,0.03139676838874893,0.02174886558763595,1.615549472167606e-17,0.10616084570530127,803
2023,Marcel,pitching,Standard,ER/BF,0.06897818961182095,0.041086461061927135,-0.014799155438320668,0.0,0.0678454622064845,0.040591334979750156,-0.008001943612321328,9.812132774755788e-05,0.033013760543953614,0.023638738122011258,-1.615549472167606e-17,0.011721220501765273,803
2023,Razzball,pitching,Standard,ER/BF,0.06813808206289929,0.03958621072386255,-0.014589913183984771,0.0,0.06708288785169789,0.03900065504593879,-0.008377420965266698,0.0224493385356479,0.03150170222267539,0.0218838776332817,-4.970921452823403e-18,0.10017610825414625,803
2023,Steamer,pitching,Standard,ER/BF,0.0683023355217344,0.03947068665119479,-0.014633889702644445,0.0,0.06724854059263305,0.03885238251214909,-0.008444400626722921,0.017615501191800442,0.030690842271956637,0.021137999534779368,-1.1184573268852656e-17,0.14590320753194885,803
2023,ZiPS,pitching,Standard,ER/BF,0.06805716854256752,0.039871089857995284,-0.013245714628470925,0.0,0.0671497800995651,0.03941743582546027,-0.007263864908393846,0.020498821328955086,0.031483164891153895,0.021947964557635532,-6.2136518160292536e-18,0.10123480824833575,803
2023,Davenport,pitching,Standard,ERA,5.962927693568194,2.208248495119046,-1.089868380453422,0.0,5.9086707709002315,2.1844470197672643,-0.737357909620834,0.004108909269947003,1.7392791731893826,1.0002020909768454,-5.567432027162211e-16,0.08358830709406406,803
2023,Davenport,pitching,Fantasy,ERA,1.1201431902828842,0.8610707329538053,-0.17916869584457126,0.12711792581960457,1.1067166967995987,0.8625234795378568,0.046930819389196604,0.14791795702141985,1.0260530299484103,0.7914746693506799,1.4716544303980715e-16,0.15426935196412794,374
2023,Marcel,pitching,Standard,ERA,6.01460609812324,2.2557878535910314,-1.2060268869785062,0.0,5.952429647835059,2.236836087368219,-0.8428719054278726,0.0,1.7978099318977658,1.0843572147860772,-3.181389729806978e-16,0.020871753777633728,803
2023,Marcel,pitching,Fantasy,ERA,1.2268375535142777,0.9534687807370374,-0.18300518940910068,0.0,1.213782096804304,0.9601725873782649,0.04034222552631281,0.0,1.129681730727055,0.8833199160616602,6.867720675191e-16,0.0,374
2023,Razzball,pitching,Standard,ERA,5.992596164762278,2.190885771182646,-1.1861646451834842,0.0,5.936503602838826,2.1675189091306692,-0.8589835842890454,0.0,1.739904291825461,1.003822295136909,-6.362779459613956e-16,0.08292944912119038,803
2023,Razzball,pitching,Fantasy,ERA,1.1166790813140346,0.8572120338428196,-0.14551484553280428,0.1325084563732868,1.1074248150693513,0.8571498946914863,0.024333529490541406,0.14682722098304302,1.0314651031226132,0.7923487241912365,7.848823628789716e-16,0.14532395153559996,374
2023,Steamer,pitching,Standard,ERA,5.9928385759017395,2.189342428098599,-1.159408930432305,0.0,5.941000315853255,2.1643056526696167,-0.8518213569280072,0.0,1.7220929045370403,0.9759358628597004,-8.748821756969189e-16,0.10160943259093247,803
2023,Steamer,pitching,Fantasy,ERA,1.0608208056881767,0.8211070031435874,-0.12306687441667881,0.21712478042812666,1.0538105956396506,0.8204851356378803,0.0179288951185942,0.22743752347030177,0.9844318527061406,0.7615785609199597,3.4338603375955e-16,0.22149076331937279,374
2023,ZiPS,pitching,Standard,ERA,5.9736671657925235,2.195477601407999,-1.094350978209115,0.0,5.925603115497986,2.182292451251417,-0.7909974325110029,0.0,1.7416233963832872,1.0067100440298744,-7.953474324517445e-16,0.08111633903466431,803
2023,ZiPS,pitching,Fantasy,ERA,1.1357764502748802,0.8740798510235195,-0.11674925450521438,0.10258317426034214,1.1307361288190636,0.8765276339870705,0.046972720223952984,0.11053057033920499,1.0503309275252573,0.8018398629225931,1.962205907197429e-16,0.11377343900354264,374
2023,Davenport,pitching,Standard,HBP/BF,0.02167865535097013,0.013372512934933233,-0.013142029450278736,0.0,0.01733296529233598,0.0105768826927927,-0.0017834029469448493,0.0,0.009339436104337125,0.006446955391845886,-7.767064770036567e-20,0.0,803
2023,Marcel,pitching,Standard,HBP/BF,0.01709141921005394,0.010163190580568107,-0.001907131546896846,0.008972295916296114,0.017081970027965594,0.010175607158724457,-0.0018205054681827211,0.010067794482974124,0.008989324847962695,0.006041237448964815,-3.106825908014627e-19,0.0673477308512801,803
2023,Razzball,pitching,Standard,HBP/BF,0.017136960972077685,0.010059674755278827,-0.002859601199882781,0.0036838785939643515,0.016972950468649734,0.01017677810586639,-0.0016071512919120577,0.022663248747469167,0.008853662685859943,0.005937154082553938,-6.213651816029254e-19,0.09528551180146683,803
2023,Steamer,pitching,Standard,HBP/BF,0.01711373709844939,0.009952515986390662,-0.0032487595923164133,0.006382448229659388,0.01690088745894827,0.010072723275435123,-0.0018205598902150623,0.030944697983756986,0.008812666297602939,0.005919860707091397,3.106825908014627e-19,0.10364457315038866,803
2023,ZiPS,pitching,Standard,HBP/BF,0.016592686209357697,0.010031278819239722,-0.0010413078532522132,0.06596544660757409,0.016605814820922847,0.010005243978177808,-0.0012329526632504906,0.0644867917427443,0.008759915627464403,0.006080782644477724,-3.8835323850182835e-19,0.11434322756980297,803
2023,Marcel,pitching,Standard,HLD/G,0.11041394460352315,0.08690061419008377,0.026016405753794557,0.10146184087976928,0.10742593983164189,0.07434883464835627,-0.005093795652334023,0.14943599863891843,0.08877437190519105,0.06140427737293725,8.699112542440955e-18,0.2782276752638473,803
2023,Razzball,pitching,Standard,HLD/G,0.10092145998518381,0.06488222351954737,-0.0026249444765068406,0.24931848197804563,0.10098446194878596,0.0676582838951632,0.004428408636236069,0.24838093763697044,0.07842460980224897,0.047419901702577316,8.699112542440955e-18,0.43671298194719477,803
2023,Steamer,pitching,Standard,HLD/G,0.10509087125683277,0.06152256868379513,-0.02167828097065061,0.1860107686565925,0.10292059487969403,0.06727880064233871,-0.00430180133343869,0.21928369454079688,0.07883033770683953,0.05107780957849753,1.739822508488191e-17,0.43086960093299087,803
2023,ZiPS,pitching,Standard,HLD/G,0.11563048632188455,0.06687918260147234,-0.010406068528477065,0.014552757205325673,0.11527740709485482,0.06886649198292659,-0.0051727634487489516,0.02056172146131463,0.09199851267740473,0.0519683690557751,9.941842905646806e-18,0.2248484467206111,803
2023,Davenport,pitching,Standard,HR/BIP,0.03545980885059632,0.023783150414171464,-0.008013941604297978,0.0,0.03455667414728654,0.023396492383775693,-0.000994456855781703,0.0,0.019327586046830623,0.014324895026662135,-1.864095544808776e-18,0.0,803
2023,Marcel,pitching,Standard,HR/BIP,0.03493314203323161,0.023358472937628307,-0.003050380442982653,0.0,0.0348032318153563,0.023402712195060023,-0.0004953315318320116,0.0,0.01941925467485491,0.01430173752297163,-1.1184573268852656e-17,0.0,803
2023,Razzball,pitching,Standard,HR/BIP,0.034348066082412636,0.022690293475917406,-0.0028934295614618656,0.007469015033637838,0.03423141383610678,0.02278852084295427,-0.0006099051107829173,0.014199196703196248,0.018110220362541316,0.013249031315124372,-1.3670033995264358e-17,0.11384940636675245,803
2023,Steamer,pitching,Standard,HR/BIP,0.03438047617111954,0.02246149616118407,-0.0040255783905209985,0.0055950700079758775,0.034159808177887024,0.022508484030328017,-0.001039535653716791,0.01831910167620554,0.01801403883826021,0.01307883843493048,-5.592286634426328e-18,0.12323692189639002,803
2023,ZiPS,pitching,Standard,HR/BIP,0.035165323281871524,0.023526005067629148,-0.0023088261243909424,0.0,0.03509152463137558,0.023645306645814077,-0.0003818605878771201,0.0,0.019290522563365175,0.014309800885229962,-6.213651816029254e-19,0.0,803
2023,Davenport,pitching,Standard,L/G,0.15501186720059998,0.09254449579189575,-0.01484664985096231,0.1828516507090734,0.15433184602036815,0.09474569622247646,-0.0031721814001189823,0.19000541697598994,0.12286714244985836,0.08607843630399449,-1.739822508488191e-17,0.33010969419954306,803
2023,Marcel,pitching,Standard,L/G,0.16013946048478678,0.11579458940368186,-0.0014752962987046774,0.12789709214298084,0.16790457204601267,0.1324958847936215,0.05049232623641973,0.041270574946377536,0.1298331933007476,0.10298159913080282,-2.4854607264117014e-18,0.25199645696677964,803
2023,Razzball,pitching,Standard,L/G,0.1604395510492474,0.11609165059104301,0.020022035355982917,0.12462550540958861,0.16354259933122145,0.12010101153953295,0.037499522062615656,0.09043695956028897,0.12284959623559977,0.09025015427863954,-5.219467525464573e-17,0.3303010097835958,803
2023,Steamer,pitching,Standard,L/G,0.15827658455363783,0.0990858389504725,0.00032584783278740635,0.1480691352634338,0.15865744460716755,0.10064892934577595,0.010991528015781401,0.14396420949010946,0.1251112248701616,0.0876460700599242,-3.728191089617552e-17,0.30541607326656484,803
2023,ZiPS,pitching,Standard,L/G,0.15122245724118158,0.10665832432685188,0.025254393017416627,0.22231522994121788,0.151992674404487,0.10779124583346586,0.02951822937178901,0.2143731349862854,0.11688029297151037,0.08577909901271126,-1.2427303632058507e-17,0.3938016355713917,803
2023,Davenport,pitching,Standard,R/BF,0.10092394089439932,0.062236113700587375,-0.048529157257507546,0.0,0.09268117339585746,0.058486448238095234,-0.02755425848214186,0.0,0.049585909664861025,0.033855732454468164,-2.4854607264117014e-18,0.0,803
2023,Marcel,pitching,Standard,R/BF,0.07116208212099409,0.04219466447710418,-0.015361462172673392,0.0,0.07005164471257344,0.04160762630993668,-0.008897500504298193,0.0006264666981061762,0.033706620282645205,0.02403177601188736,-4.970921452823403e-18,0.011997257200194067,803
2023,Razzball,pitching,Standard,R/BF,0.07084003938714116,0.04117731108596967,-0.01640089965791366,0.0,0.0695683888040274,0.040467171562237544,-0.009509944795085025,0.01436739525439279,0.032488879752990835,0.022802126771994034,1.2427303632058507e-18,0.08209611813123008,803
2023,Steamer,pitching,Standard,R/BF,0.07106559927441301,0.041185045936956814,-0.01675434741495721,0.0,0.06974328855708481,0.04038108354081554,-0.009721885404921582,0.009405268102931963,0.03171191463054907,0.02192843652434995,-3.728191089617552e-18,0.125474131560397,803
2023,ZiPS,pitching,Standard,R/BF,0.0706422716750714,0.04135301307728296,-0.014772820894717435,0.0,0.06957064662876984,0.04075885034153969,-0.008245032572280837,0.01430341729450657,0.032458759435907224,0.02263433665463972,1.2427303632058507e-17,0.08379729959468318,803
2023,Davenport,pitching,Standard,SO/BF,0.06997260387894175,0.04829699947934533,-0.0067480448895636536,0.16967466018406974,0.0697322309576291,0.04802720396050035,0.0034575787135506506,0.17536960078426378,0.042059021185570894,0.031742982355044524,-3.852464125938137e-17,0.39233279998777537,803
2023,Davenport,pitching,Fantasy,SO/BF,0.04252894428688798,0.03270698567783998,-0.015622729251424909,0.3534877641949201,0.03968067997854377,0.03036186009465645,-0.0031487982891430493,0.4371848805528318,0.03710960240486524,0.028646567074641457,1.8395680379975894e-17,0.4510031355169375,374
2023,Marcel,pitching,Standard,SO/BF,0.07168641394397526,0.050476682105624116,0.010055867767929784,0.12850292827197474,0.0711957637584424,0.049924168252114945,0.005569139032835995,0.14039184400923976,0.04386860104971784,0.033576112712363666,-2.1126416174499462e-17,0.3389184409057311,803
2023,Marcel,pitching,Fantasy,SO/BF,0.04158345395042618,0.03255161703947873,-0.001369405893070155,0.3819143469276144,0.04167025350101922,0.03259831402316235,-0.0030168952404690426,0.3793313219633291,0.038792289347020406,0.030657641977450464,9.197840189987947e-18,0.40008726349270674,374
2023,Razzball,pitching,Standard,SO/BF,0.07086173618407303,0.048894878074016136,0.007469882445847755,0.14843893121768614,0.07106319605486887,0.04902194639068894,0.009186474964117059,0.1435900732002231,0.04218413746910612,0.031658255324734194,1.3670033995264358e-17,0.3887120715749409,803
2023,Razzball,pitching,Fantasy,SO/BF,0.03904723108125737,0.030182847432736682,-0.006642069805468409,0.4550106324228399,0.038489106886714655,0.02947052903633814,-0.0009177064479170226,0.4704789713481884,0.0364360324420113,0.02790028900478707,2.7593520569963843e-17,0.4707517610344185,374
2023,Steamer,pitching,Standard,SO/BF,0.06993255193719307,0.04655442179693853,-0.0021199706353905025,0.1706249356485049,0.06996207202062187,0.046679807206369446,0.0029366607678436444,0.16992459259306725,0.041058558034978564,0.030807860051644962,-1.3670033995264358e-17,0.42089827534383306,803
2023,Steamer,pitching,Fantasy,SO/BF,0.03932312444275298,0.03060389819583028,-0.008685788250107077,0.44728203631429697,0.03838564852250328,0.029590612549528963,-0.0016102217482755496,0.4733218406821855,0.03625164387684097,0.027982344899853427,6.898380142490961e-18,0.47609484540257707,374
2023,ZiPS,pitching,Standard,SO/BF,0.06986577781329806,0.04793689097201424,0.0071566960966962904,0.17220801397123808,0.06962940531850012,0.04762727157464367,0.004271472178454425,0.17779977201527908,0.04133284659159748,0.03164659308323555,6.213651816029254e-19,0.41313514159948683,803
2023,ZiPS,pitching,Fantasy,SO/BF,0.03893153142021129,0.030754422841596324,-0.00090488758214045,0.4582355303250938,0.038952753917717325,0.03075571089935068,-0.0015721706611101878,0.4576447121120748,0.03667022422261713,0.0289461180757988,3.0659467299959825e-17,0.4639264341328523,374
2023,Davenport,pitching,Standard,SV/G,0.07201472954787447,0.025665575037635033,-0.005618152636126871,0.48627064958212607,0.07183185777903994,0.027610687686732083,-0.0022930676347497955,0.48887643073826015,0.05506211152979397,0.022398802455322928,2.4854607264117014e-18,0.6510349441496244,803
2023,Davenport,pitching,Fantasy,SV/G,0.06788946920812462,0.028980690660401185,-0.0026436053203765584,0.6629262299156132,0.06783825588034931,0.030043709676829292,-0.0001938572071583762,0.66343459029935,0.05481523841255879,0.02119659854612342,-4.5989200949939736e-18,0.6799548289010139,374
2023,Marcel,pitching,Standard,SV/G,0.08753821389936947,0.05314849221299779,0.016695234610271746,0.24092083210629478,0.08594311455995124,0.043361606760198554,0.0014180642669334058,0.2683322931879035,0.07287500716435127,0.03581296499876056,-1.2427303632058507e-18,0.38872949914373256,803
2023,Marcel,pitching,Fantasy,SV/G,0.09141008832104314,0.05325351832795308,0.00514572992559811,0.3889054798167383,0.09165212267717979,0.04604548776011858,-0.00841343454476848,0.38566510048883373,0.0748121738037356,0.036373705126855733,-1.5329733649979913e-18,0.4038532064008634,374
2023,Razzball,pitching,Standard,SV/G,0.07157779306832383,0.031475741054342504,-0.006802829258322952,0.49248565971309344,0.07132413321271844,0.037226137798452914,0.003167018145150326,0.4960763796612486,0.05342262220200497,0.027552670304942364,6.2136518160292536e-18,0.6715066219769258,803
2023,Razzball,pitching,Fantasy,SV/G,0.0675580029566976,0.02978991000042355,-0.01689592390679489,0.6662096795077133,0.06560601516923566,0.03463603621194547,-0.00505348469405218,0.6852197671715896,0.052872670049653646,0.026949478904960723,-7.664866824989957e-19,0.7022367133479852,374
2023,Steamer,pitching,Standard,SV/G,0.06805833210455568,0.023376516787272886,-0.012305623709629659,0.5411673503262081,0.0670109063891897,0.02848285356312131,-0.003154897958690722,0.5551816498057985,0.04918411908573443,0.023684822366136258,5.592286634426328e-18,0.7215635989912256,803
2023,Steamer,pitching,Fantasy,SV/G,0.061680214402832945,0.026292819460439692,-0.011679616459472167,0.7217649223077431,0.060654508030608435,0.029620483771411722,-0.0033066503135462523,0.7309417573836628,0.04883484994968343,0.022612809592090482,-7.664866824989957e-19,0.7459797264222813,374
2023,ZiPS,pitching,Standard,SV/G,0.07018817231708996,0.02486447612194484,-0.007164604890696387,0.5120002744160324,0.06986719902973235,0.027546381299187097,-0.002525377256274818,0.5164533531114903,0.05280130980265768,0.0222638745547651,4.970921452823403e-18,0.67910303572258,803
2023,ZiPS,pitching,Fantasy,SV/G,0.06590370913070713,0.0274132252444958,-0.005204680643036942,0.6823565913044352,0.06570954291739328,0.029138996484663244,-0.0012384885239286997,0.684225522931504,0.05306144524467052,0.021140949594659435,7.664866824989957e-19,0.7001066651251646,374
2023,Davenport,pitching,Standard,W/G,0.13110137830815433,0.08118799115903097,-0.005343070488281371,0.25419953731801026,0.13117974592292184,0.08397527723649754,0.0070073353243072485,0.25330764628330715,0.1099578825962081,0.08163564469628243,-4.722375380182233e-17,0.4962741025651142,803
2023,Davenport,pitching,Fantasy,W/G,0.10064669789608503,0.07436725842325062,-0.009687719776848649,0.5129699907287085,0.10032219292090187,0.07496658654164086,0.005351309143339555,0.5161054910932383,0.10594099121369173,0.0813110784556847,1.5329733649979912e-17,0.5049221185877363,374
2023,Marcel,pitching,Standard,W/G,0.13780797897131136,0.10103367514390177,0.016334867335650267,0.17594374452795192,0.14892347903424108,0.11983603302025773,0.05877066811240062,0.037646832888979076,0.1257274177806973,0.10259830516840558,-3.231098944335212e-17,0.3414306195226918,803
2023,Marcel,pitching,Fantasy,W/G,0.1174855857555848,0.08690752524728756,-0.031591957595476415,0.3363702705139564,0.11668821668968672,0.09837421900109496,0.028483834689184567,0.3453477485539874,0.12049139209676973,0.10040477467250948,1.5329733649979913e-18,0.35959088616638013,374
2023,Razzball,pitching,Standard,W/G,0.1441528136418298,0.10706430990238716,0.04242136186255063,0.0983159645887256,0.1429564163907763,0.10595730140522838,0.03815855406996399,0.11322092044968457,0.11716884130434721,0.08853566583253333,0.0,0.4280397951028747,803
2023,Razzball,pitching,Fantasy,W/G,0.10678086865023877,0.07846222045703638,-0.0014823462777229152,0.45179428418448697,0.10693794565498614,0.07823075383768753,0.005980607134422292,0.4501802526048091,0.11274501502273696,0.08476646286064202,-6.131893459991965e-18,0.4392876039856459,374
2023,Steamer,pitching,Standard,W/G,0.12351978343194832,0.08296939072359619,0.005373043612612923,0.33796465495363903,0.12485680943825868,0.08562071125883398,0.018998830534779406,0.3235548317192102,0.10986742747376642,0.08197134841244069,-3.479645016976382e-17,0.4971025260516069,803
2023,Steamer,pitching,Fantasy,W/G,0.10130473775349276,0.07399598658722889,-0.015783861366115388,0.5065806535868339,0.10014633612983992,0.07336483895032364,0.00397102361510086,0.5178004610636726,0.10885103845809364,0.08300147658677413,-2.299460047496987e-17,0.4773504111568211,374
2023,ZiPS,pitching,Standard,W/G,0.13148892147516208,0.09280829351942158,0.03847137629092957,0.24978376272568992,0.12863537828758018,0.08959035128470731,0.027161937894889167,0.2819924857903673,0.11179028355047956,0.08204393972227714,-2.4854607264117014e-17,0.47934546180722526,803
2023,ZiPS,pitching,Fantasy,W/G,0.10180024787658948,0.07313470158139321,0.011781922014133096,0.5017419415610671,0.10160619345996531,0.07304792580949802,0.009967034064151259,0.5036397173149951,0.10891805580750288,0.08056311318649045,2.7593520569963843e-17,0.4767066437994014,374
2023,Davenport,pitching,Standard,WHIP,0.9510680453476837,0.3812538539908526,-0.19816210047609806,0.0,0.942352748090979,0.37806521090396833,-0.15088569520751619,0.013263229369288032,0.2773975935945432,0.17040388169458115,1.988368581129361e-17,0.0853479454953503,803
2023,Davenport,pitching,Fantasy,WHIP,0.19426257238974606,0.1511470420409671,-0.010651704096849362,0.0024886013542607666,0.19460795828033822,0.15178302199345756,0.01574068596749764,0.0,0.18067474054839816,0.13829567454611688,1.042421888198634e-16,0.044509095523363906,374
2023,Marcel,pitching,Standard,WHIP,0.9721279329431296,0.3925331255840879,-0.23804288404508603,0.0,0.9592300782539885,0.3839202488567975,-0.17819663202028624,0.0,0.28293282049196455,0.1764225799643911,-1.690113293959957e-16,0.04848159397535534,803
2023,Marcel,pitching,Fantasy,WHIP,0.19628484609788882,0.1523725636758645,-0.033030479678149656,0.0,0.1934881755245121,0.1510676401966151,0.0009725471202818344,0.010425591241998822,0.18273136074791413,0.14191854939456872,-1.226378691998393e-17,0.022632588047208246,374
2023,Razzball,pitching,Standard,WHIP,0.9625681034844955,0.3841323034187347,-0.21397220664044037,0.0,0.955917744072251,0.38096702653264275,-0.1817291523147084,0.0,0.27869358660858456,0.17178755810076274,0.0,0.07678152865524168,803
2023,Razzball,pitching,Fantasy,WHIP,0.1849783925280136,0.14555383047676004,-0.003821302829416219,0.09555617355004964,0.1849390565467209,0.1457287586018704,-0.00022647175863060596,0.09594079579890558,0.17530275232055012,0.1369149773834402,-1.1037408227985537e-16,0.10048347272424452,374
2023,Steamer,pitching,Standard,WHIP,0.9499175172938984,0.37862648773133284,-0.18901568828406667,0.0,0.9456820337505062,0.3771829820268766,-0.16642761103311304,0.006278728745147677,0.274337168117574,0.16902214612636543,1.4912764358470209e-16,0.10541865344873969,803
2023,Steamer,pitching,Fantasy,WHIP,0.180852896429261,0.14406946464959774,0.005309036759285318,0.1354491668941744,0.18078293680555035,0.1438934645773621,0.0016988126730327732,0.13611790876850005,0.17109526564333585,0.1347063829265555,7.358272151990358e-17,0.14314435428757133,374
2023,ZiPS,pitching,Standard,WHIP,0.949348674028572,0.3805863089184529,-0.19874844593631352,0.0,0.9412091405906072,0.377106645561189,-0.15528260112968637,0.015656717064792658,0.27561842563891353,0.1708441691951308,0.0,0.09704307931011968,803
2023,ZiPS,pitching,Fantasy,WHIP,0.1896427245380715,0.14979535847296518,-0.016816269892247375,0.04936900839086644,0.18897426712454846,0.15007683883146558,0.005449550268253899,0.056058813119521766,0.1780445518822481,0.13920217620890374,-1.5329733649979912e-16,0.07212589293286642,374
2023,Davenport,pitching,Standard,wOBA,0.22956205643970495,0.21602846263736555,-0.2142913421304957,0.0,0.08286941570087933,0.054130625704532837,-0.009454184992268484,0.0,0.043968297559131696,0.03201313381080639,-4.970921452823403e-18,0.0,803
2023,Marcel,pitching,Standard,wOBA,0.08302045516870352,0.05272298095596656,-0.0217505376268596,0.0,0.08103584645645956,0.05140200180933632,-0.012144888700750492,0.007082957740035201,0.04101547707323027,0.029922409598599303,-7.456382179235104e-18,0.06447680398164779,803
2023,Razzball,pitching,Standard,wOBA,0.1798187559350077,0.15738329800979228,-0.14372371355113886,0.0,0.11083819545041286,0.07825243832851378,0.024633847073079817,0.0,0.0707134673043195,0.048846566420955764,-2.4854607264117014e-18,0.0,803
2023,Steamer,pitching,Standard,wOBA,0.08559483260334051,0.05564970539437221,-0.033676636582422724,0.0,0.0794815081200719,0.0498140999587656,-0.011178131156492372,0.04480769045854738,0.038603660131952516,0.027750107774530904,-3.479645016976382e-17,0.17126440587989333,803
2023,ZiPS,pitching,Standard,wOBA,0.08580558315171892,0.056590249348168954,-0.034608930533014726,0.0,0.07903184917441741,0.05009486774240414,-0.009011834250603652,0.055584934603077785,0.03937654175497518,0.028756812953054368,1.1184573268852656e-17,0.13774808330209343,803
2024,Davenport,batting,Standard,1B/(BIP-HR),0.07112628204844347,0.0488450172974073,0.017385603590155303,0.0,0.07015587328095726,0.04816509815126018,0.012851372299214757,0.0,0.038459806865921015,0.02931243239102609,-3.73873522902375e-18,0.0,651
2024,Marcel,batting,Standard,1B/(BIP-HR),0.06848843196411766,0.045640633997688376,0.012820954886680986,0.0,0.06834156411918461,0.04555428050948721,0.012011700860384259,0.0,0.03524945784760287,0.026301955208678524,3.614110721389625e-17,0.020456832385591928,651
2024,Razzball,batting,Standard,1B/(BIP-HR),0.06803959437917809,0.04462129301548651,0.012735636307127948,0.0,0.067874458314024,0.04450892440497785,0.011821680095762,0.0,0.033609915636467765,0.02470959552234368,2.6171146603166253e-17,0.10945977501253645,651
2024,Steamer,batting,Standard,1B/(BIP-HR),0.06715999999829761,0.043958500337299075,0.012505071893086512,0.01627759573286336,0.06694083572775476,0.043795418350619814,0.011268838059453015,0.022687513033520457,0.03323973764359117,0.024258474129196836,-3.73873522902375e-18,0.12896848046552545,651
2024,ZiPS,batting,Standard,1B/(BIP-HR),0.06933663764474511,0.04586711703739807,0.016123660408768527,0.0,0.06875732247764861,0.045444284553424065,0.013415382938774697,0.0,0.03401532500452496,0.025176838537595527,-9.96996061073e-18,0.08784646415708386,651
2024,Davenport,batting,Standard,2B/(BIP-HR),0.03873596176324171,0.027237203024632603,0.005280825349674339,0.0,0.03841542437442449,0.026709262506979584,0.0017768546697934141,0.0,0.022498955832525633,0.017069579717319493,-1.3708695839753751e-17,0.0,651
2024,Marcel,batting,Standard,2B/(BIP-HR),0.03851459171564998,0.026853061880505725,0.007118631049681095,0.0,0.03800304373100821,0.026128230761671128,0.003395948441774781,0.014852433259468056,0.020923971243104227,0.01580820904595778,-2.1809288835971878e-17,0.0,651
2024,Razzball,batting,Standard,2B/(BIP-HR),0.03886716297294482,0.0273287386560659,0.008116063844302546,0.0,0.038181473695191974,0.026422571898585736,0.003610965008966291,0.0055798864285036,0.02149690792292591,0.016235146656942593,-1.4954940916095e-17,0.0,651
2024,Steamer,batting,Standard,2B/(BIP-HR),0.038198513929863474,0.02621223823999037,0.007417457818519143,0.004692077146521867,0.037640609013302566,0.0254452850172468,0.0035647806288537937,0.033553518534948146,0.01986374094186087,0.014746614780297365,-1.588962472335094e-17,0.08752829572418708,651
2024,ZiPS,batting,Standard,2B/(BIP-HR),0.03863557430948255,0.026655438186935592,0.00763892430477152,0.0,0.03800851967828575,0.02575199501861898,0.00320829089159884,0.014568508380415346,0.020597605890083453,0.015449482966474604,-1.4331818377924376e-17,0.018860390271663974,651
2024,Davenport,batting,Standard,3B/(BIP-HR),0.01551352310726832,0.006142137625871581,5.9946672480154683e-05,0.0,0.015513435119996402,0.006128927296309185,-2.938751658674183e-05,0.0,0.006547159333708647,0.0045302222688301565,1.207299917705586e-18,0.14081026298690924,651
2024,Marcel,batting,Standard,3B/(BIP-HR),0.015194449169978998,0.006437214453421707,0.0005069607460151612,0.009522391279691123,0.015187644433734264,0.006355369793019133,0.00022420317674852277,0.010409350667182515,0.0064344809356372224,0.004613269352264297,1.207299917705586e-18,0.17012955606947178,651
2024,Razzball,batting,Standard,3B/(BIP-HR),0.015189450210744184,0.006236768206282725,0.0004010359697198119,0.01017401644065874,0.015185525071712695,0.006174036474807367,0.00020397021338287622,0.01068551653532257,0.006195938256054242,0.004395915974802516,3.115612690853125e-19,0.23051984653112867,651
2024,Steamer,batting,Standard,3B/(BIP-HR),0.015220306069798299,0.00624259294488452,0.00037861442310472323,0.006148465540273262,0.01521707006736184,0.006186251353980915,0.00021178634999380843,0.006571027883330527,0.0061974734708887015,0.004390377178156321,1.927785352465371e-18,0.23013847936780252,651
2024,ZiPS,batting,Standard,3B/(BIP-HR),0.01549401251794829,0.006578987797557568,0.0012309764785844066,0.0,0.015450466310202304,0.006408674741565463,0.0004096198080978922,0.0,0.006209208644372873,0.004373188044340296,1.3630805522482423e-19,0.22722018948495404,651
2024,Davenport,batting,Standard,AVG,0.06451298602575611,0.04325833897956689,0.01843013186470225,0.014950082221969696,0.06364100316933924,0.042630793250367664,0.01509707518000611,0.04139876375105778,0.03398405805818353,0.026068637813986186,-1.3708695839753751e-17,0.0605592398352679,651
2024,Davenport,batting,Fantasy,AVG,0.029174704654949066,0.02340518899836356,-0.0009550848848586452,0.0,0.02916324211469811,0.023310805570500776,0.0004934430810946215,0.0,0.028207692474905316,0.022563380055012346,1.8494294033251065e-17,0.0,286
2024,Marcel,batting,Standard,AVG,0.06667665865993125,0.043476410127571086,0.023849806037149368,0.0,0.06481692292485314,0.04217275150787228,0.018007496644537106,0.005646582450944737,0.03253914060558707,0.024733251194204477,-2.866363675584875e-17,0.138746336277921,651
2024,Marcel,batting,Fantasy,AVG,0.02713101056845539,0.021220067766800695,0.0017997798098935882,0.0667243090134454,0.02708771792963685,0.021221742306855498,0.0009444233870633433,0.06970036707328864,0.026422795883943338,0.02067613799192788,9.327556990683146e-17,0.09271023850655924,286
2024,Razzball,batting,Standard,AVG,0.06652958070579501,0.042914076289166624,0.023827534809610352,0.0,0.06409246516310074,0.040953821158307514,0.015792732407584956,0.02775010891149088,0.030688695435194088,0.02266084283578295,2.118616629780125e-17,0.23391708039278059,651
2024,Razzball,batting,Fantasy,AVG,0.024592286611477086,0.019273804720025788,0.004174274653215178,0.2332110668680455,0.02424301074513353,0.018999245583972185,0.0006062821852068587,0.2548372774645573,0.023714182792243996,0.018516407702305095,-8.040997405761332e-18,0.26918946954055945,286
2024,Steamer,batting,Standard,AVG,0.0633008989281481,0.041404765737374435,0.02097532216037391,0.05161711907547051,0.06125257587974181,0.039737891548285977,0.013595528181110912,0.11200061472298484,0.030471878032033498,0.02251930805651088,-2.7417391679507503e-17,0.2447036813520045,651
2024,Steamer,batting,Fantasy,AVG,0.024514381686839143,0.01920877438469752,0.003937520062952141,0.23806153208423342,0.02420474858696254,0.018935548467637082,0.0006473089804578663,0.2571875659431352,0.02367469802399778,0.018472213459202764,5.3070582878024795e-17,0.27162108287153985,286
2024,ZiPS,batting,Standard,AVG,0.06473938325751602,0.04210791998527355,0.021850938869829035,0.0080242243308698,0.06274299817701175,0.04076693621562099,0.014931831942864881,0.06826054470775189,0.030996192066589514,0.023230544928330987,-3.115612690853125e-17,0.2184880702421349,651
2024,ZiPS,batting,Fantasy,AVG,0.024559741422694778,0.019420827283431804,0.00311723943277077,0.2352392457183199,0.0243718714264587,0.019330433474669527,0.0007241545135022863,0.24689458634835781,0.023883321249723886,0.01884636392607532,4.8245984434568e-17,0.25872746232331933,286
2024,Davenport,batting,Standard,BABIP,0.08158403156917451,0.05476920491034869,0.0227263756123098,0.0,0.07970315032648241,0.053554658844418936,0.014598839452421424,0.0,0.04219612330214432,0.03184996599633157,-1.620118599243625e-17,0.0,651
2024,Marcel,batting,Standard,BABIP,0.07941671622282073,0.051596695621681045,0.02044654668237724,0.0,0.07831544136569576,0.05096519452348495,0.01563185247890748,0.0,0.03938485930537796,0.02964687350135448,-5.857351858803876e-17,0.010027853658534203,651
2024,Razzball,batting,Standard,BABIP,0.07911919926547493,0.05034445618891662,0.02125273612115031,0.0,0.07779892440375556,0.04942491756573308,0.015636615318111162,0.0013975359735400872,0.036834940047321296,0.02674417238709787,1.1216205687071252e-17,0.13406695435957805,651
2024,Steamer,batting,Standard,BABIP,0.07851600842498688,0.05010992669005017,0.020301144134710385,0.0,0.07732393768155402,0.0493283942086535,0.015045405038300638,0.013553872839803027,0.03674818952789872,0.026748466355071603,-2.4924901526825e-18,0.1381408951946922,651
2024,ZiPS,batting,Standard,BABIP,0.08128379004088315,0.051476048923450035,0.02499356119212445,0.0,0.07919917622374806,0.050136557001232256,0.01703329363847147,0.0,0.037284800754730583,0.02731017161887314,1.993992122146e-17,0.11278672362538411,651
2024,Davenport,batting,Standard,BB/PA,0.03556201909732631,0.02531390961946713,0.007404481952739268,0.1974243721752339,0.03485977642308945,0.024571190614442972,0.0023180084075825197,0.2288083115932502,0.020978362305564758,0.01649254062118448,-9.38578323119504e-18,0.4677160472265781,651
2024,Marcel,batting,Standard,BB/PA,0.03691335842487912,0.02620137932391339,0.007684813597106551,0.13527052038939102,0.03629108837780569,0.025575732422866888,0.0036747007312681276,0.16417928316414776,0.02147268746260992,0.01681418376223151,-1.7603211703320158e-17,0.4423354780352857,651
2024,Razzball,batting,Standard,BB/PA,0.03707852254136322,0.026549394829583836,0.010336335163065301,0.1275149648588717,0.035758859179936965,0.025301822595494895,0.0032739884855328173,0.1885150766122331,0.021250042061527426,0.016594674996477828,-2.375654676775508e-18,0.4538401153135476,651
2024,Steamer,batting,Standard,BB/PA,0.03683988042945324,0.02635555097671421,0.010304083999045253,0.13870967374701337,0.035503806114781905,0.024963498152295295,0.0030850616912784204,0.20004976201288316,0.02121151155767988,0.01659860748333728,-1.0943589576621603e-17,0.45581891019688014,651
2024,ZiPS,batting,Standard,BB/PA,0.035921997219992265,0.02529512219223336,0.007387033491174702,0.18109392043687722,0.03526622720659124,0.02456425304584879,0.0028080528687189662,0.21071990963000153,0.02093046230989584,0.016149614715001676,-2.3951272560933402e-18,0.47014400519929234,651
2024,Davenport,batting,Standard,HBP/PA,0.016436023175396636,0.010535529797654306,-0.010535529797654306,0.0,0.01262667641549633,0.008752356235346698,0.0005361786985117037,0.0,0.009122786199718815,0.006567786147468163,6.620676968062891e-19,0.0,651
2024,Marcel,batting,Standard,HBP/PA,0.011765928059603983,0.007979808587566396,0.0009459657609887423,0.1301225013789874,0.011734949615447559,0.00784281863207385,0.00040844901062373097,0.13469706217568134,0.007602896619867319,0.0052892395732305605,8.957386486202735e-19,0.3054505422250883,651
2024,Razzball,batting,Standard,HBP/PA,0.011585890048134368,0.007717277521080663,0.0008614919492580726,0.15653993508987352,0.011561898501730889,0.0076049734611480044,0.0004322234786594499,0.16002951757162276,0.007236849512922399,0.005043200356411958,7.204854347597853e-19,0.37071976728166267,651
2024,Steamer,batting,Standard,HBP/PA,0.011300156115070214,0.007579549805496022,0.0008699992356792774,0.1976301401370255,0.011277849405777016,0.007485546751843252,0.0005032471207158152,0.20079479827343139,0.007173944676971201,0.00500365604510448,3.8945158635664064e-20,0.38161200111180715,651
2024,ZiPS,batting,Standard,HBP/PA,0.011478066873498732,0.007854910347453895,0.001798581701062992,0.17216607298472564,0.011367887270836591,0.007619978370073142,0.0008471941839615594,0.18798278554794012,0.007411864742030434,0.005243899074999009,1.2413769315117921e-18,0.33991482818244556,651
2024,Davenport,batting,Standard,HR/BIP,0.04738131321479363,0.02279625969219859,0.006677810774912474,0.07436442963988055,0.04705363025848067,0.021904657086428293,0.0036943788772902525,0.08712330592458384,0.01863133596444646,0.013471896489404993,1.24624507634125e-18,0.4456283559087909,651
2024,Davenport,batting,Fantasy,HR/BIP,0.015473004562751917,0.01238409616780262,0.0022455078005414464,0.5251453673884023,0.015326293236741605,0.012100159307460978,0.0007236708242994925,0.5341075921122916,0.015058235559654291,0.01184943740499449,7.689203769259275e-18,0.5615277859095683,286
2024,Marcel,batting,Standard,HR/BIP,0.04786928898074194,0.02353646909539407,0.007425095440610347,0.055200179402546845,0.047446689970969486,0.022380239555621607,0.003853777884321633,0.07180828266002837,0.019158612056571486,0.013876561745129684,-4.984980305365e-18,0.41380636200430776,651
2024,Marcel,batting,Fantasy,HR/BIP,0.016480527792015552,0.012970276175589697,0.0031212697756843456,0.4612917780372383,0.016206057302520116,0.01252504650331382,0.0008779646927805367,0.47908590066949097,0.015799771867960843,0.01217823038095537,7.035872730041166e-18,0.5172797290130762,286
2024,Razzball,batting,Standard,HR/BIP,0.04736346592498079,0.02265361215764133,0.0074870019271955435,0.07506162327274712,0.046852256926061445,0.02117083731762582,0.0028091408823136487,0.0949201818941584,0.018307433281781048,0.013165716455462708,-6.542786650791563e-18,0.46473612480440984,651
2024,Razzball,batting,Fantasy,HR/BIP,0.015794388250446992,0.012524354322792999,0.0043095018858179965,0.505214469161221,0.015205786053414156,0.01176703113836184,0.0005701191105508408,0.5414052027708971,0.014923117626246797,0.011539301953149837,5.930235586748983e-18,0.5693613270543237,286
2024,Steamer,batting,Standard,HR/BIP,0.047209058322998876,0.02197509222299209,0.0064243646529801544,0.08108249684351654,0.04681267363924984,0.020645024854587968,0.002000921463993162,0.09644885532439806,0.018211649660021992,0.013118557303341973,-1.1060425052528595e-17,0.47032242321644224,651
2024,Steamer,batting,Fantasy,HR/BIP,0.01573231938006192,0.012435738763108573,0.004203889298509377,0.5090956495912935,0.01517149627910402,0.01175907247669246,0.0005840475192284107,0.543471177078563,0.014884860951922686,0.011533311755973155,1.2463545978930067e-17,0.5715664542399734,286
2024,ZiPS,batting,Standard,HR/BIP,0.04728050102720278,0.021608717918529655,0.0047280926033298545,0.07829914853728415,0.04709936509987768,0.020993978344625727,0.0022933109457539754,0.08534786115445014,0.018335011806697964,0.013152153081487475,-3.1156126908531254e-18,0.4631222550112756,651
2024,ZiPS,batting,Fantasy,HR/BIP,0.015229187850486197,0.01197722333911912,0.002205535090521272,0.5399925562154911,0.015081165584036924,0.011774276206215859,0.0006146363341554403,0.5488913147447207,0.014658416204985274,0.011424306141453337,1.3468670654650233e-17,0.5845028955722782,286
2024,Davenport,batting,Standard,OBP,0.06964318229849462,0.04501247123776712,0.01598171451163034,0.0828331313788121,0.06963747744347573,0.04500960507733388,0.015956836239069867,0.08298338556127693,0.03503249811397747,0.026048026100028654,2.7417391679507503e-17,0.20403980308897107,651
2024,Marcel,batting,Standard,OBP,0.07479218903966153,0.047511341694289826,0.02849765927954804,0.0,0.0719157209964379,0.04521250573618075,0.01975135361199941,0.022000077451500122,0.03408191225526388,0.025291047364675145,-3.73873522902375e-18,0.24664956355297585,651
2024,Razzball,batting,Standard,OBP,0.07570834624436164,0.04844646955736919,0.03043126842090782,0.0,0.07148113638639883,0.04464114962246841,0.017431616842397194,0.03378441350806105,0.03324109880328753,0.024327709913174764,-1.1216205687071252e-17,0.2833619248930891,651
2024,Steamer,batting,Standard,OBP,0.07261362647468274,0.04687020869180163,0.027824454800503606,0.0029259890134974986,0.0688089514740419,0.043458381340314454,0.015366630668353256,0.10467435818740334,0.03303431937677252,0.02419343266458592,-5.3588538282673756e-17,0.2922500250402291,651
2024,ZiPS,batting,Standard,OBP,0.07345620131213283,0.047090905042037765,0.02714966383607649,0.0,0.0702640778232017,0.04440891380013165,0.016683266093553705,0.06640644657810879,0.03335389432601959,0.024578720294618214,-3.24023719848725e-17,0.2784902020165607,651
2024,Davenport,batting,Standard,PA,145.06701548390893,105.73317251124192,-8.802315006949897,0.5512418967560833,145.06701548390893,105.73317251124192,-8.802315006949897,0.5512418967560833,145.06701548390893,105.73317251124192,-8.802315006949897,0.5512418967560833,651
2024,Davenport,batting,Fantasy,PA,149.0156044907666,111.81863497927597,-55.57387973452074,0.0,149.0156044907666,111.81863497927597,-55.57387973452074,0.0,149.0156044907666,111.81863497927597,-55.57387973452074,0.0,286
2024,Marcel,batting,Standard,PA,174.15487395673964,140.04608294930875,40.5468509984639,0.3532354348856307,174.15487395673964,140.04608294930875,40.5468509984639,0.3532354348856307,174.15487395673964,140.04608294930875,40.5468509984639,0.3532354348856307,651
2024,Marcel,batting,Fantasy,PA,151.81023072851892,115.61888111888112,-55.40909090909091,0.0,151.81023072851892,115.61888111888112,-55.40909090909091,0.0,151.81023072851892,115.61888111888112,-55.40909090909091,0.0,286
2024,Razzball,batting,Standard,PA,143.90964587238483,105.10752688172043,-11.47004608294931,0.5583738714839177,143.90964587238483,105.10752688172043,-11.47004608294931,0.5583738714839177,143.90964587238483,105.10752688172043,-11.47004608294931,0.5583738714839177,651
2024,Razzball,batting,Fantasy,PA,152.67320783820713,116.75874125874125,-62.84265734265734,0.0,152.67320783820713,116.75874125874125,-62.84265734265734,0.0,152.67320783820713,116.75874125874125,-62.84265734265734,0.0,286
2024,Steamer,batting,Standard,PA,151.2582673374961,106.67201086050171,-3.013583305610856,0.5121197993694112,151.2582673374961,106.67201086050171,-3.013583305610856,0.5121197993694112,151.2582673374961,106.67201086050171,-3.013583305610856,0.5121197993694112,651
2024,Steamer,batting,Fantasy,PA,155.93918839707857,115.91938632518261,-38.22435083089175,0.0,155.93918839707857,115.91938632518261,-38.22435083089175,0.0,155.93918839707857,115.91938632518261,-38.22435083089175,0.0,286
2024,ZiPS,batting,Standard,PA,255.87727172885832,206.9078341013825,174.67127496159753,0.0,255.87727172885832,206.9078341013825,174.67127496159753,0.0,255.87727172885832,206.9078341013825,174.67127496159753,0.0,651
2024,ZiPS,batting,Fantasy,PA,103.99080446168023,82.54895104895105,10.5,0.2705635050512136,103.99080446168023,82.54895104895105,10.5,0.2705635050512136,103.99080446168023,82.54895104895105,10.5,0.2705635050512136,286
2024,Davenport,batting,Standard,R/PA,0.05840673714169872,0.03204730635989252,0.007160302826117214,0.018766693384462352,0.05797219063000658,0.030962040743314347,0.0008353918027103646,0.03331314310933442,0.024053649052920723,0.018538195394071248,6.231225381706251e-18,0.13884407812348787,651
2024,Davenport,batting,Fantasy,R/PA,0.020948198648837662,0.016930000883723775,0.005235689052819435,0.05558482597284453,0.020296832987958806,0.016470705108190164,0.0007394880443537574,0.11340322866974939,0.020150180846925554,0.016427960820205447,-9.6491968869136e-18,0.13414709050806572,286
2024,Marcel,batting,Standard,R/PA,0.05833061016520721,0.03238897292674444,0.007410827263345104,0.021322893160498513,0.057894764071028865,0.03140638433746325,0.0020649419657361306,0.035893596042014475,0.024147617160781985,0.018591522285629127,-1.869367614511875e-18,0.13210254331974203,651
2024,Marcel,batting,Fantasy,R/PA,0.020829764607368125,0.016821580673460325,0.0042570080568510235,0.06623344775924256,0.020403557403423048,0.016477635052411402,0.0007403909187100523,0.1040549435693322,0.02015393591094244,0.016339978415365497,6.432797924609067e-18,0.13382435037205476,286
2024,Razzball,batting,Standard,R/PA,0.05934894856873992,0.03317997949676887,0.007930407093513878,0.0,0.058822386189724574,0.031773509370341804,0.0008165644536832793,0.004751190081278778,0.02439883060304909,0.018699620398479253,4.361857767194375e-18,0.11395072300992803,651
2024,Razzball,batting,Fantasy,R/PA,0.021310742434746923,0.017372770425847263,0.00614817291646361,0.02261256981939086,0.02040766365504537,0.01666555243839376,0.0003535858425802213,0.10369428626150168,0.020173083612316907,0.016487633049883144,-6.030748054321e-19,0.13217770910491733,286
2024,Steamer,batting,Standard,R/PA,0.05851789959378823,0.031704669911104155,0.003564457166239312,0.015028080157508339,0.0584153815128319,0.031176087452799317,-0.0008471005317996996,0.018476220984287473,0.023890682517309917,0.018232292070184127,-6.231225381706251e-18,0.15047343112347777,651
2024,Steamer,batting,Fantasy,R/PA,0.02029999255730033,0.016411525363013692,0.003797837583464192,0.11312717752301482,0.019942404343175176,0.0161798298860586,0.00018265670153742912,0.14409685092984048,0.019649912946958774,0.015995414867296075,-2.372094234699593e-17,0.1766064028917651,286
2024,ZiPS,batting,Standard,R/PA,0.058317258127691125,0.03242564896825337,0.008528931884433247,0.021770885658273453,0.057695123282813676,0.03088478464793618,0.0007532158897779437,0.04253126374849303,0.023580482096937826,0.01806201676467533,7.4774704580475e-18,0.1723909868977116,651
2024,ZiPS,batting,Fantasy,R/PA,0.020374858187796708,0.016581719792134977,0.006971577891871332,0.1065736059994905,0.019155153825010155,0.015544488796163124,0.0006228725306222362,0.21033865910968086,0.019044355797782006,0.015478154139261775,-3.216398962304533e-17,0.22657394688455135,286
2024,Davenport,batting,Standard,RBI/PA,0.051046016948627336,0.03522055539732139,0.016433921490838253,0.0,0.049318707532872284,0.03368036118627297,0.009834268755758093,0.06200700855863839,0.02766248141726898,0.020711691810184,0.0,0.1772136971430066,651
2024,Davenport,batting,Fantasy,RBI/PA,0.023986166467220196,0.018229291269790854,0.005266613402581492,0.11419789062573549,0.023429723813428283,0.017858945662355716,0.0011631822353271796,0.15481970766638042,0.022984259692695703,0.017652525325027594,1.2865595849218133e-17,0.20578995777855247,286
2024,Marcel,batting,Standard,RBI/PA,0.05164001932333003,0.03581786631105924,0.015812595457033812,0.0,0.05031476731859541,0.03456971425254058,0.010720186085059523,0.023736264699595666,0.028081648338951624,0.021028706529618794,-1.0593083148900625e-17,0.15208957326901695,651
2024,Marcel,batting,Fantasy,RBI/PA,0.02430855157101691,0.018681001226533184,0.004378590952469493,0.09022669894684632,0.023947700498906165,0.01840758060762147,0.0013261743601690038,0.11703668645861454,0.02340424974978068,0.01810039473093649,1.2061496108642e-18,0.17649966174441512,286
2024,Razzball,batting,Standard,RBI/PA,0.05095985678608546,0.03516379702157847,0.017443788650843388,0.0,0.04872259322828934,0.03275556212465966,0.009014979186126778,0.08454498019120571,0.026396356627169434,0.01966155242728002,1.620118599243625e-17,0.25080864495175526,651
2024,Razzball,batting,Fantasy,RBI/PA,0.023335879021510676,0.01815069223178868,0.007661075499893849,0.16157667370347695,0.02205780191522418,0.016953004297395175,0.0008218597445789034,0.25090053317334815,0.021699475628848747,0.016821740747961205,-4.0204987028806667e-19,0.29209853270818953,286
2024,Steamer,batting,Standard,RBI/PA,0.0491301231819979,0.033619937578101035,0.01504680480345558,0.06916666912827185,0.047425337995441734,0.03186887958148712,0.007861298550296618,0.132644594640413,0.025763736266727913,0.019388546164584686,3.73873522902375e-18,0.28628886497278994,651
2024,Steamer,batting,Fantasy,RBI/PA,0.022578432050034652,0.01747571323579493,0.006640686192377695,0.21512123061181854,0.021597371419448737,0.016743445771953715,0.0008715339908603092,0.2818472670928672,0.021200756764683543,0.016612462632487755,5.2266483137448664e-18,0.3242639933089987,286
2024,ZiPS,batting,Standard,RBI/PA,0.053051405231934086,0.03704644589153665,0.021765299958439878,0.0,0.04923901697282059,0.0331305394575629,0.009151911147279208,0.06503583066795748,0.027039872814055302,0.020129253703631587,-1.2462450763412502e-17,0.21383433612298097,651
2024,ZiPS,batting,Fantasy,RBI/PA,0.025556766731859658,0.01951852510324024,0.011627584047658816,0.0,0.022769079368484386,0.017445559465047205,0.0006952411718407207,0.20181058308542688,0.02230725562036335,0.017298275060457426,-8.845097146337466e-18,0.25188799840107057,286
2024,Davenport,batting,Standard,SB/TOF,0.2974595543452993,0.07505595807145844,-0.019315536488754594,0.11422969565855878,0.29738422268109765,0.07537266145699789,-0.018118481674384766,0.1146782816992401,0.08222003646722979,0.041077320537035,7.4774704580475e-18,0.43307970987864786,651
2024,Davenport,batting,Fantasy,SB/TOF,0.052760866059069635,0.03766785497558531,-0.0006603122593303467,0.6331872227784502,0.0527590840712615,0.037697371221633566,-0.0004979729060649737,0.6332120004179073,0.05223017350846401,0.037082719219985176,1.7891219227818966e-17,0.6334781975554393,286
2024,Marcel,batting,Standard,SB/TOF,0.30713577004437215,0.08115438260187355,-0.03143349860894245,0.05566503978775339,0.3060524181341368,0.08476357484942505,-0.01799350548952116,0.06231514634739255,0.0879642552706403,0.0467630009059641,-6.6985672853342195e-18,0.35109797275137067,651
2024,Marcel,batting,Fantasy,SB/TOF,0.0630749836230303,0.041551631823300704,-0.01467925631002073,0.47575425243918934,0.06134850375224633,0.0441372353192347,-0.000816038852706253,0.5040606441617119,0.05862210181535971,0.04238248503546235,1.8896343903539133e-17,0.5382789790064104,286
2024,Razzball,batting,Standard,SB/TOF,0.3033379867712875,0.07768574657878322,-0.0295676498701889,0.07887436141997606,0.30236515264552044,0.0806314227235191,-0.016881861115917933,0.0847731644115276,0.084614103278805,0.0434364569564627,6.387006016248907e-18,0.3995841020569524,651
2024,Razzball,batting,Fantasy,SB/TOF,0.057909359889913095,0.038706224583930526,-0.013689060239664739,0.5581059516196284,0.056277046908440674,0.040438682858373584,-0.001001207331438409,0.5826665229311221,0.05502631191949295,0.0393694902280905,2.1157874423909508e-17,0.5931843161420578,286
2024,Steamer,batting,Standard,SB/TOF,0.30063010177069094,0.07554000808614017,-0.03161397840067181,0.09524665334944804,0.29948158982298495,0.07872027459473767,-0.017612727857000982,0.10214639573451456,0.0840657391971899,0.04336964505918953,1.0748863783443282e-17,0.40734119254615664,651
2024,Steamer,batting,Fantasy,SB/TOF,0.058111170047806734,0.038766838296527134,-0.014766439071179641,0.5550206438664882,0.05621060404376954,0.04059362084620481,-0.0008784335394274605,0.583651381391002,0.05494038080369809,0.03949299170065226,2.0605055852263416e-17,0.5944539207537375,286
2024,ZiPS,batting,Standard,SB/TOF,0.29872585942403235,0.07303633536696666,-0.0321073612321539,0.10667207715614824,0.29746076750753675,0.07629302188764457,-0.01663285191535509,0.11422247057360246,0.08180390165728375,0.04102963325101706,-6.23122538170625e-19,0.43880381962508974,651
2024,ZiPS,batting,Fantasy,SB/TOF,0.05491155970601907,0.036748453140820474,-0.0158431785386946,0.6026729044054693,0.052580876489725654,0.03808063312318596,-0.0006895573138182656,0.6356856601041205,0.051511162948341224,0.0372579105197901,8.14150987333335e-18,0.6434999572290778,286
2024,Davenport,batting,Standard,SLG,0.12762255483995072,0.08440234502719454,0.03773606435306137,0.043925369045236695,0.12489697651040593,0.08203926226120464,0.0271246896834424,0.0843262251465361,0.06679388250132616,0.050287116522648216,9.96996061073e-18,0.26112966705594165,651
2024,Marcel,batting,Standard,SLG,0.13302519298857038,0.0903747989975118,0.05114538695136857,0.0,0.12721573798514457,0.08466263005588727,0.033226384513873726,0.05001092907302607,0.06704999870244079,0.05097439299112322,7.72671947331575e-17,0.25545251631453514,651
2024,Razzball,batting,Standard,SLG,0.13236204044698155,0.08879088512680297,0.05111096480327242,0.0,0.12518154962903502,0.08074096504686641,0.02762320291638046,0.08014881420237385,0.06415925838857854,0.04751071820520017,3.4894862137555e-17,0.3182682458887055,651
2024,Steamer,batting,Standard,SLG,0.12654823435317888,0.08458694588939851,0.04449793718729095,0.05995399966667003,0.12066508636221501,0.07777988591952666,0.02292757865143658,0.14532661133717062,0.06292805730968577,0.046722323539301926,1.3210197809217252e-16,0.34418174421584147,651
2024,ZiPS,batting,Standard,SLG,0.12761327119196042,0.08402207114068592,0.04157061602272811,0.04406445946712978,0.12317362505215787,0.07925628156268319,0.024793366868697656,0.10942116051590822,0.0635131623984558,0.047092324289035814,9.720711595461751e-17,0.33192945035371324,651
2024,Davenport,batting,Standard,SO/PA,0.08211332044834106,0.047996550451494355,-0.005566091874469555,0.3186444625176552,0.08281487283836522,0.04807270900215597,-0.012111446938235381,0.3069521188627077,0.038374951930517744,0.02894687930237928,1.5578063454265626e-17,0.6276440562905832,651
2024,Marcel,batting,Standard,SO/PA,0.09241711365458333,0.05491398920152072,-0.02011433372181359,0.13691938438497275,0.0920944402508005,0.054750293050543464,-0.018575506720856328,0.14293573722225583,0.04325245809810094,0.03181381254552115,-2.990988183219e-17,0.5269748960550853,651
2024,Razzball,batting,Standard,SO/PA,0.08963302112253146,0.05052695325285326,-0.016522640419086382,0.18813722113938924,0.08924704761887634,0.050345300337766116,-0.014281270235950133,0.19511417750237958,0.03890664922361961,0.02810598598003006,2.5548024064995628e-17,0.6172543525873657,651
2024,Steamer,batting,Standard,SO/PA,0.08244605560443664,0.047481774918198986,-0.011781572505137419,0.31311137062008,0.08222419763390452,0.047357078019841396,-0.01011296408098747,0.31680315859365016,0.03764884764650747,0.027708465829043107,-6.231225381706251e-18,0.6416016699185879,651
2024,ZiPS,batting,Standard,SO/PA,0.08266487884803751,0.04725148581833434,-0.011431034284483424,0.3094603368665728,0.08243180903642353,0.047076065064070964,-0.009601535859939817,0.3133487369808382,0.03761475131770753,0.027461671467694102,3.73873522902375e-18,0.6422505361958948,651
2024,Davenport,batting,Standard,wOBA,0.07653197488980022,0.04965092477611842,0.023063530795785242,0.04469665798618905,0.07512793409312452,0.04881150594379922,0.01786028424566597,0.0794267532450883,0.03831486619683933,0.028754182012196875,1.74474310687775e-17,0.23648383320217126,651
2024,Marcel,batting,Standard,wOBA,0.08078872978193216,0.0530453595238208,0.03280548406810806,0.0,0.0769966211840403,0.04958403473223208,0.021860022848191253,0.033061635879771734,0.03772144964193021,0.02832367132674532,2.7417391679507503e-17,0.259951198554482,651
2024,Razzball,batting,Standard,wOBA,0.08088194094563156,0.05258013772307206,0.032901335074614804,0.0,0.07628282404382114,0.048064845713929445,0.01896519766994338,0.050906538399974055,0.036304466651025276,0.026853755427460824,8.4744665191205e-17,0.31450588194899787,651
2024,Steamer,batting,Standard,wOBA,0.07711528163508152,0.05015672325699411,0.02933544850420533,0.030079017883738013,0.07314241976485086,0.04643364018939312,0.016236238675955302,0.12744240252523253,0.035820454140410934,0.026609908373456025,9.346838072559376e-17,0.3326621065830091,651
2024,ZiPS,batting,Standard,wOBA,0.07837384142448943,0.05058433602568554,0.029187562998372732,0.0,0.07480104937031527,0.04747189665113434,0.01745427744288781,0.08742022927206539,0.03620572118743903,0.026942278230514805,7.4774704580475e-17,0.3182297972454392,651
2024,Davenport,pitching,Standard,1B/(BIP-HR),0.23712391402961577,0.2208324973128507,-0.21983476833176163,0.0,0.08897104644022738,0.052439280740467935,-0.003927068553488209,0.0,0.042576248598862554,0.029098339405319987,-1.1868406135773102e-17,0.0,802
2024,Marcel,pitching,Standard,1B/(BIP-HR),0.08415048875131177,0.050131430258386976,-0.005884784262447897,0.0,0.08423232330232759,0.05017183964445389,-0.0069577451547713455,0.0,0.03881849769993075,0.028319116453387413,-8.12048840868686e-18,0.0,802
2024,Razzball,pitching,Standard,1B/(BIP-HR),0.2066946361881269,0.1804915075097469,-0.16532489621617416,0.0,0.1271414649140824,0.08667460585802213,0.027831650695664494,0.0,0.07556659046912807,0.050556289887234526,-1.499167090834497e-17,0.0,802
2024,Steamer,pitching,Standard,1B/(BIP-HR),0.10906727738001058,0.08771025404971038,0.07022529073633797,0.0,0.08375813299707872,0.049100485774950596,-0.007165563974409231,0.0042209221093507665,0.03756319302295117,0.026986161122946693,-8.307884295041172e-17,0.044895309783201776,802
2024,ZiPS,pitching,Standard,1B/(BIP-HR),0.10838150913570435,0.0865620361213708,0.06796499510053748,0.0,0.08478836405187408,0.05020064295658215,-0.007858480455943954,0.0,0.03875571846007106,0.027896811641563306,-4.8098277497606784e-17,0.0,802
2024,Davenport,pitching,Standard,2B/(BIP-HR),0.07906583792193755,0.06652030492955009,-0.06575434399950063,0.0,0.04391535794552034,0.02854953829802561,-0.0008863926837135509,0.0,0.022689193512652552,0.01605874907432584,1.1243753181258729e-17,0.0,802
2024,Marcel,pitching,Standard,2B/(BIP-HR),0.04347260123681549,0.028306203954526956,0.0006614643835402585,0.0,0.04350387112110139,0.02811932956650721,-0.00177687347802839,0.0,0.02242293145983785,0.016255272051107314,2.7484729998632445e-17,0.0,802
2024,Razzball,pitching,Standard,2B/(BIP-HR),0.07140946271631358,0.058904442818789635,-0.04937723593779209,0.0,0.05230787708481433,0.036248391088193194,0.008655291361002931,0.0,0.03036767155066372,0.021032191818650244,1.0619100226744354e-17,0.0,802
2024,Steamer,pitching,Standard,2B/(BIP-HR),0.07931807950207814,0.06669781171634051,-0.06624321289686506,0.0,0.043648342135604416,0.028155901944489144,-0.0014082933601284764,0.0,0.02268341989008064,0.016035083554943687,1.1243753181258729e-17,0.0,802
2024,ZiPS,pitching,Standard,2B/(BIP-HR),0.07890298043211369,0.06624910507493771,-0.06502104065345397,0.0,0.044700910336452154,0.028830384066640884,-0.00047622630663910485,0.0,0.022959758401064016,0.016109637439471164,1.1868406135773102e-17,0.0,802
2024,Davenport,pitching,Standard,3B/(BIP-HR),0.010192720907087695,0.0056252727464526,-0.005445946137852158,0.0,0.0086241859989715,0.00639893530099021,0.00037862117143696634,0.0,0.006259174504945303,0.004635376781710587,-6.246529545143738e-19,0.0,802
2024,Marcel,pitching,Standard,3B/(BIP-HR),0.00900547028043782,0.006284580814345601,-0.00013148310920226152,0.0,0.009004686503071437,0.006347206022688635,5.6319221883307884e-05,0.0,0.006629327338410055,0.004828716912245614,-5.856121448572254e-19,0.0,802
2024,Razzball,pitching,Standard,3B/(BIP-HR),0.00988808146363971,0.006292790966192442,-0.003975426932265535,0.0,0.009137630936883976,0.007089146249780757,0.0012353798609763956,0.0,0.006525668220277588,0.004883857878608661,-6.246529545143738e-19,0.0,802
2024,Steamer,pitching,Standard,3B/(BIP-HR),0.010200457243365449,0.00560677628259289,-0.005489842233541311,0.0,0.008603547194890189,0.006378699848084951,0.0003317591146449485,0.0,0.006279966372119836,0.004654971475350224,-6.246529545143738e-19,0.0,802
2024,ZiPS,pitching,Standard,3B/(BIP-HR),0.010171811968364907,0.005658110600349731,-0.005380101994318428,0.0,0.008642503129895392,0.006416737879037631,0.00041545047809484343,0.0,0.006253517480637785,0.004616869425245194,-3.904080965714836e-19,0.0,802
2024,Davenport,pitching,Standard,BABIP,0.09201420992667798,0.057532147389305434,-0.010192843061496011,0.0,0.09151193111914441,0.05698890445824802,-0.0034223907434061383,0.0,0.04423079358435813,0.03209325191895016,7.495835454172485e-18,0.0,802
2024,Marcel,pitching,Standard,BABIP,0.09028839174179978,0.05532448374030811,-0.005354802988109904,0.0,0.09054630113342424,0.055385007724029385,-0.008678299410916449,0.0,0.04226922788392193,0.029999819792264095,-6.246529545143738e-18,0.0,802
2024,Razzball,pitching,Standard,BABIP,0.09039367532212354,0.05655435285115556,0.0009893602559965047,0.0,0.09071257424091143,0.05636872651188832,-0.007663773280018757,0.0,0.043051217760943956,0.03035571686383269,1.1243753181258729e-17,0.0,802
2024,Steamer,pitching,Standard,BABIP,0.08909702858093711,0.05424315419805398,-0.0015077643940684133,0.017710527588432057,0.0894647379225506,0.05419680834554406,-0.008242098219892698,0.00958584906775628,0.04061947490231793,0.02867552210266604,-8.745141363201233e-18,0.05833375766979154,802
2024,ZiPS,pitching,Standard,BABIP,0.08945678523668078,0.054568499903352705,-0.0024361475472349154,0.009761920729732698,0.08977358314175243,0.054617170168369235,-0.007919256284488188,0.0027359401150589546,0.04130888502326906,0.029223848698679115,-1.3742364999316223e-17,0.026097819962706104,802
2024,Davenport,pitching,Standard,BB/BF,0.049116462755359205,0.029547046932111673,-0.004160004521937574,0.09543383393199756,0.04932091165489646,0.029583498539615425,-0.006118092063221576,0.08788758767719818,0.024274952379383295,0.017954881045128518,-5.6218765906293644e-18,0.24523123011728287,802
2024,Marcel,pitching,Standard,BB/BF,0.05071855591309645,0.03052287685862689,-0.008235551622684377,0.035460686186965074,0.05082132332610648,0.030564140832895773,-0.008846428727834912,0.03154797095262385,0.02504830225314725,0.018367161016834357,-9.369794317715606e-19,0.19637444411828786,802
2024,Razzball,pitching,Standard,BB/BF,0.049891169920200186,0.029977124991927846,-0.006103101691616911,0.06667359937679518,0.050220506925721387,0.030102618348608032,-0.00837963782799465,0.05431095311321643,0.024582337163308855,0.01794778223716522,1.2493059090287476e-17,0.22599549074569103,802
2024,Steamer,pitching,Standard,BB/BF,0.0486584288345066,0.029357256986387255,-0.0029724980417441655,0.11222617164127868,0.04893801937697229,0.02934248808628329,-0.006010223665251138,0.1019945925856961,0.02395651485826662,0.017648309118077896,9.99444727222998e-18,0.2649033814643026,802
2024,ZiPS,pitching,Standard,BB/BF,0.048504051286471866,0.029407108127406822,-0.0010288329629827744,0.11785047717666375,0.04877752425446081,0.029246745116546038,-0.005259503632429432,0.10787505753664495,0.024415094294939453,0.017658124489582646,1.3430038522059037e-17,0.23649135174024372,802
2024,Davenport,pitching,Standard,BF,151.44606856333965,109.80162094763091,-6.780673316708232,0.469971223754162,151.44606856333965,109.80162094763091,-6.780673316708232,0.469971223754162,151.44606856333965,109.80162094763091,-6.780673316708232,0.469971223754162,802
2024,Davenport,pitching,Fantasy,BF,164.5192554311157,122.45516304347827,-63.76059782608696,0.2315233344549006,164.5192554311157,122.45516304347827,-63.76059782608696,0.2315233344549006,164.5192554311157,122.45516304347827,-63.76059782608696,0.2315233344549006,368
2024,Marcel,pitching,Standard,BF,177.25740332188934,129.39650872817955,13.618453865336658,0.2739070714882421,177.25740332188934,129.39650872817955,13.618453865336658,0.2739070714882421,177.25740332188934,129.39650872817955,13.618453865336658,0.2739070714882421,802
2024,Marcel,pitching,Fantasy,BF,186.4332772007886,132.4320652173913,-70.3125,0.013166050460260315,186.4332772007886,132.4320652173913,-70.3125,0.013166050460260315,186.4332772007886,132.4320652173913,-70.3125,0.013166050460260315,368
2024,Razzball,pitching,Standard,BF,153.20900162702947,109.41845386533664,-3.5206982543640892,0.45755962650521187,153.20900162702947,109.41845386533664,-3.5206982543640892,0.45755962650521187,153.20900162702947,109.41845386533664,-3.5206982543640892,0.45755962650521187,802
2024,Razzball,pitching,Fantasy,BF,166.68885106884676,121.01603260869564,-51.06983695652173,0.21112113584427472,166.68885106884676,121.01603260869564,-51.06983695652173,0.21112113584427472,166.68885106884676,121.01603260869564,-51.06983695652173,0.21112113584427472,368
2024,Steamer,pitching,Standard,BF,160.53999679943348,112.72939391802076,32.766154522907705,0.4044065112923526,160.53999679943348,112.72939391802076,32.766154522907705,0.4044065112923526,160.53999679943348,112.72939391802076,32.766154522907705,0.4044065112923526,802
2024,Steamer,pitching,Fantasy,BF,162.46324652666658,111.9319975104021,-11.163382865812467,0.2506107319594084,162.46324652666658,111.9319975104021,-11.163382865812467,0.2506107319594084,162.46324652666658,111.9319975104021,-11.163382865812467,0.2506107319594084,368
2024,ZiPS,pitching,Standard,BF,208.8921018718489,164.9002493765586,109.62593516209476,0.0,208.8921018718489,164.9002493765586,109.62593516209476,0.0,208.8921018718489,164.9002493765586,109.62593516209476,0.0,802
2024,ZiPS,pitching,Fantasy,BF,141.47669380963194,105.95923913043478,-4.638586956521739,0.43171391965655526,141.47669380963194,105.95923913043478,-4.638586956521739,0.43171391965655526,141.47669380963194,105.95923913043478,-4.638586956521739,0.43171391965655526,368
2024,Davenport,pitching,Standard,ER/BF,0.07178709628575351,0.044024386870436756,-0.005333244990116707,0.0,0.07235465500393866,0.04379830858847701,-0.010500114748113198,0.0,0.03327939220824635,0.0227288568312261,-7.495835454172485e-18,0.0,802
2024,Marcel,pitching,Standard,ER/BF,0.07181298819611406,0.04326983655947905,-0.010901430522155982,0.0,0.0719435948792849,0.0432776300578858,-0.011731016917933582,0.0,0.03325454875154687,0.022665228300423407,-1.624097681737372e-17,0.0,802
2024,Razzball,pitching,Standard,ER/BF,0.07117299644275951,0.042508569360712026,-0.010249288587069229,0.0047885093757350505,0.0714745797176228,0.04247743846865033,-0.012168321154160382,0.0,0.03211956128938942,0.021643274342943573,0.0,0.06526948660698173,802
2024,Steamer,pitching,Standard,ER/BF,0.07089285330556538,0.042680657697850136,-0.008369246728608375,0.012607569670748608,0.07126257475174114,0.04264479380118322,-0.011072587829744325,0.00228178720451222,0.032022109012129076,0.02162536881309256,-4.99722363611499e-18,0.07093291570459848,802
2024,ZiPS,pitching,Standard,ER/BF,0.07035939647102968,0.04316226933100575,-0.005388823368077471,0.027411585413573247,0.07084349084665281,0.04290304102933374,-0.009868887519096306,0.01398212711086877,0.03250575565521887,0.022227064472023023,-4.99722363611499e-18,0.04265660910154234,802
2024,Davenport,pitching,Standard,ERA,6.750686508513481,2.376431195102163,-0.6987250698857407,0.0,6.775785220081459,2.3623622232918273,-0.9097877421328876,0.0,1.9192425143435003,1.0369363727514154,-6.396446254227187e-16,0.0011291388317147266,802
2024,Davenport,pitching,Fantasy,ERA,1.178201579939675,0.9310843960534498,0.36212369110853776,0.0,1.121281471802305,0.8686816752738445,-0.015708077440232292,0.009631585528089515,1.020967433385788,0.7864517445721005,6.919833334368259e-16,0.022717910070981118,368
2024,Marcel,pitching,Standard,ERA,6.786785207374893,2.3396426841613307,-1.021710728712025,0.0,6.783314596317484,2.3398063621027223,-0.9983968523269822,0.0,1.91763972760283,1.0298625747906387,-8.795113599562383e-16,0.0027967847499710263,802
2024,Marcel,pitching,Fantasy,ERA,1.1656295767214657,0.9014314924685586,0.13983489717456796,0.0,1.1573078717247367,0.8832991158280082,-0.014933127468770813,0.0,1.0469226965891623,0.78686874293843,9.885476191954657e-16,0.0,368
2024,Razzball,pitching,Standard,ERA,6.77464950803127,2.309338115951832,-0.989933091207923,0.0,6.780664682463438,2.3078102994641965,-1.0302936981303636,0.0,1.8821016604827578,0.9898545134376968,-5.596890472448789e-16,0.039415025530405434,802
2024,Razzball,pitching,Fantasy,ERA,1.0902909664774743,0.8545558923746901,0.17849896522105338,0.06361959507877946,1.076722249242922,0.8190880509731558,-0.04958115586933262,0.08678115690491695,0.9715654190277296,0.7251375513109772,1.581676190712745e-15,0.11500613853390684,368
2024,Steamer,pitching,Standard,ERA,6.728194297184393,2.3151049721092427,-0.8607422504273539,0.0,6.741701729995351,2.311713724304066,-0.9606356943339487,0.0,1.8743631156610088,0.9898803531771491,-4.79733469067039e-16,0.04729796617723836,802
2024,Steamer,pitching,Fantasy,ERA,1.0967526802814287,0.8594031113274209,0.23283800789180872,0.05248760890136628,1.072640523523735,0.8197668162433618,-0.04364388754224929,0.09369184082706672,0.9745872318380805,0.7353523222443646,4.9427380959773284e-17,0.10949247041458787,368
2024,ZiPS,pitching,Standard,ERA,6.699251064531826,2.335285248766008,-0.7230066000570563,0.008225148180932451,6.720466530283253,2.32349669026287,-0.898578935181916,0.0019336144261102861,1.887097549236332,1.0121350188543787,-1.1993336726675977e-15,0.034308664890285945,802
2024,ZiPS,pitching,Fantasy,ERA,1.1709910996403827,0.9218175255768218,0.355822678128155,0.0,1.1157842224305046,0.8558911738219084,0.01908019544306567,0.019318638297495805,1.0097834689158316,0.7633983849738437,-2.4713690479886643e-16,0.0440114857142464,368
2024,Davenport,pitching,Standard,HBP/BF,0.022302729935443476,0.012715737955714825,-0.012454551204646475,0.0,0.018562126786737868,0.010114754844789174,-0.0015022096999972778,0.0,0.009039633229699905,0.006338198494979239,1.5616323862859344e-19,0.0,802
2024,Marcel,pitching,Standard,HBP/BF,0.018095299716371277,0.009581424781551625,-0.0012650494764530201,0.03427474437692524,0.018108772649309955,0.009562058945765764,-0.0014450346767340436,0.032836139262387154,0.00817866814167017,0.005674565516155046,-1.834918053885973e-18,0.17780801432888116,802
2024,Razzball,pitching,Standard,HBP/BF,0.018210121982854235,0.009675775785584295,-0.0019252350203960327,0.02197999646963522,0.018163864204694947,0.009737288555730576,-0.0014226560019648096,0.0269424641825321,0.008364429384358862,0.005826427559602617,-5.465713352000771e-19,0.14003514260815786,802
2024,Steamer,pitching,Standard,HBP/BF,0.018125924620180252,0.00956576018171051,-0.00197502590981006,0.031003146731564235,0.018076309491311473,0.009635344668596335,-0.0014507063223277536,0.03630065354341838,0.008302680413014284,0.005789761023995005,-1.7177956249145278e-18,0.1526853629362438,802
2024,ZiPS,pitching,Standard,HBP/BF,0.017661743492762758,0.009734063337836591,-0.00011433031711062369,0.0799971478461673,0.017676773867849774,0.009665852725605748,-0.0007377144382210639,0.07843061259961992,0.008152817693133509,0.005946774220097875,-7.808161931429672e-19,0.1829972315130758,802
2024,Marcel,pitching,Standard,HLD/G,0.10926539832183228,0.08833668734419742,0.03160392574734977,0.14234190678091085,0.10468423637695494,0.07314135678389173,-0.004320902456837541,0.21275218774379212,0.08834368172478502,0.06084138855342801,1.2493059090287476e-17,0.3135100253409273,802
2024,Razzball,pitching,Standard,HLD/G,0.10629690859085507,0.07226643786148318,0.02045978397061419,0.1883100812697467,0.10473426044601074,0.07192102563825709,0.009425247759311844,0.21199962461476807,0.08459119128034369,0.054935550995901666,6.246529545143738e-18,0.3705902119868394,802
2024,Steamer,pitching,Standard,HLD/G,0.09950606869902617,0.059518956230053946,-0.01993805023806237,0.28870784237783975,0.0975821518641071,0.06520038308884549,-0.004283048189063957,0.3159471363616576,0.079177870839776,0.05230381556275437,-6.246529545143738e-18,0.4485694178350791,802
2024,ZiPS,pitching,Standard,HLD/G,0.11484030353898934,0.06535522290284575,-0.008305687046694963,0.05259091054669707,0.11459233913917458,0.067320267823674,-0.003477543641427523,0.05667780502737241,0.0930697956732318,0.052592900604863095,0.0,0.23809516228335204,802
2024,Davenport,pitching,Standard,HR/BIP,0.054519526528261586,0.025921687265167873,-0.0035302212485436245,0.0,0.05463775938569871,0.025849974930906666,-0.005036709231964641,0.0,0.020242494242795023,0.0137643452144156,-4.372570681600617e-18,0.0,802
2024,Marcel,pitching,Standard,HR/BIP,0.053766798096464764,0.024957170459255454,-0.004156659358940065,0.014399000287908081,0.05388450432679753,0.024908887208048652,-0.005472572158036795,0.010078922901596399,0.019542246816777388,0.013052067968371895,-5.6218765906293644e-18,0.007471270386759876,802
2024,Razzball,pitching,Standard,HR/BIP,0.053887262816615954,0.024600746911529754,-0.0028448418716503286,0.009977566968499496,0.05410780650281729,0.024386783788047484,-0.005648960608286291,0.0018572806328974734,0.018685577271189736,0.012162944721919828,-3.123264772571869e-19,0.09258252754975083,802
2024,Steamer,pitching,Standard,HR/BIP,0.05360231618888245,0.024328105334244468,-0.002607892693991526,0.020420023359835282,0.05380212081639385,0.024155653265662522,-0.005316108335266095,0.013103570949613563,0.01846606214200463,0.01195954271737258,7.495835454172485e-18,0.11377767972219976,802
2024,ZiPS,pitching,Standard,HR/BIP,0.0536796830764388,0.025304551542576614,-0.0020298752128292993,0.01759022969013313,0.05383035508793806,0.025107453429359973,-0.004507676462019767,0.012067492346999664,0.019785310368223133,0.01335382268783782,-2.498611818057495e-18,0.0,802
2024,Davenport,pitching,Standard,L/G,0.16567136590250336,0.09765572707579857,-0.017419057314861857,0.16896065771381774,0.16477161969551923,0.10172651915629935,0.002471585487517902,0.17796274543069834,0.12225153227629099,0.08370059211533346,-3.997778908891992e-17,0.4020372449635675,802
2024,Marcel,pitching,Standard,L/G,0.16835354258270444,0.12065740711407884,-0.0031393477680398047,0.14183421068166502,0.17574153553049965,0.13899245338663002,0.05051759609165987,0.06486241625450917,0.1356782980600866,0.10829358065868537,-2.998334181668994e-17,0.2634770462773153,802
2024,Razzball,pitching,Standard,L/G,0.16724644965379573,0.11737553925598351,0.013829125374241507,0.1530836971466656,0.17102173620152503,0.12332076798781463,0.038318455608242666,0.11441693976868372,0.12291449484020378,0.0867810233583473,-2.998334181668994e-17,0.3955342292017904,802
2024,Steamer,pitching,Standard,L/G,0.15717779107020166,0.0970746745300461,-0.009351561852279602,0.25198718106615525,0.15734331078652652,0.10186155160459931,0.011811483930248374,0.2504109270711483,0.12490420383245043,0.08596066059919862,-4.4975012725034915e-17,0.3758059526795733,802
2024,ZiPS,pitching,Standard,L/G,0.15853344619835494,0.11066559898652635,0.02321554080998455,0.239028346669245,0.1594530270425194,0.11227899327490881,0.028833584664342014,0.2301746377359073,0.12361423956013178,0.09063570352218245,-6.621321317852362e-17,0.38863226522796723,802
2024,Davenport,pitching,Standard,R/BF,0.10785900881717803,0.06442047982729368,-0.0413974551891098,0.0,0.10468150521631825,0.06347701140161978,-0.03222423075054436,0.0,0.05177252522634875,0.034634654516617076,-6.246529545143738e-18,0.0,802
2024,Marcel,pitching,Standard,R/BF,0.08089061414769005,0.04553413613245237,-0.013707937417583072,0.0,0.08092401575573924,0.045536739601335884,-0.013903683579865914,0.0,0.034396437173795424,0.023535732366097444,-2.498611818057495e-18,0.0,802
2024,Razzball,pitching,Standard,R/BF,0.08059440906909442,0.04464960730300377,-0.013920272819993492,0.0,0.0807027382184728,0.044670419972840755,-0.014534344778691258,0.0,0.03336388989597423,0.0225904189161795,1.7490282726402467e-17,0.048515429296072,802
2024,Steamer,pitching,Standard,R/BF,0.08005394899154346,0.044612522843586945,-0.012479765072200999,0.0035010228194953807,0.08024853224715821,0.04465985270513564,-0.013672480204406118,0.0,0.033196047983912305,0.022371198447489884,3.7479177270862424e-18,0.058064513387676375,802
2024,ZiPS,pitching,Standard,R/BF,0.07932612571404457,0.044889220120226295,-0.00850488584502627,0.02153831350125046,0.07980645310951558,0.044818858406637775,-0.012197082452694723,0.009653077902321283,0.03355112849227281,0.02290312211374083,-6.246529545143738e-18,0.037805974309038315,802
2024,Davenport,pitching,Standard,SO/BF,0.06477742443962234,0.04609895647291722,-0.0020981545193231093,0.186275308889009,0.06506289430962997,0.04653258319091626,0.006439545892534085,0.17908744256754117,0.04317868437330242,0.031644923341285915,1.1243753181258729e-17,0.32109557726768845,802
2024,Davenport,pitching,Fantasy,SO/BF,0.04223642819792398,0.03187901299534788,-0.01417073099014891,0.30804159453471447,0.03992333564690411,0.030363432128258996,-0.0032812313317019206,0.38175692438905584,0.037513382693761546,0.027900308760493372,-1.2356845239943321e-17,0.3919765085564839,368
2024,Marcel,pitching,Standard,SO/BF,0.06746268546156596,0.04915541087197491,0.013504888822036983,0.11741327421707293,0.0667784401374977,0.04838615445514989,0.009514628716180275,0.13522588443425732,0.04391586714726215,0.03279127439053643,-9.99444727222998e-18,0.29771603563500815,802
2024,Marcel,pitching,Fantasy,SO/BF,0.04073752769982689,0.0312887146936316,-0.0015062912068775321,0.3562830298749705,0.04078862794196115,0.03125863557108738,-0.0025367143105771966,0.3546670887168053,0.03796833047456353,0.02888425034546959,-2.162447916990081e-17,0.37713933409694256,368
2024,Razzball,pitching,Standard,SO/BF,0.06611490433752024,0.04740872654924542,0.009684757967621577,0.15232594828717205,0.06647344041968123,0.047709173746825054,0.011888323791050974,0.1431072763797996,0.042068662542857786,0.03132303597106137,-8.745141363201233e-18,0.35555295458285996,802
2024,Razzball,pitching,Fantasy,SO/BF,0.037226506925538944,0.028739471779578547,-0.005717618869154392,0.4624607328662039,0.03678546128003045,0.028359778290517574,0.00022024813354632153,0.47512240644466885,0.03482283148395389,0.026676096465380675,-1.5446056549929152e-17,0.47606662267319333,368
2024,Steamer,pitching,Standard,SO/BF,0.06403232763100615,0.04545052264757533,0.0024677443929591245,0.2048872465349889,0.06439962767920747,0.04596397651248552,0.007298138513690429,0.1957392872886362,0.041783155589419405,0.031044876970396287,7.495835454172485e-18,0.3642705959835051,802
2024,Steamer,pitching,Fantasy,SO/BF,0.03698733349080666,0.028458909219169704,-0.007275181900025767,0.4693457253003446,0.036266153094762096,0.02812365334816816,-0.0003151082528857467,0.4898374179751943,0.03471437185814658,0.026709978512721423,8.495331102461032e-18,0.4793252389743493,368
2024,ZiPS,pitching,Standard,SO/BF,0.0647070036435251,0.04691254326585295,0.006779250627354579,0.18804357903463476,0.06488379277027902,0.04711738407681258,0.00829870368201142,0.1836007474481851,0.04286986821410419,0.03193818325947146,1.311771204480185e-17,0.3307719683740028,802
2024,ZiPS,pitching,Fantasy,SO/BF,0.038439728639413896,0.02928188153963772,-0.0048216713606273175,0.4268527047975825,0.03813997773999076,0.029248607501094145,-0.0005419214381324864,0.4357565953438073,0.036210314369754124,0.027494834855395892,1.6604510791173836e-17,0.4334835900251711,368
2024,Davenport,pitching,Standard,SV/G,0.06620745382342262,0.026287057838908265,-0.006162761232699426,0.5245786361469666,0.0659626324114493,0.02850373054858371,-0.0023709826820549527,0.5280881542961633,0.05750523904671622,0.02432242097356415,3.4355912498290557e-18,0.6014836932921057,802
2024,Davenport,pitching,Fantasy,SV/G,0.06934192322105662,0.030082122757356566,-0.005122705945275117,0.6383153390622971,0.06918128341915723,0.03146034112080145,-0.001997442296690232,0.6399891793681216,0.056954524455781065,0.02289915483722325,3.861514137482288e-18,0.6344290635526124,368
2024,Marcel,pitching,Standard,SV/G,0.07724334748678063,0.0509708818049317,0.018855793879513975,0.3528766152724142,0.07490697746915115,0.039413259751666464,0.00024800287718991824,0.39143150182654296,0.06765033604120357,0.03342347073991698,-8.745141363201233e-18,0.44846740107880045,802
2024,Marcel,pitching,Fantasy,SV/G,0.08522825061976162,0.05191993091843401,0.009948503243627789,0.45360656361586693,0.08499090225058396,0.04301027853125339,-0.007653200536500583,0.45664557972361475,0.06887976910994074,0.033415723451383966,-4.633816964978745e-18,0.4653143033621808,368
2024,Razzball,pitching,Standard,SV/G,0.06449178565437046,0.028781949893601458,-0.005931610043922584,0.5488990676051483,0.06426708761105182,0.03357613951180674,0.002500426129784806,0.5520369840789148,0.054959312351733944,0.02600126635355465,2.498611818057495e-18,0.6359895504871591,802
2024,Razzball,pitching,Fantasy,SV/G,0.06933154255375143,0.028921759770400172,-0.014131322814990072,0.6384236212364524,0.0680149759865042,0.033060378929039395,-0.004343782920860187,0.6520254969753985,0.05476813750404346,0.02530422849506673,2.3169084824893726e-18,0.6619576240915606,368
2024,Steamer,pitching,Standard,SV/G,0.06008383018105279,0.022365509567764456,-0.011324728197092173,0.6084563897675042,0.059057109734471314,0.02728842833369675,-0.0024341383900286792,0.621723555483177,0.04953061616753805,0.02344423053794623,3.7479177270862424e-18,0.7043494223129253,802
2024,Steamer,pitching,Fantasy,SV/G,0.06159273733783006,0.025777621063972373,-0.011636443619507683,0.7146372139369888,0.06058255357127445,0.029065395880040337,-0.0034622715894907924,0.7239209351898777,0.04886425671150689,0.02222980871265241,7.723028274964576e-19,0.7309098535261651,368
2024,ZiPS,pitching,Standard,SV/G,0.06466732872576997,0.02437564014010222,-0.006907641610817937,0.546439981860496,0.06433289302024094,0.02712095490161326,-0.002138511737278209,0.5511191431541616,0.054034702272895516,0.022741092731315873,-2.8109382953146822e-18,0.6481344113357805,802
2024,ZiPS,pitching,Fantasy,SV/G,0.06678817604774553,0.02838565355388815,-0.004628981367062045,0.6644652603084915,0.06663252226674861,0.030076200629201997,-0.0008124237445489858,0.6660274048266526,0.05346996161638793,0.02139389415367936,7.723028274964576e-19,0.6777930189107673,368
2024,Davenport,pitching,Standard,W/G,0.13682167958727876,0.08444743083127305,0.00175025362424829,0.22289085973228862,0.1386244424261352,0.09084365764421488,0.022352347094256004,0.20227756362748095,0.1163539494594077,0.08399548514141775,3.997778908891992e-17,0.46869141344723986,802
2024,Davenport,pitching,Fantasy,W/G,0.10370672983562305,0.07390685827432542,-0.013044417880868062,0.49192958600578374,0.10394581903088443,0.07659202812176316,0.01482579908986946,0.4895842382732606,0.10840127057895578,0.08138849004028093,9.26763392995749e-18,0.4968227429798797,368
2024,Marcel,pitching,Standard,W/G,0.1441939617855804,0.1073151692818934,0.020622048111127757,0.13688963684866073,0.15778077572466062,0.12910337165317054,0.06729148119302993,0.0,0.1345685897250924,0.11016077797547588,1.998889454445996e-17,0.2893234619970435,802
2024,Marcel,pitching,Fantasy,W/G,0.1251381231034232,0.09192635884918085,-0.03309448867807633,0.260242631681899,0.1255340115510731,0.10639686584396556,0.0345612989212034,0.2555546175292729,0.12762090353238925,0.10691056776229785,-3.861514137482288e-17,0.30257760634050823,368
2024,Razzball,pitching,Standard,W/G,0.14572259691938627,0.10823104736571242,0.04240446653600197,0.1184925507712763,0.14650060713912544,0.10899783756959634,0.045005459906608605,0.10905472007505068,0.11750406794625406,0.08775659089951461,0.0,0.45813589853137326,802
2024,Razzball,pitching,Fantasy,W/G,0.1055444856775981,0.07673225907459322,-0.006265680482440373,0.473763313387786,0.10589137343145222,0.07689514592216184,0.010611468426122251,0.4702985176312082,0.10893733532328012,0.08136870320162554,-7.723028274964576e-18,0.49183382480784055,368
2024,Steamer,pitching,Standard,W/G,0.12510457107002818,0.08194893528008006,0.005295494798216641,0.35029151469685105,0.12782035045248394,0.08686516195752761,0.026738185285056598,0.32177750498767166,0.11011784292370798,0.07884168295948325,3.4980565452804933e-17,0.5241172452081126,802
2024,Steamer,pitching,Fantasy,W/G,0.10075949456955142,0.07053713142641647,-0.025072585494451544,0.5203968945592942,0.09781653504251454,0.06878913280062765,0.0066508138741505915,0.5480040168101563,0.10518293004554508,0.07655475691769845,-4.633816964978745e-17,0.526257020257868,368
2024,ZiPS,pitching,Standard,W/G,0.13804197397022688,0.09832049013805122,0.03286454352645394,0.2089671772998879,0.13958688208711748,0.10037425646113372,0.038845711403039336,0.1911622813160303,0.11893727909891687,0.08797102746240214,5.24708481792074e-17,0.4448369232160275,802
2024,ZiPS,pitching,Fantasy,W/G,0.10396438934101747,0.07535336341462205,-0.0038094073229855553,0.4894018466047495,0.1051476617022404,0.07814572908615576,0.01618481061213077,0.47771294216839644,0.11173202214809083,0.0848962155029594,-3.707053571982996e-17,0.4654263158347448,368
2024,Davenport,pitching,Standard,WHIP,0.968913166165323,0.3581425975236848,-0.0919891449279502,0.0025572963245763525,0.9719605616669168,0.3587176942693049,-0.11990251311767074,0.0,0.2939945658426969,0.17586252596043425,1.2992781453898976e-16,0.017092825909115206,802
2024,Davenport,pitching,Fantasy,WHIP,0.21302488410171613,0.1637903900445815,0.06395138157358683,0.0,0.20380616316595188,0.15936432724121496,0.015720372229928392,0.0,0.18570392430990226,0.14350281386132838,-2.347800595589231e-16,0.0,368
2024,Marcel,pitching,Standard,WHIP,0.9806514903557736,0.35711687863307434,-0.1621793279994252,0.0,0.9803107961306845,0.3568834363859935,-0.16010635809898943,0.0,0.29170061497825756,0.17268822176099394,-7.995557817783984e-17,0.032371640498158105,802
2024,Marcel,pitching,Fantasy,WHIP,0.19653773700962912,0.15378760127890737,0.024805769433214376,0.0,0.19500800023433051,0.15346623616924324,-0.0040452791869410335,0.011305443302483842,0.17930046130767904,0.14011960399702114,-1.2356845239943321e-17,0.041374575110746825,368
2024,Razzball,pitching,Standard,WHIP,0.9759320949945308,0.3541547305071912,-0.12710817980012587,0.0,0.981621957293141,0.35625903119010627,-0.1652110842882654,0.0,0.28770995452969617,0.1684315410802643,-4.9972236361149903e-17,0.05866615090602012,802
2024,Razzball,pitching,Fantasy,WHIP,0.19644877056912435,0.155083834750596,0.062506402576862,0.0,0.18640932814338415,0.14754120651916694,-0.00796043490320476,0.09657403555232003,0.16993468253955973,0.13321684685442634,0.0,0.13890676264841761,368
2024,Steamer,pitching,Standard,WHIP,0.9615691279911067,0.3485699978203841,-0.09530312654082129,0.01762055698699161,0.9674522299804785,0.3497041909646444,-0.14293815206962537,0.0055629352178632185,0.28292192552399714,0.16635910940373022,-7.995557817783984e-17,0.08973654076755377,802
2024,Steamer,pitching,Fantasy,WHIP,0.1946695055941558,0.1526457931693301,0.07025692240417544,0.014734813890676102,0.1815998881207905,0.14503250252707042,-0.004282301124033074,0.14259020821007962,0.16755561053015783,0.13324019041377952,-7.414107143965992e-17,0.16284846365952965,368
2024,ZiPS,pitching,Standard,WHIP,0.9599774665452364,0.35144503832828466,-0.09395612921380199,0.020870081815279717,0.9650428448765976,0.3519665048530987,-0.13630374312449065,0.010509946032000173,0.2865029547431801,0.17100197577327161,1.499167090834497e-16,0.0665477446251107,802
2024,ZiPS,pitching,Fantasy,WHIP,0.2039930850928098,0.1591169280288484,0.07135640012412253,0.0,0.1911313061665729,0.15109815789147538,0.003119818894065386,0.0502245467805259,0.17497341651917836,0.1381554820553691,-2.2860163693895143e-16,0.08708514659961875,368
2024,Davenport,pitching,Standard,wOBA,0.21959553504646498,0.20115932138449055,-0.1986952843435972,0.0,0.0943396184848865,0.059091463913688934,-0.012553112120651513,0.0,0.04856496931302936,0.03434821658634136,7.495835454172485e-18,0.0,802
2024,Marcel,pitching,Standard,wOBA,0.09052977942893486,0.054914004292746205,-0.015431415921189032,0.0,0.09100347513534096,0.0551828013707525,-0.018003336373843284,0.0,0.04264061734471402,0.03061813095999883,1.998889454445996e-17,0.03836089494893069,802
2024,Razzball,pitching,Standard,wOBA,0.18384900567814177,0.15899254197673815,-0.14706126606684367,0.0,0.11094941816508634,0.07675419704676897,0.011676150029558964,0.0,0.06823352819327413,0.047034373076188525,-9.99444727222998e-18,0.0,802
2024,Steamer,pitching,Standard,wOBA,0.09129481843888229,0.055231075591219404,-0.024514973846366448,0.0,0.08931989247359183,0.05365906578982182,-0.01562956366612814,0.02095240823913236,0.040723726735276744,0.029008642479311734,4.99722363611499e-18,0.12287765021856756,802
2024,ZiPS,pitching,Standard,wOBA,0.09144093469045032,0.055761336052530516,-0.02446982819289638,0.0,0.08921695481346771,0.0541022414858986,-0.014035418800841186,0.023207735523231188,0.041621894748916206,0.029959866614077787,-1.7490282726402467e-17,0.08376085699473701,802
2025,ATC,batting,Standard,1B/(BIP-HR),0.08589606533165176,0.049284838046567574,0.01100808554987506,0.0,0.08592221293288257,0.049304552491014966,0.011210289171006999,0.0,0.03495119202480341,0.025136802745957636,1.7402410117075038e-17,0.07871571974458902,668
2025,Marcel,batting,Standard,1B/(BIP-HR),0.08605951947404851,0.04962536898542444,0.010423060824528542,0.0,0.08598772671319253,0.049572793916937974,0.009812667840621764,0.0,0.03657241395521791,0.02632568719792692,1.615938082299825e-17,0.0,668
2025,OOPSY,batting,Standard,1B/(BIP-HR),0.08556303710701205,0.048954292132721594,0.00818654929094481,0.0,0.0856245646217765,0.0489918778768907,0.00880638047020055,0.0,0.03484855279354321,0.02517280240518745,-2.361755658745898e-17,0.08411874381329132,668
2025,Razzball,batting,Standard,1B/(BIP-HR),0.0857609614666015,0.04974068657816877,0.007723519501075511,0.0,0.08612824203106113,0.04997097510061701,0.011080808506992267,0.0,0.035848776300121225,0.026203631935809157,4.972117176307154e-18,0.03078897018747473,668
2025,Steamer,batting,Standard,1B/(BIP-HR),0.0855368236982638,0.048920658327529044,0.011510426767561597,0.0,0.08532636048841692,0.048746670799095816,0.009824943266137075,0.0038206204158145463,0.034654540654023874,0.02492416441125288,-6.215146470383942e-18,0.09428831676947347,668
2025,The BAT,batting,Standard,1B/(BIP-HR),0.08543675190908101,0.049033785833486915,0.007889665995224698,0.001241328548091114,0.08564004990548141,0.04919233159665577,0.0098501979957609,0.0,0.03507996165387135,0.02553722783710288,-2.237452729338219e-17,0.07191469425999175,668
2025,The BAT X,batting,Standard,1B/(BIP-HR),0.08546640247730401,0.04889567752490419,0.008303518217525663,0.000547975859746197,0.08567253028400895,0.04904829241491383,0.010209060076260342,0.0,0.034701130981585705,0.025122796108547767,-2.361755658745898e-17,0.09185136226013979,668
2025,ZiPS,batting,Standard,1B/(BIP-HR),0.08728182950505871,0.05042050300271343,0.013014860900886355,0.0,0.0870063112684567,0.05020545168974286,0.011016671142539427,0.0,0.03570568106185764,0.02597545952466166,3.7290878822303655e-18,0.03851100137574193,668
2025,ATC,batting,Standard,2B/(BIP-HR),0.0381134285503668,0.024831605957716017,0.006872262218978926,0.0,0.03782059850900417,0.024520045415154,0.004999222311697919,0.005576101983247872,0.018985267439153672,0.013864853175440976,-3.107573235191971e-18,0.0735358768058908,668
2025,Marcel,batting,Standard,2B/(BIP-HR),0.03857292322585185,0.025536582273193886,0.007219841626003607,0.0,0.038163596234602574,0.025063211535998223,0.004551459598292084,0.0,0.020051017389739627,0.014776105745574168,-1.2430292940767884e-18,0.0,668
2025,OOPSY,batting,Standard,2B/(BIP-HR),0.037732732317499316,0.02467586938613193,0.007620363450706729,0.010191298266169047,0.03722148040013038,0.02406644465809034,0.004444035795771655,0.0368320058062418,0.018740887312153644,0.013762881602244528,-8.079690411499124e-18,0.09723343484756475,668
2025,Razzball,batting,Standard,2B/(BIP-HR),0.038599550365174796,0.0256828053918159,0.007178265160812629,0.0,0.03825719837899317,0.02535894986027617,0.00502149680224015,0.0,0.0204718265561826,0.015447863502812544,-5.593631823345548e-18,0.0,668
2025,Steamer,batting,Standard,2B/(BIP-HR),0.037896067435009506,0.024889711293118493,0.007284191776170693,0.0016035058995133022,0.03750801291347234,0.02442025237510741,0.0048783763190689295,0.021945913587156696,0.019126184133410842,0.014060859030559442,2.1753012646343798e-18,0.0597316176333772,668
2025,The BAT,batting,Standard,2B/(BIP-HR),0.03762379532808535,0.024444236444763682,0.005673565421200282,0.015898339436537068,0.03752766665976936,0.024331961780130536,0.004996512246131992,0.020920667963861383,0.01882018580134196,0.013823700275057,1.2430292940767884e-18,0.08957750276220244,668
2025,The BAT X,batting,Standard,2B/(BIP-HR),0.037623491241745896,0.02446638320333012,0.005642526921059292,0.015914246957810962,0.03751200303943098,0.02433315486500348,0.004843695786011735,0.021737810503344,0.018953522258237966,0.013923893274219423,9.322719705575913e-18,0.07663155954907919,668
2025,ZiPS,batting,Standard,2B/(BIP-HR),0.0386676151225075,0.025504161734175343,0.008132018987860005,0.0,0.03806850518548094,0.02475633624040143,0.004489583567941863,0.0,0.019998214934143475,0.014675412771856671,4.661359852787956e-18,0.0,668
2025,ATC,batting,Standard,3B/(BIP-HR),0.007623739377475644,0.005152161794660234,0.0009423135560956669,0.08818110970611814,0.007575007678586116,0.004907971758589083,0.00038378909959450077,0.09980072748040947,0.006009198800495029,0.004107976429947592,-6.700704788382687e-19,0.21732289613678235,668
2025,Marcel,batting,Standard,3B/(BIP-HR),0.008024446414830447,0.00571374658966433,0.00166648899959936,0.0,0.007873088609164412,0.005405945739029717,0.0006090727124530062,0.0275600743279395,0.006288243091121493,0.0044377927208178415,-1.9422332719949819e-19,0.1429461104438886,668
2025,OOPSY,batting,Standard,3B/(BIP-HR),0.007709049191086818,0.005481987500527851,0.0017145022170031124,0.06766038742158442,0.007557367225423485,0.005073487942538667,0.0007898593554660987,0.10398856026686032,0.005820438647081198,0.0040425015954179645,6.215146470383942e-19,0.2657213225808329,668
2025,Razzball,batting,Standard,3B/(BIP-HR),0.0076118096172868984,0.005268121756569024,0.0011477242628997297,0.09103253714565551,0.007557878998057503,0.005120268947567417,0.0007065127621678793,0.10386720327911203,0.005944565376815569,0.004120295808456397,1.5537866175959855e-19,0.23406890554413307,668
2025,Steamer,batting,Standard,3B/(BIP-HR),0.007577023348934772,0.005368155643937396,0.0013694494673278277,0.09932158700327876,0.00749256224048149,0.00513200855444789,0.0007762718214329056,0.11928940405844946,0.005867590309557496,0.00410148354890109,-8.54582639677792e-19,0.2537762780217351,668
2025,The BAT,batting,Standard,3B/(BIP-HR),0.007604748502300604,0.0052514973466260065,0.0011868031469328044,0.09271816700483526,0.007536553870165195,0.005007752954827444,0.0006131444888672862,0.10891708199264116,0.005862873947762708,0.0040336045726076224,5.049806507186953e-19,0.2549754232919026,668
2025,The BAT X,batting,Standard,3B/(BIP-HR),0.007665144290981756,0.005317748829636311,0.0012334295502502354,0.07824994554626885,0.007597003053763247,0.005094134233250315,0.0006938060627786448,0.09456536184202013,0.006027728762971451,0.004132322133502603,2.3306799263939784e-19,0.2124885285164293,668
2025,ZiPS,batting,Standard,3B/(BIP-HR),0.00834765796320705,0.006040159202653632,0.0026613707965729484,0.0,0.008001111624327782,0.00563523476804422,0.0011904991688826963,0.0,0.00608013228756799,0.0044233679684601524,-1.1653399631969892e-19,0.1987361628323966,668
2025,ATC,batting,Standard,AVG,0.06721196507949963,0.04295345280192025,0.020701925746059294,0.0,0.06696928543150696,0.042780499705861987,0.01989991635545544,0.0,0.03048422492329802,0.0221251764627778,-1.1187263646691096e-17,0.22369570358503188,668
2025,ATC,batting,Fantasy,AVG,0.02382033036566756,0.018734553568195086,-0.003382773157052779,0.18055585267797813,0.023582666715582994,0.018850129660697493,0.0004209333923540363,0.19682603279331268,0.02289322301371952,0.018300132644760398,1.6147437021484973e-18,0.1963955532011742,277
2025,Marcel,batting,Standard,AVG,0.06884411215906203,0.04519293186679631,0.02425363651881894,0.0,0.06782420317329303,0.044374963362162345,0.02118607187539985,0.0,0.03240936038426468,0.023917705373575765,1.2430292940767884e-18,0.12254956171552145,668
2025,Marcel,batting,Fantasy,AVG,0.025518608629370464,0.020142632778874785,-0.0018748952792555346,0.05954552026209281,0.025456571454818257,0.02017371053263913,0.0005940338066657439,0.06411255773944557,0.024804276991832235,0.019711122323983244,4.036859255371244e-18,0.0566310052944502,277
2025,OOPSY,batting,Standard,AVG,0.06387582147075581,0.041248235446869355,0.016902239083021447,0.08151141882666102,0.06354671538222965,0.040986699079287287,0.015612499906352393,0.0909516565052747,0.030562014265965876,0.022365580104156388,4.972117176307154e-18,0.21972871737584054,668
2025,OOPSY,batting,Fantasy,AVG,0.024414052359690835,0.019252655183408598,-0.002064740670628422,0.13919745933771088,0.02432735639180259,0.019349438864020643,0.00019357280025780854,0.14530014180666573,0.023587219249235132,0.018796940142656562,6.62044917880884e-17,0.1469353587122011,277
2025,Razzball,batting,Standard,AVG,0.06757076312347063,0.04303842424937347,0.019762280969544264,0.0,0.06789476231210599,0.043253949646510255,0.020843187602869233,0.0,0.030669345165503265,0.022105380570180456,7.458175764460731e-18,0.21423861622823948,668
2025,Razzball,batting,Fantasy,AVG,0.023694848594276487,0.018568166134896556,-0.005419659468644512,0.1891665199346959,0.02307651939271209,0.018328329436040812,0.0006727600854679796,0.23093259133405253,0.022449641874201055,0.017798181215056004,1.4532693319336477e-17,0.22723527716614844,277
2025,Steamer,batting,Standard,AVG,0.0648405947010829,0.041981674012146857,0.020750316810874078,0.05355638973964916,0.0636722970569791,0.04095289105174954,0.016746173863713874,0.08735516486545891,0.03018030717080407,0.021980133132798774,1.9888468705228615e-17,0.23909754318532683,668
2025,Steamer,batting,Fantasy,AVG,0.023485461578483458,0.018705104352450475,0.0006005032578438565,0.20343357494819747,0.023483964008683716,0.018699086222265664,0.0005387617000218982,0.20353515913755604,0.022785824547559896,0.018137089689560196,-1.4532693319336477e-17,0.20391773061565888,277
2025,The BAT,batting,Standard,AVG,0.06595688396818977,0.04203305761011681,0.01720857030855927,0.020688116694548953,0.06637878582344406,0.04230216028717719,0.018760798401614875,0.008119452599672727,0.030558970983006136,0.021917008428896607,-3.7290878822303655e-18,0.21988410425906557,668
2025,The BAT,batting,Fantasy,AVG,0.024385154728101623,0.018666944715243564,-0.005714713690777157,0.14123402685364383,0.0237077616934482,0.018612147056952705,0.0002831006312759383,0.18828251123181272,0.022969005491810527,0.018052442526221065,-2.9065386638672953e-17,0.19106647111621633,277
2025,The BAT X,batting,Standard,AVG,0.0660111403276832,0.042109648465703295,0.017642557071625594,0.019076283373682612,0.06640063373352927,0.04236538947040879,0.019048184503484503,0.007466410123453282,0.030465012767040018,0.022032827982404413,-2.486058588153577e-18,0.2246738999923512,668
2025,The BAT X,batting,Fantasy,AVG,0.02420179922350213,0.018758480476407307,-0.005504143228885778,0.154099845408608,0.02357179283481563,0.018787039079731723,0.00044488703829879543,0.19756654314700783,0.022904415223693974,0.01826119104225125,6.458974808593989e-18,0.1956096168344711,277
2025,ZiPS,batting,Standard,AVG,0.06603271673495684,0.0426594453371346,0.021726026720999807,0.018434928945475493,0.06479250223086233,0.04162629576663079,0.017600252924854464,0.05495982940184352,0.03018138319773104,0.02174074055130886,-1.9888468705228615e-17,0.2390432848821702,668
2025,ZiPS,batting,Fantasy,AVG,0.02306154839211249,0.018310042746812104,0.0004266865537589268,0.23193013985114508,0.02306347630109362,0.018318515387326775,0.0005205634106614677,0.23180171563163443,0.022379108292886512,0.01778478217440916,5.490128587304891e-17,0.23208348266405854,277
2025,ATC,batting,Standard,BABIP,0.09097530037948658,0.05388676866083995,0.018822661324949645,0.0,0.09054032429806394,0.05354611592199005,0.016593300582299308,0.0,0.03797253770015541,0.02704497989607114,-9.57132556439127e-17,0.10193473607793946,668
2025,Marcel,batting,Standard,BABIP,0.09093391434146803,0.05499098932452484,0.019309391450131504,0.0,0.09011282318327356,0.054350799636510905,0.01497320015136678,0.0,0.040179464847879015,0.029345786898236047,-6.215146470383942e-17,0.0,668
2025,OOPSY,batting,Standard,BABIP,0.08988818941195773,0.05273508087525022,0.01752141495865465,0.0,0.0892749458310257,0.05229363977620925,0.014040275621438265,0.0002156983302329385,0.037746675649539874,0.0268443703924344,-7.085266976237693e-17,0.11258641372916955,668
2025,Razzball,batting,Standard,BABIP,0.09015908887822607,0.05314547214884363,0.016049508924787858,0.0,0.09029734733414074,0.05323998001287566,0.016808818071400177,0.0,0.03793408576442549,0.026881114199478858,-1.081435485846806e-16,0.1037526216206538,668
2025,Steamer,batting,Standard,BABIP,0.09008158050472242,0.0532724734323812,0.020164068011060125,0.0,0.08914998181486421,0.05242109290592593,0.015479591406638842,0.0030126671585319897,0.03780019585096557,0.026798406534303817,-7.209569905645373e-17,0.11006814032778234,668
2025,The BAT,batting,Standard,BABIP,0.08962292923504513,0.05301199582248028,0.014750034563357778,0.0,0.0897424817650251,0.0530999819787029,0.01545985473076013,0.0,0.03804403486620319,0.027026628014375904,-6.712358188014658e-17,0.09854968078557458,668
2025,The BAT X,batting,Standard,BABIP,0.08965172023098403,0.052972697774552824,0.015179474688835178,0.0,0.08974947744140406,0.053045548997574875,0.015746561925050643,0.0,0.03773592619533166,0.026865001614072823,-9.074113846760556e-17,0.11309177497025691,668
2025,ZiPS,batting,Standard,BABIP,0.09284801645793839,0.05527657444216121,0.023808250685319308,0.0,0.09128364009824898,0.05385589229841397,0.016696753879363955,0.0,0.038444742715497485,0.027418840609741077,-2.9832703057842924e-17,0.07946019522745018,668
2025,ATC,batting,Standard,BB/PA,0.04172679066341782,0.027947252174920282,0.005270351165811667,0.1603015010345048,0.0416687191850301,0.02786798024246457,0.004788914372086385,0.16263710369523465,0.022405780580808412,0.01713254010421365,-4.505981191028358e-18,0.49412924625513543,668
2025,Marcel,batting,Standard,BB/PA,0.04239179697738205,0.028745443020051942,0.005735819725939078,0.1333234139814009,0.042375080144706506,0.028721985802358994,0.005610935236410474,0.13400681180268303,0.023549599205555143,0.017907162180666278,-1.2119535617248687e-17,0.4411613239112452,668
2025,OOPSY,batting,Standard,BB/PA,0.04145156138022142,0.02748757605525196,0.005175212092162808,0.1713422455794249,0.041326357004851315,0.027314877773816432,0.00405199489548386,0.17634060425891773,0.022466138900785766,0.01743795833131719,-3.107573235191971e-19,0.4914000723793198,668
2025,Razzball,batting,Standard,BB/PA,0.042758088765012886,0.02895537971915911,0.007870362330273318,0.11828144592613221,0.04236603033128386,0.02844123984508775,0.005344995267007078,0.13437666313469043,0.023210428780522027,0.01784876197744649,5.36056383070615e-18,0.4571426257015958,668
2025,Steamer,batting,Standard,BB/PA,0.04163834276373507,0.02777645474960538,0.006825516802057377,0.1638575307772786,0.04131056544603459,0.027332495729615366,0.004404419255246493,0.17696995471002575,0.022668709882986415,0.01746792258586533,-4.972117176307154e-18,0.48218691180738227,668
2025,The BAT,batting,Standard,BB/PA,0.041468829951452894,0.027452655255351854,0.0018737642122583782,0.17065167008965865,0.04161908388856201,0.02769768015246325,0.003999409769426603,0.16463082953490216,0.022237225129930312,0.016964853049611376,-6.44821446302334e-18,0.5017118025502025,668
2025,The BAT X,batting,Standard,BB/PA,0.041473318379838114,0.02750134058862007,0.0017651085537679146,0.17047212935785672,0.04161976213066421,0.027710528882167185,0.003909484695485806,0.16460360225808646,0.022353981986092574,0.017050337422069368,-8.54582639677792e-19,0.49646552773582975,668
2025,ZiPS,batting,Standard,BB/PA,0.04167174604960056,0.02745633043243642,0.006447998666814406,0.162515445233415,0.04138676215853883,0.027092551551939972,0.00423158953022404,0.17393102174446184,0.022007672050285615,0.016805407714838065,-8.934273051176916e-18,0.5119462812971345,668
2025,ATC,batting,Standard,HBP/PA,0.023826869743303194,0.009122591419578573,-0.0006989267825046097,0.030622766620231,0.023841901131580995,0.009039804710361225,-0.0010977369680611393,0.02939930068553287,0.007704934841573484,0.00525762266425518,6.700704788382687e-19,0.28001183708494837,668
2025,Marcel,batting,Standard,HBP/PA,0.023964292635821987,0.009502555271760872,-0.00017598762667469787,0.0194086385005533,0.023975306007109818,0.009356072886122377,-0.0007476284130413277,0.018507122355449046,0.008054955774842857,0.005505452284716585,-1.06822829959724e-19,0.21311052536157082,668
2025,OOPSY,batting,Standard,HBP/PA,0.023587035916768594,0.008894572923982743,-0.0002959252464906874,0.05003944792496895,0.02359283294060037,0.008832504965976162,-0.0006008948124727665,0.04957244387203852,0.007542098062098874,0.005219692301598076,2.13645659919448e-19,0.3101228425482868,668
2025,Razzball,batting,Standard,HBP/PA,0.02372905952353388,0.009175219575265759,-0.0002605708955901316,0.03856509321522228,0.02374144917362695,0.009044379700204,-0.000809963075779704,0.03756084339785193,0.007651261491817294,0.005229322621483819,-5.729588152385197e-19,0.29000791821306815,668
2025,Steamer,batting,Standard,HBP/PA,0.02363987766475561,0.009054882360750865,-0.0001753267326855773,0.04577831017324241,0.023649827311449625,0.00892634157514265,-0.0007079938700099344,0.04497490782166147,0.007534071158285194,0.005158049907287542,-3.787354880390215e-19,0.31159050599528193,668
2025,The BAT,batting,Standard,HBP/PA,0.02361611434517381,0.009009935689885297,-0.0004035758202776987,0.047695754785109123,0.023629206644104,0.008905354550315749,-0.0008839815089452499,0.04663958545667979,0.007563241930802335,0.005196161285994201,-2.13645659919448e-19,0.30624935313034984,668
2025,The BAT X,batting,Standard,HBP/PA,0.023616277981232215,0.009010184138031757,-0.000403089104920436,0.047682557706987705,0.02362936274415377,0.008905440176955893,-0.0008835603173944894,0.04662698917260033,0.007563325588998017,0.005195756741922436,9.71116635997491e-19,0.306234005677793,668
2025,ZiPS,batting,Standard,HBP/PA,0.02372047365095204,0.009507364830846987,0.0012016849729027984,0.039260718272759565,0.023691403850330677,0.009122690135290901,-0.00025650136072492255,0.041614076504945086,0.00775234942991753,0.005383560940143617,-1.612053615755835e-18,0.2711232528183134,668
2025,ATC,batting,Standard,HR/BIP,0.026811012205141625,0.02044204798905494,0.005847953886441182,0.22388108985533184,0.02694210668947692,0.020571734200442972,0.006422250544851578,0.21627274950148245,0.0195034237445684,0.014641582836596743,-7.302797102701132e-18,0.47753874109317385,668
2025,ATC,batting,Fantasy,HR/BIP,0.016809476865484913,0.012914001997734181,-0.001307475601554896,0.5422928300394712,0.016769203312242888,0.012981564705105312,0.0005976283834680894,0.5444834290653793,0.01698735197564015,0.013037544594823279,3.0276444415284324e-18,0.5604043383881282,277
2025,Marcel,batting,Standard,HR/BIP,0.02801234340921898,0.022060916575598798,0.007990849733527932,0.152771165527384,0.027852557803759344,0.021873649234304775,0.007411293571271145,0.16240897934089404,0.02085394996894845,0.01592083646696848,-1.1342642308450695e-17,0.40267728029363425,668
2025,Marcel,batting,Fantasy,HR/BIP,0.018399019133160617,0.014271280149514703,-0.00047906596444138763,0.4516363453927493,0.018413686822251918,0.014400598475828922,0.0008771895598156257,0.45076168641608627,0.018544380815338407,0.014417584175035837,1.766125924224919e-18,0.47612617338847196,277
2025,OOPSY,batting,Standard,HR/BIP,0.026148305305575825,0.019664463956745055,0.004724869674833101,0.2617746767516437,0.026160065771089022,0.019676272541333455,0.004789526515038413,0.26111047876757787,0.0193889721798307,0.014746869092916478,5.749010485105146e-18,0.4836526478645713,668
2025,OOPSY,batting,Fantasy,HR/BIP,0.016904707729170302,0.013334219545864143,-0.0007774239983141924,0.5370920354216299,0.016890911396698113,0.013290660007924254,0.0003716617758001436,0.5378473074116954,0.017098801695776704,0.01334878166656063,-1.5138222207642162e-19,0.5546172647748094,277
2025,Razzball,batting,Standard,HR/BIP,0.027170326688289007,0.020915284432588575,0.005778472896707215,0.2029389903142168,0.027569764104589854,0.021322549748548154,0.007433437256906206,0.1793311585430244,0.01984602285008206,0.015003662539018426,-3.7290878822303655e-18,0.4590223121501188,668
2025,Razzball,batting,Fantasy,HR/BIP,0.017151480894360367,0.013246126785787998,-0.0026603163717343462,0.5234784257568387,0.016957285857752885,0.01330829703015338,0.0006734463524698472,0.5342080240572016,0.0172302843026959,0.013400874003965108,-5.046074069214055e-19,0.5477413169302972,277
2025,Steamer,batting,Standard,HR/BIP,0.02639264040487739,0.02008848388779215,0.006372293046424414,0.24791396318392367,0.026108630275885312,0.01975832202270252,0.005069045867933884,0.264013207392633,0.019402320643232423,0.014649173963779854,-2.9521945734323726e-18,0.48294143777644916,668
2025,Steamer,batting,Fantasy,HR/BIP,0.016825680953828883,0.013189415266679615,0.0008488777248061819,0.5414099587538106,0.016812658791443866,0.013156270872958753,0.0005315538252582793,0.5421195315864595,0.01709094898050061,0.013273648214768433,-6.156210364441146e-18,0.5550262595987078,277
2025,The BAT,batting,Standard,HR/BIP,0.026832864605290892,0.020349781974509977,0.004624555371571328,0.2226154179341302,0.02711671723097704,0.02063495492971909,0.006058072535355108,0.20608123101092113,0.01973204216822301,0.01485444215282696,1.5537866175959855e-18,0.46521840885858756,668
2025,The BAT,batting,Fantasy,HR/BIP,0.01729337713712031,0.013320253218809332,-0.002285465489680113,0.5155611710808379,0.017148332278510186,0.01334497368049533,0.00047724169142853237,0.5236533664133318,0.0173508352473511,0.013388533462097495,-7.569111103821081e-19,0.5413907617483521,277
2025,The BAT X,batting,Standard,HR/BIP,0.026696609172805367,0.02030658964212007,0.005021706667828303,0.23049038316630377,0.026937334906470774,0.020535976663694742,0.006174836710032441,0.21655034065186807,0.019571762323737262,0.014807856693164175,-7.458175764460731e-18,0.47387099402076294,668
2025,The BAT X,batting,Fantasy,HR/BIP,0.0170339461128953,0.01323525556324087,-0.0019451718552616895,0.5299870130392289,0.016933974813672564,0.013250061689821018,0.0006227972058208275,0.535487784757718,0.017229333755975164,0.013363147573180195,-7.569111103821081e-18,0.5477912152538031,277
2025,ZiPS,batting,Standard,HR/BIP,0.025954228314467007,0.01941278033242979,0.004710419989812474,0.27269246677293313,0.0260569868173547,0.0195231136342447,0.005247156475724794,0.2669219246840806,0.01909204475548029,0.014066525388420409,-4.661359852787957e-19,0.49934648823748373,668
2025,ZiPS,batting,Fantasy,HR/BIP,0.01660380818613685,0.012465289845206982,-0.001118064022834748,0.5534246623409778,0.016574574035252865,0.012573654428037484,0.0005292686720472873,0.5549958389691827,0.01670318019506192,0.012550462354124844,-2.5734977752991677e-18,0.5749888149374124,277
2025,ATC,batting,Standard,OBP,0.0759430698017674,0.04771909301411128,0.02255654246788672,0.0020362299313388954,0.07551666156984392,0.04737978237604164,0.02107638327236914,0.013211582686618262,0.033489178344196215,0.024378879245819624,-7.458175764460731e-18,0.3109138674298614,668
2025,Marcel,batting,Standard,OBP,0.07769486341523628,0.0504596656204778,0.026499719015822487,0.0,0.07661587285605992,0.0495155927362053,0.023145956024784586,0.0,0.035646384063511505,0.026569860134052516,-2.858967376376613e-17,0.21927966826075307,668
2025,OOPSY,batting,Standard,OBP,0.0720517510043142,0.04558429226230379,0.019063087226671847,0.10168726347208157,0.07153314241581382,0.04522180907885733,0.016998145066597994,0.11457233794668831,0.0327176467247654,0.024031622306956112,1.9888468705228615e-17,0.3422987867647932,668
2025,Razzball,batting,Standard,OBP,0.07708087508261055,0.04857085250600349,0.024001941463866867,0.0,0.07663408693917312,0.048226707607880046,0.02252587781940196,0.0,0.033745483962905075,0.024631741490020932,-2.4860585881535768e-17,0.3003258199450777,668
2025,Steamer,batting,Standard,OBP,0.07365941200997107,0.04707827252254587,0.02409707277463613,0.0611526738272099,0.071938678331621,0.04551374828640963,0.01816957288303372,0.10450454185270974,0.03292302973745511,0.024233578920833287,-4.972117176307154e-18,0.3340155115026109,668
2025,The BAT,batting,Standard,OBP,0.07427340101453174,0.04661155028622707,0.01698792254186294,0.04543589333359188,0.0749004387067219,0.04703705897373265,0.019548072346968037,0.02925044273582933,0.03365203906680539,0.02452310791924629,1.8645439411151825e-17,0.30419540187938887,668
2025,The BAT X,batting,Standard,OBP,0.07426657865117746,0.046548480887089724,0.01730029213086066,0.0456112477402858,0.07487203027652527,0.046977639703748686,0.019738194471392412,0.029986679844319686,0.03356156945952748,0.024472865446682562,-9.944234352614307e-18,0.30793155307288356,668
2025,ZiPS,batting,Standard,OBP,0.07511231593193743,0.04790860560017519,0.02586426521536957,0.02375059152083292,0.07310895542706441,0.0460723416432402,0.019287808950429877,0.07513225021360981,0.03303101921281375,0.024028208218941433,-8.701205058537519e-18,0.3296394096749069,668
2025,ATC,batting,Standard,PA,137.17373451346606,101.0616748502994,-3.7187805389221578,0.6157871237752242,137.17373451346606,101.0616748502994,-3.7187805389221578,0.6157871237752242,137.17373451346606,101.0616748502994,-3.7187805389221578,0.6157871237752242,668
2025,ATC,batting,Fantasy,PA,140.15646127433766,106.93540361010831,-49.850862093862816,0.0,140.15646127433766,106.93540361010831,-49.850862093862816,0.0,140.15646127433766,106.93540361010831,-49.850862093862816,0.0,277
2025,Marcel,batting,Standard,PA,185.34418137309376,151.07035928143713,45.884730538922156,0.298564238738499,185.34418137309376,151.07035928143713,45.884730538922156,0.298564238738499,185.34418137309376,151.07035928143713,45.884730538922156,0.298564238738499,668
2025,Marcel,batting,Fantasy,PA,156.95721323661303,114.36823104693141,-68.31046931407943,0.0,156.95721323661303,114.36823104693141,-68.31046931407943,0.0,156.95721323661303,114.36823104693141,-68.31046931407943,0.0,277
2025,OOPSY,batting,Standard,PA,155.92505012821073,113.08532934131736,0.8218562874251497,0.5035657057621972,155.92505012821073,113.08532934131736,0.8218562874251497,0.5035657057621972,155.92505012821073,113.08532934131736,0.8218562874251497,0.5035657057621972,668
2025,OOPSY,batting,Fantasy,PA,160.46523066604672,117.9783393501805,-28.462093862815884,0.0,160.46523066604672,117.9783393501805,-28.462093862815884,0.0,160.46523066604672,117.9783393501805,-28.462093862815884,0.0,277
2025,Razzball,batting,Standard,PA,138.65217865834848,102.14221556886227,-19.070359281437124,0.6074604801592085,138.65217865834848,102.14221556886227,-19.070359281437124,0.6074604801592085,138.65217865834848,102.14221556886227,-19.070359281437124,0.6074604801592085,668
2025,Razzball,batting,Fantasy,PA,152.83662025501195,116.4404332129964,-64.57039711191335,0.0,152.83662025501195,116.4404332129964,-64.57039711191335,0.0,152.83662025501195,116.4404332129964,-64.57039711191335,0.0,277
2025,Steamer,batting,Standard,PA,132.50128624845487,98.84481273952096,-15.016405733532935,0.6415156679628234,132.50128624845487,98.84481273952096,-15.016405733532935,0.6415156679628234,132.50128624845487,98.84481273952096,-15.016405733532935,0.6415156679628234,668
2025,Steamer,batting,Fantasy,PA,145.95887088454052,114.11733891696751,-71.12648693140794,0.0,145.95887088454052,114.11733891696751,-71.12648693140794,0.0,145.95887088454052,114.11733891696751,-71.12648693140794,0.0,277
2025,The BAT,batting,Standard,PA,137.15134564685835,100.93027095808384,-3.2510104790419176,0.6159125324603255,137.15134564685835,100.93027095808384,-3.2510104790419176,0.6159125324603255,137.15134564685835,100.93027095808384,-3.2510104790419176,0.6159125324603255,668
2025,The BAT,batting,Fantasy,PA,140.31969267838852,107.21401444043322,-49.8958844765343,0.0,140.31969267838852,107.21401444043322,-49.8958844765343,0.0,140.31969267838852,107.21401444043322,-49.8958844765343,0.0,277
2025,The BAT X,batting,Standard,PA,137.15134564685835,100.93027095808384,-3.2510104790419176,0.6159125324603255,137.15134564685835,100.93027095808384,-3.2510104790419176,0.6159125324603255,137.15134564685835,100.93027095808384,-3.2510104790419176,0.6159125324603255,668
2025,The BAT X,batting,Fantasy,PA,140.31969267838852,107.21401444043322,-49.8958844765343,0.0,140.31969267838852,107.21401444043322,-49.8958844765343,0.0,140.31969267838852,107.21401444043322,-49.8958844765343,0.0,277
2025,ZiPS,batting,Standard,PA,264.66955162407,217.89071856287424,182.69011976047904,0.0,264.66955162407,217.89071856287424,182.69011976047904,0.0,264.66955162407,217.89071856287424,182.69011976047904,0.0,668
2025,ZiPS,batting,Fantasy,PA,106.33952164090209,83.14079422382672,-0.1444043321299639,0.19597743456031536,106.33952164090209,83.14079422382672,-0.1444043321299639,0.19597743456031536,106.33952164090209,83.14079422382672,-0.1444043321299639,0.19597743456031536,277
2025,ATC,batting,Standard,R/PA,0.08997326508572062,0.033798245544579004,0.0034819270181145664,0.0016446274933671345,0.08992197181873066,0.03363102034537699,0.0017018817064403024,0.0027826169097677766,0.023715330797859212,0.016718285043660432,-1.3673322234844672e-17,0.22965120494986824,668
2025,ATC,batting,Fantasy,R/PA,0.01808084116374129,0.014046245113055317,0.0007719494554314455,0.3222126777334624,0.01807139146003576,0.014052327852939984,0.0005042599281647274,0.3229209650967545,0.017637187838028034,0.013710451850766595,8.073718510742487e-18,0.3532830835210964,277
2025,Marcel,batting,Standard,R/PA,0.08967674205527355,0.034378124725297214,0.0051998156786096,0.008214302194561096,0.08956623153206211,0.03396323060293885,0.0026888377225864667,0.0106571925356721,0.024534376780935653,0.017786322028444868,7.458175764460731e-18,0.17552195563408135,668
2025,Marcel,batting,Fantasy,R/PA,0.019780724744853467,0.01559418225700478,0.0012953634524069822,0.1887763964216984,0.01975825671698056,0.015567619591271823,0.0008885963854760057,0.19061821398808065,0.019159466127455692,0.015046666745373556,1.6147437021484973e-18,0.2368281416390794,277
2025,OOPSY,batting,Standard,R/PA,0.08999320345525479,0.03451149080098339,-0.0016813564430561258,0.0012021008406979394,0.08997856101937377,0.034559789998027564,-0.00043787494435147635,0.0015270952594048648,0.02489144994971478,0.018313558264352384,-6.215146470383942e-19,0.15134841896201412,668
2025,OOPSY,batting,Fantasy,R/PA,0.019395283496225685,0.01580126994948348,-0.001954428739810684,0.22008289887353516,0.01930201142184885,0.015617065727863564,0.00045870985297556183,0.22756611730334242,0.019074374304179555,0.015419825622734163,0.0,0.24359194998801204,277
2025,Razzball,batting,Standard,R/PA,0.09034067596163614,0.03495848183185499,0.0022217319088914623,0.0,0.09033995875217116,0.03495575706072496,0.002192374697361398,0.0,0.02490480321810542,0.018225922037087346,9.322719705575914e-19,0.15043763939631505,668
2025,Razzball,batting,Fantasy,R/PA,0.019292434771579714,0.015610467418722827,-0.000937594232997161,0.2283324098833991,0.019282233079867362,0.015588624716173024,0.0006968185390922193,0.2291482979288505,0.018990709195351504,0.01536406885803302,-4.844231106445492e-18,0.2502129975527284,277
2025,Steamer,batting,Standard,R/PA,0.09008945645500156,0.03411361531217013,0.0002600987657050117,0.0,0.09009447020529585,0.03404209182234582,-0.0009854179738762476,0.0,0.024564281850618482,0.017764530392774973,1.3673322234844672e-17,0.173510810187663,668
2025,Steamer,batting,Fantasy,R/PA,0.018863283098424447,0.015184839579539222,0.0009473394596415385,0.26228138111148724,0.01884251968819749,0.015174522797662673,0.00033845383820924,0.26390454755380444,0.018484500424221843,0.014890938570108673,-1.4129007393799352e-17,0.28965230475390646,277
2025,The BAT,batting,Standard,R/PA,0.09030418194350795,0.03377566359856393,0.0006428323934622638,0.0,0.09030516533274939,0.033782444887598434,0.000768662978880165,0.0,0.023993619295300146,0.017128806152111778,1.274105026428708e-17,0.2114657508893063,668
2025,The BAT,batting,Fantasy,R/PA,0.018448334161465803,0.014591410219691146,-0.0008379032060602696,0.29438063289566296,0.018436258799974264,0.01454241708769387,0.0005066428616377741,0.295304057230388,0.01806266434850957,0.014250796478493687,-1.0092148138428108e-17,0.32170414357232724,277
2025,The BAT X,batting,Standard,R/PA,0.09030510925237907,0.033625108391283694,0.001033312124292715,0.0,0.09030412274714578,0.0336199196165618,0.0009431659417410188,0.0,0.02385547665423074,0.01699408913789872,-9.322719705575913e-18,0.22051954314940592,668
2025,The BAT X,batting,Fantasy,R/PA,0.01826349279161025,0.014433264406369875,-0.0005732413754470373,0.3084495721738181,0.018265661971769705,0.014366325070910737,0.0006386266454501125,0.3082852896273479,0.017950195596138065,0.014100834895684764,-1.695480887255922e-17,0.3301247822049862,277
2025,ZiPS,batting,Standard,R/PA,0.08978073345338201,0.034653951848287644,0.006592914406231575,0.005912769395663875,0.08954303844589558,0.03367037120991149,0.0009176900695768076,0.01116950485871393,0.02426398527376174,0.0172962557178968,-8.079690411499124e-18,0.19359483398388122,668
2025,ZiPS,batting,Fantasy,R/PA,0.01941089197666814,0.015023556370452874,0.004671104311194588,0.2188271070619272,0.018849672648603846,0.014548206762930805,0.0005887674546925039,0.2633455712483058,0.018385115695727195,0.014129124347183832,-6.055288883056865e-18,0.2972703546380353,277
2025,ATC,batting,Standard,RBI/PA,0.04634540725175107,0.03368356784870321,0.012545721923265703,0.05255303089351815,0.04599002749959757,0.033394545905833524,0.011161585669562777,0.06702749800196328,0.028022254513190983,0.02144183114462572,-5.593631823345548e-18,0.22305113571136492,668
2025,ATC,batting,Fantasy,RBI/PA,0.023353685183574332,0.01868621253541569,-0.0005264624631467331,0.22221565963338719,0.02335480486762707,0.018728792462281738,0.0005739873487634209,0.22214107666351546,0.023207391881789642,0.018650007124516612,1.756033776086491e-17,0.23887213443837707,277
2025,Marcel,batting,Standard,RBI/PA,0.04722110224437366,0.03449815668804155,0.014658499151713272,0.016410812989744006,0.046600701388822045,0.03395670024337036,0.012516567825779897,0.042086239747644916,0.028672973873670776,0.022016116765953282,-6.215146470383942e-19,0.1865483064510849,668
2025,Marcel,batting,Fantasy,RBI/PA,0.024232694350967306,0.01941422376441106,-5.08832147132756e-05,0.16256374048028288,0.0242506027045387,0.01949060030932485,0.0009331908312432287,0.16132552520274945,0.02414210618584679,0.019492206543464362,-1.4532693319336477e-17,0.17632618076504303,277
2025,OOPSY,batting,Standard,RBI/PA,0.04612070270754378,0.0341894938864562,0.006191342788344851,0.06171810430056257,0.046296978255314904,0.03431058652332714,0.0073907849960782295,0.054532080608960976,0.030916659699001123,0.024133206209280028,3.7290878822303655e-18,0.05426073343904081,668
2025,OOPSY,batting,Fantasy,RBI/PA,0.02709980292895687,0.021971987217308732,-0.0030381971032399945,0.0,0.026930054653034673,0.021780647887696514,-0.00024324157800606594,0.0,0.026956710800808904,0.021772329964339955,5.046074069214054e-18,0.0,277
2025,Razzball,batting,Standard,RBI/PA,0.047148249560859126,0.034442290245215376,0.01142948809881611,0.01944343324109199,0.04744283379317013,0.034665865889830026,0.012589608408298153,0.007152037488181717,0.028503885514561282,0.02170533934637104,3.107573235191971e-18,0.19611408441551192,668
2025,Razzball,batting,Fantasy,RBI/PA,0.023687545653912054,0.018769389923903212,-0.0033573540912159713,0.19981854723460302,0.023461403121124613,0.018712973961067827,0.0007806688155373452,0.2150241142009559,0.023272581844687504,0.018611287913448096,8.881090361816735e-18,0.2345900861726341,277
2025,Steamer,batting,Standard,RBI/PA,0.04602361835133721,0.03388713710029958,0.011702178540610782,0.06566412477809136,0.04551834918849831,0.03341752527069826,0.009523006315909547,0.0860666790318968,0.028387228749318087,0.0217620745879238,-4.3506025292687596e-18,0.20268068588265187,668
2025,Steamer,batting,Fantasy,RBI/PA,0.02369869224338082,0.01904078241806247,0.0006604891532196139,0.19906529125360117,0.023697863454433536,0.019038694598003433,0.0006300509344642034,0.1991213107351828,0.023556236236328583,0.01892520465575326,-2.2202725904541837e-18,0.21581821094020837,277
2025,The BAT,batting,Standard,RBI/PA,0.04615570898941703,0.033624962190677156,0.009238409194111227,0.060293224635135534,0.04637851914278714,0.03378263006060599,0.010293967651006083,0.0511987233328709,0.028776464627380482,0.022102969861018066,3.107573235191971e-18,0.18066564808062213,668
2025,The BAT,batting,Fantasy,RBI/PA,0.024328233888543126,0.019454710102360127,-0.0030591525287898985,0.15594739054711093,0.024137576814564986,0.019430938615441384,0.00034360520625946234,0.1691250037997465,0.024029322040888243,0.01938975077981291,-8.073718510742487e-19,0.18400408206074959,277
2025,The BAT X,batting,Standard,RBI/PA,0.04598688371457853,0.03359515136734435,0.009689697323325646,0.06715504585897625,0.046146571213819605,0.03370623594634982,0.010421266488849622,0.060665268736748934,0.028649006250061927,0.02210465520715006,9.944234352614307e-18,0.1879076600762899,668
2025,The BAT X,batting,Fantasy,RBI/PA,0.024258964001586295,0.01948827530803278,-0.002659337954922191,0.1607470970795889,0.024117974259975593,0.019397169373544295,0.0005014243044320389,0.1704739924744184,0.024035839472948406,0.01937772393450102,-1.4129007393799352e-18,0.1835613796682003,277
2025,ZiPS,batting,Standard,RBI/PA,0.04973804701501262,0.03704999990889714,0.01984525905772468,0.0,0.046762669984346236,0.034242512667975636,0.010329970487154108,0.03541588629264747,0.029416688792195944,0.022616627437667562,1.3673322234844672e-17,0.1438026847962216,668
2025,ZiPS,batting,Fantasy,RBI/PA,0.026001560917759355,0.021051648698762214,0.007310968991721488,0.03584425710970229,0.02495655452380595,0.020058815349784806,0.0004457702745378954,0.11178601713069436,0.02484218373461225,0.01987596379271222,-1.211057776611373e-18,0.12786344603639999,277
2025,ATC,batting,Standard,SB/TOF,0.12169972684499411,0.06064483232194666,0.0010651220964166988,0.2666339483603395,0.12172740352824822,0.059568664374063864,-0.002805662250356428,0.2663003494540449,0.06503262898887739,0.03745276137623038,6.836661117422336e-18,0.49043699598289037,668
2025,ATC,batting,Fantasy,SB/TOF,0.045918662197094506,0.03290198071180302,0.005588243685284617,0.6322112473042069,0.045578841146228566,0.032370019173078156,0.0003683608942130532,0.6376347456603197,0.04538518595883615,0.03238266947989299,-7.871875547973925e-18,0.6328482099405444,277
2025,Marcel,batting,Standard,SB/TOF,0.1259414484886698,0.06522251131846762,-0.0024081433801141226,0.21462158151752153,0.12600885215641114,0.06449139411644084,-0.0047729999886028255,0.2137806899348147,0.07039961115047257,0.04181752726824382,1.2430292940767884e-18,0.4028605168619892,668
2025,Marcel,batting,Fantasy,SB/TOF,0.05262569197523019,0.03730040345410023,0.004423983599971113,0.5169238134036227,0.05244006550837752,0.03652000228087871,0.00026200294641773927,0.5203257098141376,0.051212577337401546,0.035894835277623,-2.018429627685622e-18,0.5325117742871266,277
2025,OOPSY,batting,Standard,SB/TOF,0.11678559084608514,0.05864279058750417,0.005976461599163745,0.32466366014181147,0.11664305215770106,0.05662083270794738,-0.0015638032616808616,0.3263111718085724,0.06255335878948616,0.03609625805232003,-9.322719705575913e-18,0.528549028273432,668
2025,OOPSY,batting,Fantasy,SB/TOF,0.0465839175625537,0.03328645901986293,0.009036882357317297,0.6214772317281014,0.04570153700477859,0.03204934425844848,0.0004840990232789776,0.6356811830934654,0.04551963017926305,0.03199461753917602,-1.7964023686402033e-17,0.6306697657337881,277
2025,Razzball,batting,Standard,SB/TOF,0.12509931793142398,0.062383073645872866,-0.00102541338903607,0.22508961911033976,0.12515647789558712,0.06152634580166469,-0.003918684082636055,0.22438131838363584,0.0664605756739928,0.03841855138299981,-6.215146470383942e-18,0.4678139764941228,668
2025,Razzball,batting,Fantasy,SB/TOF,0.04628258473753154,0.0334495639816962,0.0049182957764808515,0.6263584195866548,0.04602185015441078,0.03272816027728855,0.0003502499010722924,0.6305564076261383,0.0458739915895111,0.03271805799572235,6.458974808593989e-18,0.624897055997173,277
2025,Steamer,batting,Standard,SB/TOF,0.11885256887754599,0.0590997808425495,-0.002079233246324226,0.30054667152752623,0.11888921159698022,0.05865969416227034,-0.0036103623436354606,0.30011531656043766,0.06422041075593767,0.037556340000091816,-6.5259037939031394e-18,0.5030857797171218,668
2025,Steamer,batting,Fantasy,SB/TOF,0.046742808639657366,0.033126316478227925,0.0036712121339368023,0.6188906540157358,0.04660045819765025,0.03264028603475477,0.00043628343961859065,0.6212083784900372,0.04612535269302263,0.03252502755591989,5.2479170319826165e-18,0.6207751297405657,277
2025,The BAT,batting,Standard,SB/TOF,0.1190383952166969,0.05926171787413088,-0.0004027448591252531,0.2983577670341835,0.11908296082516637,0.058511497819447006,-0.00328241169616712,0.2978323068874773,0.06455749896539599,0.03715064185448991,9.322719705575914e-19,0.49785555678085847,668
2025,The BAT,batting,Fantasy,SB/TOF,0.046952204968787103,0.032809241042276185,0.004574593007169423,0.615468452864875,0.04672952506863355,0.03239700384107714,0.0002566376634437656,0.6191072338008229,0.04591035644000869,0.03208389773961208,-1.3119792579956541e-17,0.624302123290257,277
2025,The BAT X,batting,Standard,SB/TOF,0.11848739610490212,0.05900863850312614,0.0005660550588946037,0.30483818873388735,0.11850990838808541,0.0582156678664265,-0.002378186023448348,0.3045740059302099,0.06395435653994845,0.03671683492669057,-6.5259037939031394e-18,0.5071945130005291,668
2025,The BAT X,batting,Fantasy,SB/TOF,0.04610588645701515,0.03227209244477019,0.004242966784101507,0.6292059612981882,0.045911176262602105,0.031913734312574694,0.0002934398737980961,0.6323311557663869,0.04526245340367579,0.03164538157886511,-8.073718510742487e-19,0.6348312600389742,277
2025,ZiPS,batting,Standard,SB/TOF,0.11555056062933658,0.055431879892203634,-0.003786730258863594,0.3388717589851047,0.11549947821589812,0.05602126602587372,-0.0015927122916980596,0.3394561708826651,0.06170063693134289,0.03563800774717647,-6.215146470383942e-19,0.5413149749574069,668
2025,ZiPS,batting,Fantasy,SB/TOF,0.044592149341587825,0.031176096203237094,-0.001011474044487615,0.6531539107013047,0.04458369837673054,0.03128325633084721,0.00051909323583165,0.6532853646186598,0.04440026423436956,0.031359396736673685,1.029399110119667e-17,0.6486107096973746,277
2025,ATC,batting,Standard,SLG,0.11581525586431515,0.0802789628626664,0.04159327025243001,0.024704290144498264,0.11512306729856525,0.07973224789567245,0.0396250837677963,0.03632747649881796,0.06418565678892833,0.04749079168332549,-7.45817576446073e-17,0.3069892660724769,668
2025,Marcel,batting,Standard,SLG,0.12120800167350103,0.08661648124705744,0.05283937950236682,0.0,0.11770475124916965,0.08369475424097784,0.04421570787786416,0.0,0.06757654081658505,0.050929373651897245,2.7346644469689344e-17,0.2318325581413283,668
2025,OOPSY,batting,Standard,SLG,0.10754393868453148,0.07760992927376795,0.03558591454905769,0.15903746582925837,0.10612850033291596,0.07667402237001684,0.031047015145168295,0.18102842833220478,0.0641454183642686,0.04912091648405071,-4.972117176307154e-18,0.30785789999304913,668
2025,Razzball,batting,Standard,SLG,0.11746078329167968,0.08162618237351535,0.041864730313004056,0.0,0.11796662518435651,0.08201902092005392,0.04326366477856539,0.0,0.06534153911829638,0.04856169575677234,9.944234352614307e-18,0.28180446235246936,668
2025,Steamer,batting,Standard,SLG,0.11037412125909182,0.07942856687779029,0.04335062241056548,0.11419262896983795,0.10673368661289341,0.07623262754296059,0.03299863145110811,0.1716616042174881,0.0635134937065902,0.04748014933233849,-5.2207230351225115e-17,0.3214279179741746,668
2025,The BAT,batting,Standard,SLG,0.1127655971699582,0.07854250836065176,0.03495640971606055,0.07539120507018304,0.11372672463283771,0.07927819976740268,0.03794256937600703,0.059562723952076846,0.06455060790517295,0.0480717233630462,2.237452729338219e-17,0.2990861277620127,668
2025,The BAT X,batting,Standard,SLG,0.11287609197109094,0.07898460398864998,0.03622747196714487,0.07357833800681979,0.11364989598120712,0.07955193903665342,0.03857092743250133,0.06083292887213798,0.06450808249510376,0.04870332065097596,2.9832703057842924e-17,0.30000933615986025,668
2025,ZiPS,batting,Standard,SLG,0.11106141584246808,0.07876252181727984,0.04222206489353317,0.10312651820214525,0.10835917922105164,0.07661192173578392,0.03449313549679259,0.14623924934282917,0.06291498943484422,0.04626517619915394,-3.729087882230365e-17,0.3341563868274593,668
2025,ATC,batting,Standard,SO/PA,0.08984977167471374,0.05417334824927071,-0.017040015597576535,0.22521564944774286,0.08984099536020984,0.0541689087666408,-0.016993678497626893,0.22536700028402334,0.04214239557206798,0.03151445921688573,2.796815911672774e-17,0.5773359936720515,668
2025,Marcel,batting,Standard,SO/PA,0.09602414144077491,0.059106852490029546,-0.021537165297387733,0.11507238068007597,0.09620604925990359,0.05919514966544897,-0.022334226286308885,0.1117163969369045,0.047227023147284955,0.03475648360798277,1.3673322234844672e-17,0.4691913763315224,668
2025,OOPSY,batting,Standard,SO/PA,0.08543702731231241,0.05113891493434942,-0.01034671407569894,0.2994499914505815,0.08565824918946781,0.05123067053705193,-0.012037628936149085,0.29581742993541316,0.040584653553037114,0.030588845366949884,1.9266954058190222e-17,0.6080050133969498,668
2025,Razzball,batting,Standard,SO/PA,0.09310818251652206,0.05563615043282279,-0.019362141577713113,0.16800142413148855,0.09275315705491176,0.05550806988594277,-0.01757575086869832,0.17433421940126914,0.04323580107822157,0.03231642843203604,3.977693741045723e-17,0.555119011799537,668
2025,Steamer,batting,Standard,SO/PA,0.08730100947815726,0.052343283366235574,-0.01288801988557558,0.26854870096229055,0.08723206178905085,0.05231430656868106,-0.012412389159000581,0.2697036008261211,0.0415875752749262,0.03148577359208521,1.8023924764113432e-17,0.5883917919809378,668
2025,The BAT,batting,Standard,SO/PA,0.08759409499987145,0.05293420421641913,-0.015260630712457833,0.26362922432235225,0.08778870119474792,0.053033424062670025,-0.01634066792870611,0.26035362678953555,0.041598640377852075,0.031052413990299284,3.9155422763418833e-17,0.5881727316939505,668
2025,The BAT X,batting,Standard,SO/PA,0.08755728092225003,0.052918692994721704,-0.015188445863641825,0.26424805859979095,0.08775120205351493,0.05299878138619333,-0.016269139715786262,0.26098537505929076,0.04156288845328297,0.031014979086506956,6.215146470383942e-18,0.5888803168552228,668
2025,ZiPS,batting,Standard,SO/PA,0.08623500309209747,0.05085556296169375,-0.013032245965552448,0.28630270462038376,0.08614148712905635,0.05081414779008156,-0.012398366078559713,0.2878497771289821,0.040053438990146586,0.029595997866134746,1.8645439411151827e-18,0.6181995395714868,668
2025,ATC,batting,Standard,wOBA,0.07578312986281191,0.04908369938813759,0.02679544001471527,0.0,0.0751130484867461,0.048558963284235264,0.024837127183928984,0.0131500846263366,0.036253178892538526,0.02614352246625812,-6.712358188014658e-17,0.31758468490118463,668
2025,Marcel,batting,Standard,wOBA,0.07834414731994102,0.052567898106947716,0.032490476007960734,0.0,0.07638959948273458,0.05089869878295545,0.027444426047338936,0.0,0.03855310075111485,0.028736205576948216,5.096420105714832e-17,0.22825254981210752,668
2025,OOPSY,batting,Standard,wOBA,0.07033689662054132,0.04690472510505287,0.023076103152247507,0.13466008459723267,0.0693328190887453,0.04622523266386866,0.019805739402434186,0.15918964864326512,0.03566033071651135,0.02673435389856123,3.8533908116380443e-17,0.33972126611491626,668
2025,Razzball,batting,Standard,wOBA,0.07678275458402094,0.049845978870143644,0.027539814248477252,0.0,0.0765217487545326,0.0496555327838216,0.026803507229138008,0.0,0.036755368594345555,0.026881249099405476,-2.1131497999305402e-17,0.29854770341585635,668
2025,Steamer,batting,Standard,wOBA,0.07248044646915358,0.04832134749515941,0.028253999642970366,0.08111311859471093,0.07002606597568731,0.04633569756303412,0.021178368480325453,0.14229135227184908,0.035688980968651654,0.026225312288436272,1.1187263646691096e-17,0.33865987655147667,668
2025,The BAT,batting,Standard,wOBA,0.07348456738488143,0.04792069135302804,0.021212264749592362,0.05547683200836673,0.07417245511346507,0.04837250983107778,0.023484710550113468,0.03771073618343279,0.036422960720139876,0.026490372553025804,5.096420105714832e-17,0.3111779075518446,668
2025,The BAT X,batting,Standard,wOBA,0.07354127775609955,0.04794806614858507,0.021830002495292922,0.05401843251016547,0.07414571559260463,0.04837185085483053,0.02378690008563804,0.03840443078213318,0.03628906315922507,0.026497039246765944,-2.237452729338219e-17,0.31623307418464985,668
2025,ZiPS,batting,Standard,wOBA,0.07343306945165849,0.048807552920165774,0.028832840231786106,0.05680021048025474,0.07106734853294842,0.04692329672927823,0.022124308220669225,0.1165935686055084,0.03555989217844773,0.025726106024680163,-1.7402410117075038e-17,0.3434354233738197,668
2025,ATC,pitching,Standard,1B/(BIP-HR),0.2177580532818409,0.2023186425648623,-0.19418161562753697,0.0,0.09945378885862555,0.06377931934117767,0.013378572306472635,0.0,0.058357801427501514,0.03571409288597237,4.998322168459707e-18,0.0,802
2025,Marcel,pitching,Standard,1B/(BIP-HR),0.0711829077573104,0.046871372769670294,-0.006606116453286054,0.0,0.07125333170994438,0.046897342063693975,-0.007326097022015375,0.0,0.03804860661951193,0.027444708367432735,4.998322168459707e-18,0.008343054469127087,802
2025,OOPSY,pitching,Standard,1B/(BIP-HR),0.23440577334691806,0.22257962240843857,-0.22193230709489506,0.0,0.07571085796951188,0.049159730089119134,-0.006325849237509178,0.0,0.043908220043720476,0.029466034537949708,4.998322168459707e-18,0.0,802
2025,Razzball,pitching,Standard,1B/(BIP-HR),0.19068518139689933,0.16634087500086206,-0.149562856797667,0.0,0.12281287791007305,0.09067021124309073,0.03303350889120874,0.0,0.08602190261907817,0.06100540652773449,7.185088117160828e-18,0.0,802
2025,Steamer,pitching,Standard,1B/(BIP-HR),0.23482182761389103,0.22338337283629056,-0.2230205695053797,0.0,0.07374073128892433,0.048119531360988406,-0.005880403863791384,0.0,0.039810488874398246,0.02807515122920582,3.7487416263447804e-18,0.0,802
2025,The BAT,pitching,Standard,1B/(BIP-HR),0.20300475912348057,0.180243220592882,-0.1667029897628,0.0,0.11719093950225676,0.08516004934690356,0.017682501816638743,0.0,0.0865049042981533,0.0607372630051222,2.4991610842298535e-18,0.0,802
2025,ZiPS,pitching,Standard,1B/(BIP-HR),0.23137687059927525,0.2192031222209991,-0.21621892943985077,0.0,0.08237517298736242,0.051733848661071245,-0.0010189820897710544,0.0,0.04452054672106879,0.029411696140418057,3.7487416263447804e-18,0.0,802
2025,ATC,pitching,Standard,2B/(BIP-HR),0.07467328837305409,0.06397286202411676,-0.05772551815010978,0.0,0.04752303031989781,0.03166239039307505,0.003817572532288921,0.0,0.026005235919901608,0.017542941331739375,3.7487416263447804e-18,0.0,802
2025,Marcel,pitching,Standard,2B/(BIP-HR),0.04211214993230501,0.02825417039071514,-0.0009330438951945528,0.0,0.04217622344931275,0.028176306627446624,-0.0025042410897878056,0.0,0.0227923586069218,0.016627308386745476,-4.998322168459707e-18,0.0,802
2025,OOPSY,pitching,Standard,2B/(BIP-HR),0.07825630808753335,0.06627088455112587,-0.06595379804556775,0.0,0.04216926157627657,0.02779840197583982,-0.0020249303773299137,0.0,0.022872934767666254,0.01594451261909046,4.373531897402243e-18,0.0,802
2025,Razzball,pitching,Standard,2B/(BIP-HR),0.06814154398771124,0.05666334228515178,-0.04449573478878521,0.0,0.05250174661584603,0.038109650196134257,0.009645402795074146,0.0,0.03246289115413581,0.023406339117043977,4.373531897402243e-18,0.0,802
2025,Steamer,pitching,Standard,2B/(BIP-HR),0.07838927513090711,0.06649215763516672,-0.06627647568852689,0.0,0.041903342550229386,0.0276053239106147,-0.0018928526156857363,0.0,0.02206051074650908,0.015592575804790941,3.7487416263447804e-18,0.0,802
2025,The BAT,pitching,Standard,2B/(BIP-HR),0.07069874280134393,0.058749614745658846,-0.04957790766539159,0.0,0.05065855578978723,0.0361864036820958,0.005093718631265369,0.0,0.032565427040209635,0.02348182501056107,5.310717303988438e-18,0.0,802
2025,ZiPS,pitching,Standard,2B/(BIP-HR),0.07791499496524769,0.06640719145217394,-0.06425974042003228,0.0,0.04406399855893935,0.028784194236436883,-0.0004514060451177697,0.0,0.02309991643846135,0.01598679761127904,4.373531897402243e-18,0.0,802
2025,ATC,pitching,Standard,3B/(BIP-HR),0.01241182482822643,0.005914036855230304,-0.0047128297532698215,0.0,0.011485393487109925,0.006960658774368536,0.00026764205662475204,0.0,0.0066839545481250425,0.004550317643505407,-2.733457435876402e-19,0.0,802
2025,Marcel,pitching,Standard,3B/(BIP-HR),0.011662845713581747,0.006753777752366433,-2.2853250166597205e-05,0.0,0.011669494907290636,0.006692665242879536,-0.0003945421694991494,0.0,0.00697693547044585,0.004746033552805613,-1.952469597054573e-19,0.0,802
2025,OOPSY,pitching,Standard,3B/(BIP-HR),0.012561549907857754,0.0054701124914623,-0.005378716298921829,0.0,0.01135359161223446,0.006577811489869655,-0.0002051717185356459,0.0,0.006602770752344166,0.004491303376848282,-3.123951355287317e-19,0.0,802
2025,Razzball,pitching,Standard,3B/(BIP-HR),0.012248261727665893,0.006414654262376049,-0.0036421886406528695,0.0,0.011717546460714988,0.0073809420766644115,0.0007392684246672904,0.0,0.006853798382395553,0.004694600315939847,-3.123951355287317e-19,0.0,802
2025,Steamer,pitching,Standard,3B/(BIP-HR),0.012577083893469117,0.0055092822882653585,-0.005404829496790534,0.0,0.011358198847388298,0.006600428446173147,-0.00019448311708113788,0.0,0.006604448646398128,0.004492114869443001,-1.5619756776436584e-19,0.0,802
2025,The BAT,pitching,Standard,3B/(BIP-HR),0.012270593581195364,0.0060309285563625034,-0.0040534715070849915,0.0,0.011587683737483248,0.007055975494389316,0.00037091619513136544,0.0,0.006790636616386686,0.004620957638365769,-7.809878388218292e-20,0.0,802
2025,ZiPS,pitching,Standard,3B/(BIP-HR),0.012487715659283269,0.005594150181338653,-0.005241622010111122,0.0,0.011334659186570832,0.006677924347277348,-7.783177684813592e-05,0.0,0.006604783076096778,0.004499643044397616,-1.5619756776436584e-19,0.0,802
2025,ATC,pitching,Standard,BABIP,0.0801651253457599,0.05279795607615349,-0.004971390896041221,0.0,0.08055252039586487,0.052955772517708895,-0.009326089634250365,0.0,0.04147227931298096,0.030181998384270967,-4.998322168459707e-18,0.03409724114729984,802
2025,Marcel,pitching,Standard,BABIP,0.08019674685450277,0.05319879429812537,-0.007562013598647211,0.0,0.08049150472656132,0.05332488771942292,-0.010224880281302352,0.0,0.04205055048436492,0.030672147297806797,-1.4994966505379122e-17,0.0069732034777293395,802
2025,OOPSY,pitching,Standard,BABIP,0.08032857959003349,0.05251699194174931,-0.011523916462230164,0.0,0.08024040065574817,0.05245719766973644,-0.010892283923544457,0.0,0.041018037633806084,0.0295948624918559,-3.4988255179217946e-17,0.05514023604061413,802
2025,Razzball,pitching,Standard,BABIP,0.08110109689719841,0.05387228567205788,-0.007100738196583945,0.0,0.08142289381826907,0.0540101515600057,-0.010135097569771032,0.0,0.04300345937912556,0.031038536590678168,-4.2485738431907504e-17,0.0,802
2025,Steamer,pitching,Standard,BABIP,0.07970455493765163,0.052646834947415795,-0.0031406168163539377,0.0014443356179022482,0.08029530551785181,0.05271481707231038,-0.010216823595580042,0.0,0.04141921216977179,0.030081536109492435,4.623448005825229e-17,0.03656756140399309,802
2025,The BAT,pitching,Standard,BABIP,0.08062473818157793,0.05300403018764309,-0.011413656994282921,0.0,0.080445563488539,0.052909024584258876,-0.010070344786734513,0.0,0.0411708045832149,0.029764477499662944,-3.248909409498809e-17,0.048089087464634694,802
2025,ZiPS,pitching,Standard,BABIP,0.08025344753886476,0.053058136575996166,-0.0076543476482173545,0.0,0.08043724928696862,0.05315932387339818,-0.009387452737584609,0.0,0.04167795415134245,0.03052980139366326,-4.998322168459707e-18,0.024493018166072855,802
2025,ATC,pitching,Standard,BB/BF,0.05151125954916798,0.030230614709731075,-0.011970486350202175,0.050974556235861446,0.051000434882223625,0.029940199533229534,-0.009535567172148679,0.06970373738258628,0.02412670998417889,0.01631817873910911,4.373531897402243e-18,0.26774197245034215,802
2025,Marcel,pitching,Standard,BB/BF,0.05344446996828736,0.03164428327342637,-0.01465694109228382,0.0,0.052722359230624544,0.03129072796849,-0.011754221149635112,0.005824195631402573,0.025162087821591794,0.017146148441245984,-6.247902710574634e-19,0.20354492952230685,802
2025,OOPSY,pitching,Standard,BB/BF,0.04942877195320033,0.029240354469846293,-0.00736384016621654,0.1261575087161665,0.049567948931190764,0.029287273467090782,-0.008246466300012146,0.12122961049799841,0.023488124218995293,0.01629326446044386,9.371854065861951e-19,0.3059917966711675,802
2025,Razzball,pitching,Standard,BB/BF,0.05334707325388992,0.03170334870334975,-0.014980215816549427,0.0,0.052369823077868825,0.03116586042205665,-0.011004317805379091,0.019075163130465755,0.025073952563216855,0.017238943772155194,-2.1867659487011217e-18,0.20911464508255817,802
2025,Steamer,pitching,Standard,BB/BF,0.050787420220498675,0.029939403489841865,-0.012499847933980021,0.0774586869393008,0.05007636991275503,0.02951755701545489,-0.009193854978091838,0.10310997216256623,0.023681456709212862,0.016375677357047244,-5.935507575045902e-18,0.2945199113587157,802
2025,The BAT,pitching,Standard,BB/BF,0.052288756942840464,0.030816105794311283,-0.01296209543972215,0.022109667892163176,0.05175615847093633,0.03058045585805359,-0.01061139742115489,0.04192924095502726,0.024858968234432295,0.01709279477994718,6.560297846103365e-18,0.22261862264759158,802
2025,ZiPS,pitching,Standard,BB/BF,0.05018117978054845,0.029521714509162814,-0.010201545100446853,0.09935166062792078,0.04985105851932374,0.029400642730603006,-0.008429042280459088,0.11116266960939047,0.023806865721506237,0.01628299199770488,3.1239513552873168e-18,0.287028157343996,802
2025,ATC,pitching,Standard,BF,145.51459056944185,105.08071770573567,5.532901496259352,0.5032649317910782,145.51459056944185,105.08071770573567,5.532901496259352,0.5032649317910782,145.51459056944185,105.08071770573567,5.532901496259352,0.5032649317910782,802
2025,ATC,pitching,Fantasy,BF,163.89973622913976,119.90714730878186,-45.65824079320113,0.22674928677320105,163.89973622913976,119.90714730878186,-45.65824079320113,0.22674928677320105,163.89973622913976,119.90714730878186,-45.65824079320113,0.22674928677320105,353
2025,Marcel,pitching,Standard,BF,171.47133565881632,127.11720698254364,17.98503740648379,0.31024509217955654,171.47133565881632,127.11720698254364,17.98503740648379,0.31024509217955654,171.47133565881632,127.11720698254364,17.98503740648379,0.31024509217955654,802
2025,Marcel,pitching,Fantasy,BF,182.7357261431523,131.57507082152975,-59.34844192634561,0.03880667399157289,182.7357261431523,131.57507082152975,-59.34844192634561,0.03880667399157289,182.7357261431523,131.57507082152975,-59.34844192634561,0.03880667399157289,353
2025,OOPSY,pitching,Standard,BF,163.00768458095095,116.15425859787156,25.546305054534916,0.37665584005897546,163.00768458095095,116.15425859787156,25.546305054534916,0.37665584005897546,163.00768458095095,116.15425859787156,25.546305054534916,0.37665584005897546,802
2025,OOPSY,pitching,Fantasy,BF,178.45431980531836,124.4848807983796,-27.969300061835693,0.08331958950116869,178.45431980531836,124.4848807983796,-27.969300061835693,0.08331958950116869,178.45431980531836,124.4848807983796,-27.969300061835693,0.08331958950116869,353
2025,Razzball,pitching,Standard,BF,158.23040647633385,115.45324189526184,-10.604364089775562,0.41265723248498387,158.23040647633385,115.45324189526184,-10.604364089775562,0.41265723248498387,158.23040647633385,115.45324189526184,-10.604364089775562,0.41265723248498387,802
2025,Razzball,pitching,Fantasy,BF,178.37353650951752,129.04022662889517,-50.30424929178471,0.08414933353514598,178.37353650951752,129.04022662889517,-50.30424929178471,0.08414933353514598,178.37353650951752,129.04022662889517,-50.30424929178471,0.08414933353514598,353
2025,Steamer,pitching,Standard,BF,154.16780228695217,110.27858728179551,33.83457980049875,0.44243038244457045,154.16780228695217,110.27858728179551,33.83457980049875,0.44243038244457045,154.16780228695217,110.27858728179551,33.83457980049875,0.44243038244457045,802
2025,Steamer,pitching,Fantasy,BF,162.65816252927314,112.84360339943343,-3.8856260623229453,0.2384199763407585,162.65816252927314,112.84360339943343,-3.8856260623229453,0.2384199763407585,162.65816252927314,112.84360339943343,-3.8856260623229453,0.2384199763407585,353
2025,The BAT,pitching,Standard,BF,161.08853742937018,113.41386857855362,-11.69633416458853,0.3912471399012257,161.08853742937018,113.41386857855362,-11.69633416458853,0.3912471399012257,161.08853742937018,113.41386857855362,-11.69633416458853,0.3912471399012257,802
2025,The BAT,pitching,Fantasy,BF,193.56183449913516,137.08318243626064,-61.20257620396601,0.0,193.56183449913516,137.08318243626064,-61.20257620396601,0.0,193.56183449913516,137.08318243626064,-61.20257620396601,0.0,353
2025,ZiPS,pitching,Standard,BF,208.65226593497732,165.65586034912718,111.81296758104739,0.0,208.65226593497732,165.65586034912718,111.81296758104739,0.0,208.65226593497732,165.65586034912718,111.81296758104739,0.0,802
2025,ZiPS,pitching,Fantasy,BF,147.83355237157383,109.79036827195468,1.3144475920679888,0.37091425271444434,147.83355237157383,109.79036827195468,1.3144475920679888,0.37091425271444434,147.83355237157383,109.79036827195468,1.3144475920679888,0.37091425271444434,353
2025,ATC,pitching,Standard,ER/BF,0.06219953281254834,0.04072195456373002,-0.01267601835499052,0.0071532728460741435,0.06199846097819395,0.040680765031473776,-0.011649408693209143,0.01356202953527641,0.03296420784130935,0.023705682511604913,1.7494127589608973e-17,0.11750848351238918,802
2025,Marcel,pitching,Standard,ER/BF,0.06327964569189608,0.04203836550041673,-0.013291547778421542,0.0,0.06290799944288995,0.04193094529712252,-0.011391579230326384,0.0,0.03444768080606228,0.025171861078629777,4.998322168459707e-18,0.03629252346468648,802
2025,OOPSY,pitching,Standard,ER/BF,0.06251402958073024,0.04076498991378207,-0.015072308824680847,0.0,0.061699795491354556,0.040504589724739457,-0.01122654722348381,0.023043082676607263,0.03283862739711758,0.023417804498055566,1.7494127589608973e-17,0.12421955512269967,802
2025,Razzball,pitching,Standard,ER/BF,0.06251241599285356,0.04105990123673251,-0.011499236505588388,0.0,0.06274801318226515,0.04109907069187937,-0.012717839646323722,0.0,0.03339317001529322,0.02388966680678399,-4.998322168459707e-18,0.09439137744423498,802
2025,Steamer,pitching,Standard,ER/BF,0.06235449079844116,0.04068263291420687,-0.013905134735262625,0.0022001432903052676,0.061826802422789616,0.04054580437423104,-0.011305916464382167,0.019016877832192747,0.03273161480483177,0.023506656722843584,2.4991610842298535e-18,0.12991813872583924,802
2025,The BAT,pitching,Standard,ER/BF,0.06256694464259824,0.04129891904059263,-0.011674972010505894,0.0,0.06281335907628019,0.04132742341926651,-0.012930602769471108,0.0,0.033499896461811306,0.024173143137142764,7.497483252689561e-18,0.08859337483409369,802
2025,ZiPS,pitching,Standard,ER/BF,0.06187093549972508,0.04078085655857032,-0.01216531361276428,0.01761589140393205,0.061580615674599826,0.04069953858370111,-0.010590298510832251,0.026813633080361887,0.03339421219794853,0.024164700696842185,-7.497483252689561e-18,0.09433484945803983,802
2025,ATC,pitching,Standard,ERA,4.394214879991892,2.093429604563037,-0.9478126631903339,0.0,4.370755948662994,2.0915177576218977,-0.832305229909527,0.0,1.6687570927462019,1.0816084950671878,-2.3991946408606595e-16,0.10284930278055693,802
2025,ATC,pitching,Fantasy,ERA,1.1161067786970944,0.8863339390836924,0.15438113047345212,0.13827986377018253,1.106057639380728,0.8683544864552382,0.03876459241530016,0.15372742076104207,1.0307797344172493,0.8037247856283191,6.586502770345979e-16,0.18027437156865211,353
2025,Marcel,pitching,Standard,ERA,4.430543505682145,2.1489465104596834,-0.9950258604147622,0.0,4.397281816981349,2.1426308689249534,-0.8345346518310016,0.0,1.7281745561897324,1.1408603825975028,-7.997315469535531e-16,0.037824346965023015,802
2025,Marcel,pitching,Fantasy,ERA,1.1788725159553488,0.9397505065695182,0.11356524737294833,0.0386347159108783,1.1743614882616875,0.9309124991966531,0.04776569530729989,0.0459780850216811,1.1007878037122578,0.8721300174186121,-5.06654059257383e-16,0.06514557403486876,353
2025,OOPSY,pitching,Standard,ERA,4.391713299101485,2.0914918184344815,-1.0249287625481878,0.0,4.347560142358968,2.0812455816597857,-0.8152376697761403,5.807657120326937e-06,1.659858051868769,1.0671693142129364,7.197583922581977e-16,0.11239232502781316,802
2025,OOPSY,pitching,Fantasy,ERA,1.1052764606331882,0.864768098970561,0.04068697989897688,0.15492239772228633,1.1048525351440588,0.8631949237795755,0.026804856234005917,0.1555705273908501,1.0227455336386249,0.7973394230549236,2.533270296286915e-16,0.19300293825255332,353
2025,Razzball,pitching,Standard,ERA,4.406422027557602,2.1058055158798594,-0.9251307582617768,0.0,4.398755953144499,2.1055162802482035,-0.8878996397461483,0.0,1.6893194702685905,1.0915672550700206,0.0,0.08060375666329778,802
2025,Razzball,pitching,Fantasy,ERA,1.1185268700099509,0.8961791999376995,0.21479505016139064,0.13453881959499348,1.097811365238658,0.8583475397408923,0.014978260471204255,0.1662992448432009,1.024906140305644,0.8011251519510003,4.053232474059064e-16,0.18958968460589998,353
2025,Steamer,pitching,Standard,ERA,4.387689518920119,2.090011152723294,-0.990949077504939,0.0,4.353396454469582,2.0853861762448127,-0.8259669784893029,0.0,1.6627432513202698,1.075758995331393,-7.997315469535531e-17,0.10930392731749683,802
2025,Steamer,pitching,Fantasy,ERA,1.0913392866521443,0.8687182818308564,0.09365902446417902,0.17610033042524864,1.0877017339201536,0.8593436762515493,0.02907982541348563,0.1815834719242082,1.014299701531053,0.7978973534629001,-1.013308118514766e-15,0.2062762681146415,353
2025,The BAT,pitching,Standard,ERA,4.4080088311975265,2.1199589822614637,-0.9057785294450001,0.0,4.405532217017831,2.1197133131189827,-0.8936481431023141,0.0,1.6963246800030467,1.102903634914828,-1.5994630939071062e-16,0.07296290793482663,802
2025,The BAT,pitching,Fantasy,ERA,1.1376098650043465,0.9248684438093514,0.23763575895198757,0.1047559388161513,1.1126425611812436,0.8767046588251025,0.016971090991359232,0.14362084596985192,1.0305954690861194,0.8102738023018436,-5.573194651831213e-16,0.1805674186833809,353
2025,ZiPS,pitching,Standard,ERA,4.356207453826039,2.0952263476806303,-0.8989178009313614,0.0,4.33396272959319,2.091279002594741,-0.7840553383305203,0.006251182012886658,1.683403173197102,1.097029905926621,-9.596778563442638e-16,0.0870322581840699,802
2025,ZiPS,pitching,Fantasy,ERA,1.147077659651549,0.9155864364759748,0.15417212217802373,0.08979253522938069,1.1379305345881412,0.8999717269529167,0.05355172764023181,0.1042511647102824,1.0685071221439655,0.8401962929759808,-1.013308118514766e-16,0.11917098341364896,353
2025,ATC,pitching,Standard,HBP/BF,0.01534588988034777,0.009210988387356489,-0.0003415229261610126,0.019440393205457096,0.015355577819361945,0.009154092786853843,-0.0006434841535065107,0.018201937786042843,0.008320246905387964,0.005524298631516883,-2.342963516465488e-19,0.11206924433438059,802
2025,Marcel,pitching,Standard,HBP/BF,0.01537587219593478,0.009312769371835092,-0.0005992543326383432,0.015605077343176843,0.015386486541073434,0.00927643877276499,-0.000828026598666708,0.014245503872571508,0.008510103889914175,0.005745772895375417,6.247902710574634e-19,0.07108410485743744,802
2025,OOPSY,pitching,Standard,HBP/BF,0.01543882139722952,0.009438915815689028,-0.0008221426831209896,0.007528303511197598,0.015444569482029795,0.009420270258496066,-0.0009238175908172578,0.006789144307754125,0.008750567823246201,0.00607413991280773,8.981360146451035e-19,0.0178470146781865,802
2025,Razzball,pitching,Standard,HBP/BF,0.015383801132356647,0.009167251708841744,-0.001155361687220602,0.014589561979031274,0.015370527661191905,0.009198059318281607,-0.0009626234631802012,0.0162892945938391,0.00840426774681526,0.005640922240279189,3.123951355287317e-19,0.09404540861275668,802
2025,Steamer,pitching,Standard,HBP/BF,0.015250664890610005,0.009090863099060547,-0.0010599723788018336,0.03157185976553745,0.015239437322113528,0.009120393391984066,-0.0008838618290009602,0.03299725216126348,0.008291855552115819,0.00557606383234904,1.1324323662916524e-18,0.11811871486167735,802
2025,The BAT,pitching,Standard,HBP/BF,0.015329607614139052,0.009316726531330408,-8.534112177541498e-05,0.021520072221861808,0.015342511811496526,0.009206810396890442,-0.0006348875408340239,0.01987204406619114,0.008353826657010044,0.0055872217784113986,8.981360146451035e-19,0.10488756742324412,802
2025,ZiPS,pitching,Standard,HBP/BF,0.015330728934116357,0.009503053489070394,0.0007441063318374861,0.02137692058403029,0.015314149252807581,0.009335403238307886,-0.00021356947112149432,0.023492473641526512,0.008522598758255784,0.005741291987435167,-7.321760988954649e-19,0.06835436086059732,802
2025,ATC,pitching,Standard,HLD/G,0.08957195202714299,0.06501520178152917,0.009246308246067075,0.3927104489978477,0.08954975831628122,0.06498260546888662,0.009028778474016164,0.393011354329059,0.07104644051400047,0.04387442235421554,9.996644336919414e-18,0.5661346625471264,802
2025,Marcel,pitching,Standard,HLD/G,0.10297116659935174,0.08701730724320106,0.0298803783455125,0.19742986069305435,0.09863732448467843,0.0746540428206166,-0.0043700847514964655,0.26356520758867574,0.08635101001150768,0.06304811634656093,-7.497483252689561e-18,0.3590780439073019,802
2025,OOPSY,pitching,Standard,HLD/G,0.09925897675602628,0.06355379155191496,-0.02063457109922509,0.254253336973167,0.09725994733460001,0.06841211714364799,-0.0057391997111773865,0.283988840354335,0.08346479041807674,0.05670166665922382,6.2479027105746335e-18,0.4012067162877223,802
2025,Razzball,pitching,Standard,HLD/G,0.10429935183609378,0.07522415382899256,0.025090016809213314,0.17659225031364723,0.10195254671992156,0.07410998818259276,0.01206134042033106,0.21322982462750706,0.08137772355563916,0.054636183097819854,1.2495805421149267e-17,0.43077838947393643,802
2025,Steamer,pitching,Standard,HLD/G,0.09635631146359128,0.05995352912727172,-0.023664557585478464,0.2972318598274235,0.09354631628157233,0.06620281585361824,-0.005136712635507016,0.33762320162147164,0.07800728512941457,0.054246811653976434,3.7487416263447804e-18,0.47695309921017304,802
2025,The BAT,pitching,Standard,HLD/G,0.09673890307880074,0.06764473595173011,-0.0021371983909736804,0.291639968924161,0.09671925263701676,0.0687208632043532,0.0008752592392268418,0.29192771611533963,0.07916784043028903,0.05074482185483249,1.124622487903434e-17,0.461274041391743,802
2025,ZiPS,pitching,Standard,HLD/G,0.10104894013491114,0.06514525346989962,-0.0077392382285648995,0.22711432757762906,0.10088372221577932,0.0661129121359531,-0.0051510109765123,0.22963964194937003,0.08493412508788258,0.05258356625675827,3.7487416263447804e-18,0.37993853651756015,802
2025,ATC,pitching,Standard,HR/BIP,0.050529034106718114,0.024193959780470085,-0.00520403201469229,0.00019077122679966863,0.050445665757805576,0.02417794044343985,-0.004320168422677313,0.003487239647174567,0.01954049885879174,0.013376680851944529,6.2479027105746335e-18,0.08652589222680351,802
2025,Marcel,pitching,Standard,HR/BIP,0.050554282669534274,0.024624748524363155,-0.004794588371010563,0.0,0.05047104386245515,0.024635408667328263,-0.0038182260255422537,0.002484340148918185,0.020129925469889322,0.01411458416156989,5.62311243951717e-18,0.030586011853097506,802
2025,OOPSY,pitching,Standard,HR/BIP,0.050386938392983166,0.02398190229262852,-0.006736323562290438,0.005806110948396115,0.050092084825345454,0.02391490794951479,-0.003968810485169753,0.01740768562114625,0.019262844451582835,0.013251182513865428,6.2479027105746335e-18,0.11230089174307922,802
2025,Razzball,pitching,Standard,HR/BIP,0.0504970044522505,0.024292605087896827,-0.00436334152084735,0.0014578999204971632,0.050462445757131796,0.024298466598398693,-0.003943313627954629,0.002824179133560367,0.01953719221092968,0.01336047433087656,3.7487416263447804e-18,0.08683502268036358,802
2025,Steamer,pitching,Standard,HR/BIP,0.05016769899567427,0.02377006186729909,-0.004716627298403882,0.014438993886742302,0.050116500196987726,0.023768003310005347,-0.004136682553223313,0.016449601996590957,0.019169996968973292,0.013112900149625527,2.4991610842298535e-18,0.12083774026368743,802
2025,The BAT,pitching,Standard,HR/BIP,0.05059626460243842,0.02422088245671507,-0.0052722898047067954,0.0,0.05051932768125086,0.024211745872020057,-0.0044740940346008765,0.0005748530453897338,0.019547338227853515,0.013435332716282613,9.37185406586195e-18,0.08588633026317849,802
2025,ZiPS,pitching,Standard,HR/BIP,0.050609465101612336,0.024277442327231228,-0.006433348731006225,0.0,0.05035505594489955,0.02418905071364351,-0.003962534193844395,0.007063869716183557,0.01978524778011209,0.0137108921619293,7.497483252689561e-18,0.06349966895134751,802
2025,ATC,pitching,Standard,L/G,0.14741880157216378,0.09709315035738317,-0.0018507564432687557,0.2669706481275246,0.1489464276675974,0.10270036524979004,0.021357915567258034,0.2516999135051293,0.11952332860531492,0.08532941929562445,4.998322168459707e-17,0.42784565389362306,802
2025,Marcel,pitching,Standard,L/G,0.15892320923903372,0.11280989084007491,0.0013626383726749094,0.1480967692976758,0.1666536176942551,0.13132058363367166,0.05018663805321021,0.06320383597860779,0.13700254135342718,0.1072684591589103,1.9993288673838828e-17,0.24826444941505244,802
2025,OOPSY,pitching,Standard,L/G,0.1590535937920063,0.09284182316279067,-0.04248179062233396,0.1466983506928894,0.15406787347000478,0.10708833124001488,0.015606616285943446,0.1993553817098065,0.13472014809012725,0.10078259336610731,3.4988255179217946e-17,0.273102884138703,802
2025,Razzball,pitching,Standard,L/G,0.15794451033873888,0.1134790496048546,0.018667779524414087,0.15855703487377182,0.1612596001069819,0.11829631869046382,0.037505683207906704,0.1228643366147053,0.12410222004451321,0.09055352496225137,1.7494127589608973e-17,0.38316793207232214,802
2025,Steamer,pitching,Standard,L/G,0.14427211921061886,0.0880746025970559,-0.014097385081716953,0.2979299692915902,0.1439478251586293,0.09315069762212731,0.010260031799098849,0.3010826401000072,0.1190979273440425,0.08353400463153127,-9.996644336919414e-18,0.4319111705342683,802
2025,The BAT,pitching,Standard,L/G,0.1518462581656592,0.10255866786289801,0.009072365125712837,0.22227904445399982,0.15206209968642997,0.1028940398029172,0.012161572723459505,0.22006649366614062,0.118528806065971,0.0836682110997513,-1.2495805421149267e-17,0.43732753604047836,802
2025,ZiPS,pitching,Standard,L/G,0.15072232046624628,0.1046511000040501,0.029431418190459836,0.23374952667465598,0.1503512814642229,0.1041698702434133,0.027468132952675584,0.23751750029677055,0.12225474426924045,0.08774068801081272,2.4991610842298535e-18,0.40139645332871576,802
2025,ATC,pitching,Standard,R/BF,0.06625239639081751,0.04319771779988948,-0.014254119069667764,0.0,0.06603768777131379,0.04311942244209321,-0.01322029081025773,0.0041164426821795885,0.03444772866019688,0.0247898913393454,6.2479027105746335e-18,0.11251259664495394,802
2025,Marcel,pitching,Standard,R/BF,0.06720064708689977,0.04425853185548357,-0.014593002474990536,0.0,0.0668016144869518,0.0441172384180792,-0.012628715310765239,0.0,0.03577417228904248,0.026056661545024985,-1.2495805421149267e-17,0.042849561175058226,802
2025,OOPSY,pitching,Standard,R/BF,0.06629045221263774,0.04332750252319632,-0.016300739235458685,0.0,0.0655075735196291,0.04295659747719809,-0.01274881302302402,0.02004107936476529,0.0344629843665664,0.02473566128987418,-1.2495805421149267e-18,0.11172634769381173,802
2025,Razzball,pitching,Standard,R/BF,0.06668115821254461,0.04354337596467455,-0.01348710734460725,0.0,0.06684773197585213,0.043595588882144466,-0.014287913573153977,0.0,0.03503659034727319,0.025061422232353768,1.9993288673838828e-17,0.08191120911728755,802
2025,Steamer,pitching,Standard,R/BF,0.06661182798770066,0.043360405318000596,-0.016490674579016422,0.0,0.06582382152728346,0.04300707021485108,-0.012945354404714495,0.010556431741282402,0.03425563233747436,0.024620709329569106,-1.7494127589608973e-17,0.12238307155883099,802
2025,The BAT,pitching,Standard,R/BF,0.06676133548367948,0.0437908424071321,-0.01432349930451599,0.0,0.06678154295292234,0.0437966960747831,-0.014417392133637802,0.0,0.03503239909020939,0.025370147410908477,-4.998322168459707e-18,0.0821308489815723,802
2025,ZiPS,pitching,Standard,R/BF,0.06591148122851499,0.04311735452878464,-0.01428562433018018,0.007919329275556608,0.06546453173841824,0.042947160656943095,-0.012056559231245023,0.021328421217567617,0.03484371106666003,0.02518353786100116,1.2495805421149267e-18,0.09199169257923978,802
2025,ATC,pitching,Standard,SO/BF,0.06003882314262257,0.04269232761172024,0.009886923719705922,0.18710703609852275,0.059587813428321555,0.04220157280818154,0.006618042418769312,0.19927401658190902,0.039121539938150734,0.02951183236925177,4.998322168459707e-18,0.4376020902656429,802
2025,ATC,pitching,Fantasy,SO/BF,0.03723010797514374,0.029589674154091222,-0.0005799714359931227,0.5054607561070674,0.037280606301052774,0.029499422663996334,-0.002024606924763924,0.504118275945936,0.0344487487820611,0.027181621797400222,1.3457998449024235e-17,0.5313522339981613,353
2025,Marcel,pitching,Standard,SO/BF,0.06156059618151394,0.045337146349842754,0.01299165101538508,0.14537684154884523,0.06049883158873962,0.04422628871967324,0.006259761775403831,0.17460278846295552,0.041754288578789815,0.03211105190072441,6.2479027105746335e-18,0.3593600881973892,802
2025,Marcel,pitching,Fantasy,SO/BF,0.04070589279499227,0.03281829691199744,0.001675834946829742,0.4088104647342605,0.04080009865452522,0.032357980279939934,-0.0032383274619166283,0.40607091228188963,0.037836467085231945,0.02998824794906943,9.499763611075932e-18,0.4346455662209089,353
2025,OOPSY,pitching,Standard,SO/BF,0.05990685068397893,0.04336623689815469,0.0051288630781715795,0.1906767788394096,0.059841873337844534,0.04327776955626351,0.004303984454515812,0.19243147484285061,0.03996058633829387,0.030626574690524846,-9.37185406586195e-18,0.41321970827974697,802
2025,OOPSY,pitching,Fantasy,SO/BF,0.0378419109234061,0.03019215533966484,-0.002287293542019739,0.48907366644706174,0.03783238262105653,0.030201836311960644,-0.002123832431804093,0.48933092870313566,0.035011263976127756,0.027984189737933575,4.749881805537966e-18,0.5159221332187512,353
2025,Razzball,pitching,Standard,SO/BF,0.06119669680605377,0.044138058882755696,0.011492168261210495,0.15545074156269412,0.06066186281945473,0.04358608423267584,0.00817898722937302,0.17014826158572316,0.040052289751841004,0.030335137387939744,1.6244547047494046e-17,0.41052347665476807,802
2025,Razzball,pitching,Fantasy,SO/BF,0.037633456246956985,0.030148003781160334,-0.000742705179291941,0.4946871059417959,0.037660850289998625,0.03007015665705147,-0.001616856968754844,0.49395118622191103,0.03479299094469341,0.027585558427340427,3.1665878703586438e-18,0.5219391555340758,353
2025,Steamer,pitching,Standard,SO/BF,0.058992600160734966,0.04291757210579756,0.004512169901577433,0.21519077361704297,0.058956675572869696,0.04286678820247055,0.004015270613665355,0.21614632951158164,0.039863417995812035,0.030581789173424738,1.87437081317239e-17,0.41606987404629536,802
2025,Steamer,pitching,Fantasy,SO/BF,0.038064826968634405,0.03039805765818192,-0.0024594827853526556,0.48303649059156095,0.03804837969415852,0.030412001507740163,-0.0021902513029841393,0.48348313934710285,0.035066735259670814,0.02789793299485964,8.70811664348627e-18,0.51438698767844,353
2025,The BAT,pitching,Standard,SO/BF,0.060197388760602495,0.0433942866920059,0.010128138754342882,0.18280758184365342,0.059982512394608674,0.04317890220682272,0.008761014450478591,0.18863115473795988,0.040060082541140324,0.0302619713351914,-1.8743708131723902e-18,0.41029407088266223,802
2025,The BAT,pitching,Fantasy,SO/BF,0.03863062340999844,0.030120041002660566,-0.002912302247423763,0.46755395872147454,0.03855306418233432,0.030146605761407385,-0.0015796193156641203,0.4696898107848577,0.03556087564463788,0.027698893885548925,-3.1665878703586438e-18,0.5006045984322753,353
2025,ZiPS,pitching,Standard,SO/BF,0.05955370170316469,0.043374492571759356,0.004360197745912773,0.2001905236646181,0.059611292033383445,0.043438167382377144,0.005086656635086244,0.198642893142721,0.040634583962666115,0.031246999955156753,3.4363464908160484e-17,0.39325885061332966,802
2025,ZiPS,pitching,Fantasy,SO/BF,0.03892686883023204,0.03093765534310622,-0.003882687489588275,0.4593563426961327,0.03877963289760479,0.030976355370174156,-0.0019063244447643714,0.4634384398665282,0.03604232490848188,0.028631903538916773,1.1083057546255253e-17,0.48699069680100127,353
2025,ATC,pitching,Standard,SV/G,0.06897890862307124,0.028819122550391763,-0.003740073731100744,0.48843530888411035,0.06889189130359229,0.031872354279527726,0.001411029436273945,0.4897251788192164,0.05156626194669135,0.023748285516471533,-6.247902710574634e-19,0.6521702374912217,802
2025,ATC,pitching,Fantasy,SV/G,0.05866675966648458,0.025578156381600506,-0.008368490938536312,0.7235197395734926,0.05811174459131127,0.028311719786621132,-0.0022842526719033247,0.7287262604558462,0.04712250208362551,0.021288498919218846,3.562411354153474e-18,0.7265877840830692,353
2025,Marcel,pitching,Standard,SV/G,0.08018564588318887,0.0520100241763247,0.019870249941464718,0.30870854718767193,0.07768690659761586,0.03976579882504351,0.0005869273709778625,0.35112120605307007,0.06443316061046506,0.03168624011945419,4.373531897402243e-18,0.4569318791182245,802
2025,Marcel,pitching,Fantasy,SV/G,0.07418419170152488,0.04711879731316332,0.010338136848664085,0.5579181704697906,0.07386368668571404,0.03778762566587223,-0.007708890056191029,0.5617298549630378,0.06217020598969399,0.029731762499314907,7.124822708306948e-18,0.5240888907007786,353
2025,OOPSY,pitching,Standard,SV/G,0.07200225458304507,0.02603151625742609,-0.01264713848802603,0.4426087909264409,0.0709233935913731,0.03174269627978486,-0.0023985840428258506,0.45918722798745715,0.053736695608117765,0.02645081393258236,-1.8743708131723902e-18,0.622273587660084,802
2025,OOPSY,pitching,Fantasy,SV/G,0.061577631421875,0.026562004990842845,-0.014630785287026887,0.6954028143221789,0.05998898920238089,0.030550448094034777,-0.00457537016099971,0.7109166922911889,0.04870568061627741,0.023955554741921858,1.5832939351793219e-18,0.707907461369391,353
2025,Razzball,pitching,Standard,SV/G,0.06983402646757117,0.03168934706909735,-0.004837187271035896,0.47567315931106513,0.06973662718630709,0.03645223915499566,0.0031311817806741163,0.47713472314633587,0.05209532569830134,0.026632434102534415,3.7487416263447804e-18,0.6449962386421576,802
2025,Razzball,pitching,Fantasy,SV/G,0.06221995361783786,0.027333893164642964,-0.014917279684504682,0.6890151067018414,0.060583709763877794,0.0318319307000487,-0.004646341973383189,0.7051564352552704,0.049186195963694355,0.02476932741921391,3.1665878703586438e-18,0.7021156401532576,353
2025,Steamer,pitching,Standard,SV/G,0.06904270982666301,0.025067677271674912,-0.01181063255740654,0.4874885401420195,0.06806260901106358,0.030483721733407184,-0.0022614169430234554,0.5019360492675191,0.05059898055561095,0.025039765172263265,3.1239513552873168e-18,0.665097049777033,802
2025,Steamer,pitching,Fantasy,SV/G,0.05815989350577862,0.025258740795937908,-0.012890152201549342,0.7282765425101725,0.056839073443186595,0.029026640832253682,-0.003776649448328134,0.7404781632796399,0.046091159559169786,0.022473760295171428,3.958234837948305e-18,0.7384248406624803,353
2025,The BAT,pitching,Standard,SV/G,0.06919396751177374,0.030980559945940074,-0.0009375161536420328,0.48524047619939326,0.06921040497587601,0.03262565752227906,0.0017759373419976609,0.4849958783964169,0.05228908159050253,0.02423100445764054,1.2495805421149267e-18,0.6423506276433768,802
2025,The BAT,pitching,Fantasy,SV/G,0.05888163843618519,0.027321618517937473,-0.006440139949734223,0.7214907017134131,0.05857839810083382,0.029209891097874686,-0.0024200788628249334,0.724351959757354,0.04769236649165261,0.021806599839246026,5.145705289332796e-18,0.7199349114267866,353
2025,ZiPS,pitching,Standard,SV/G,0.08781247976622758,0.02857187816939345,-0.005870216008192995,0.17095060476973667,0.08761625960595512,0.03183322562657983,-0.00019178275949293197,0.17465154688429696,0.05836501294271356,0.02444026620025789,3.1239513552873168e-18,0.5544046893824065,802
2025,ZiPS,pitching,Fantasy,SV/G,0.06316017110087933,0.02714556559280391,-0.0077150089002438445,0.6795453908714675,0.06271682717522005,0.029585802991894006,-0.0019273193209508434,0.6840283736161323,0.050715951194861504,0.02182374793597559,5.541528773127626e-18,0.6832983102257177,353
2025,ATC,pitching,Standard,W/G,0.12501415675325447,0.08858356043413132,0.014789203124011784,0.2889509364821127,0.12709079884440155,0.09188353249226439,0.027244307501276994,0.265131898761347,0.11339035022562785,0.08224089726002276,1.7494127589608973e-17,0.4694392785031605,802
2025,ATC,pitching,Fantasy,W/G,0.10769549646022468,0.07405717819680202,-0.0160908282640506,0.4570983779634227,0.10656888497295434,0.07486524836456782,0.0041859336817102084,0.468397643387088,0.10952579866371073,0.08069182236470002,1.741623328697254e-17,0.45302536261883153,353
2025,Marcel,pitching,Standard,W/G,0.1341904215104256,0.10293579886647244,0.017843768062653753,0.1807353591547427,0.1461000361877591,0.12132380290208143,0.06046942539492675,0.02886004109131879,0.12774513832165893,0.10343685521176142,0.0,0.32660224600503296,802
2025,Marcel,pitching,Fantasy,W/G,0.12317772113962272,0.08950220217405774,-0.03643451313513723,0.28978411092672507,0.1206165776405778,0.10044834824213296,0.026515685244197687,0.3190110619335449,0.12103293485630777,0.09912632374257795,-3.1665878703586438e-18,0.3320538356401487,353
2025,OOPSY,pitching,Standard,W/G,0.13192141691046344,0.08603639307014482,-0.01838395342673858,0.2082067563846015,0.13214726687841608,0.09545536014992397,0.01994015163852821,0.20549332957804656,0.1324274736398961,0.09797937564902838,1.124622487903434e-17,0.27633246531505584,802
2025,OOPSY,pitching,Fantasy,W/G,0.12995565150299587,0.08794896171710334,-0.041406302254579246,0.2094735679744183,0.12321591071972801,0.08907605651670776,0.0028585246756747122,0.2893436570707515,0.13090383196786384,0.09904629434341801,3.087423173599678e-17,0.21866181139297902,353
2025,Razzball,pitching,Standard,W/G,0.1399041647818893,0.10694021087505412,0.0424611625755967,0.10948248985089015,0.13917037797784043,0.10626720408210803,0.03997710732967298,0.11879938689586411,0.11795611982838791,0.0869887718723238,1.9993288673838828e-17,0.4258519981931179,802
2025,Razzball,pitching,Fantasy,W/G,0.10973776812083355,0.07757782339702321,-0.0026886039162004483,0.43631263505451157,0.1099641367210134,0.07725500627435071,0.0075473308973508105,0.4339846721186008,0.10971301022608758,0.07929293138368862,1.2666351481434575e-17,0.45115388588145855,353
2025,Steamer,pitching,Standard,W/G,0.11895810901627238,0.07801932610069236,-0.003919334382548189,0.3561728586183942,0.12074424493138353,0.08337531121292427,0.02105949109842922,0.3366937993363259,0.11042905249453831,0.07790231824412934,-1.9993288673838828e-17,0.4967896171510612,802
2025,Steamer,pitching,Fantasy,W/G,0.10633495344209211,0.07115387527149043,-0.029334597720642213,0.4707289441626765,0.10224628723351174,0.07020902712963478,0.0027748068289157237,0.5106482478514005,0.10701178350413054,0.07681661792457568,1.1083057546255253e-17,0.47784729035406637,353
2025,The BAT,pitching,Standard,W/G,0.12982742725634447,0.09402718064345685,0.020504816089588974,0.2331435425577707,0.13184222697427272,0.09576831477487369,0.03078407751422955,0.2091570681455841,0.11133268962367106,0.08064147901005429,-1.4994966505379122e-17,0.48852041529268475,802
2025,The BAT,pitching,Fantasy,W/G,0.10279187951346783,0.07338918772424487,-0.013068396177782101,0.5054118940739674,0.10202462862159228,0.0713533300593121,0.0036928755898365854,0.5127676686859184,0.10266827536073828,0.07498361607237174,1.1083057546255253e-17,0.5193744379545826,353
2025,ZiPS,pitching,Standard,W/G,0.1262459433929611,0.09359644262715217,0.038770685621372904,0.274869719362404,0.1235654415759573,0.09033959573308861,0.02887120004838571,0.3053353035459556,0.10811544432311262,0.08100978076962717,3.9986577347677656e-17,0.5176543383645904,802
2025,ZiPS,pitching,Fantasy,W/G,0.09877403982457308,0.07359278026652936,0.008209866232841511,0.5433203209207991,0.0987603685727675,0.07357254095635797,0.008043715616783189,0.5434467296578913,0.10176189677497029,0.07796031466624229,2.849929083322779e-17,0.5278231199184271,353
2025,ATC,pitching,Standard,WHIP,0.67655163563068,0.334491668780557,-0.17210923922610327,0.0,0.6726092527815227,0.33251483898790335,-0.15589317329427213,0.0,0.25517345153659793,0.16331796660954898,2.099295310753077e-16,0.14641111263762563,802
2025,ATC,pitching,Fantasy,WHIP,0.18377614993606303,0.1415894264152723,0.028214616350519476,0.12901450043977547,0.18177719509148474,0.14019437009894625,0.008083312799365368,0.14785907655443264,0.16386925614326112,0.12569792741925995,-8.866446037004202e-17,0.22417352088703557,353
2025,Marcel,pitching,Standard,WHIP,0.6860914546638809,0.34302636647765705,-0.1982044157444579,0.0,0.6776166750323808,0.3377748181477738,-0.16651685962610766,0.0,0.2637196772897329,0.1705718728185697,5.997986602151649e-17,0.08827713262156123,802
2025,Marcel,pitching,Fantasy,WHIP,0.1882506536727166,0.1449623324696444,0.011821891802389668,0.086085405459848,0.18792237128245295,0.1449661905325443,0.004033131042058366,0.08927010058644991,0.17203006972317422,0.13253001341597997,-2.4066067814725695e-16,0.1449758840539942,353
2025,OOPSY,pitching,Standard,WHIP,0.6653153044586957,0.3304279151357687,-0.16592680645300703,0.0,0.6616112123270519,0.32850994937358263,-0.15038832078854392,0.007423740428771475,0.25301433033107684,0.16032802809662702,-1.0996308770611354e-16,0.16079509091485067,802
2025,OOPSY,pitching,Fantasy,WHIP,0.18181332012395937,0.1392930188106705,0.024802425396244734,0.14752034674435577,0.18020947405346263,0.13804161894439476,0.0058763483273690026,0.16249411913797251,0.16178558113468783,0.12351190308408913,4.433223018502101e-17,0.2437780831597658,353
2025,Razzball,pitching,Standard,WHIP,0.6829357620161914,0.34025141547000926,-0.19449222568504132,0.0,0.6761207403945695,0.3363193486391306,-0.16901250368829474,0.0,0.25924293086701833,0.16521976073414463,2.9989933010758243e-17,0.11896812346111707,802
2025,Razzball,pitching,Fantasy,WHIP,0.18013478627596569,0.13802819070947073,0.015111679546090342,0.16318818354266196,0.17950549925568984,0.1377114557284483,0.00143034787738955,0.16902464651727866,0.1633325077488724,0.12446265574820177,-5.06654059257383e-17,0.22924758585562088,353
2025,Steamer,pitching,Standard,WHIP,0.6657379098613433,0.3300041328798528,-0.1565646848830318,0.0,0.6651910594337807,0.3298121788624496,-0.15422283059459302,0.0,0.25487066296128597,0.16297684121922917,1.5994630939071062e-16,0.14843564629626138,802
2025,Steamer,pitching,Fantasy,WHIP,0.1845835960925233,0.14328843999757462,0.038861192299921236,0.12134409423976422,0.18051338555943758,0.13950630163165972,0.004916369255236855,0.1596669393018293,0.16361955991872257,0.12537426865276155,-2.1532797518438777e-16,0.22653605496915474,353
2025,The BAT,pitching,Standard,WHIP,0.6841929084744337,0.34116837400149913,-0.19383063036556006,0.0,0.6773814099222687,0.3378916513944624,-0.1682140058659981,0.0,0.25911499320207393,0.16639376289350272,4.998322168459707e-17,0.11983749604081773,802
2025,The BAT,pitching,Fantasy,WHIP,0.17907526311415958,0.13810546843913443,0.014177609780462145,0.17300321193357104,0.17852797602569828,0.13718575259484458,0.0023006484985476274,0.17805039751031837,0.16126762104879105,0.12397046840047313,-2.8499290833227793e-16,0.24861245418054545,353
2025,ZiPS,pitching,Standard,WHIP,0.6676062601562565,0.33256446781441695,-0.16116432252662377,0.0,0.6644333470515027,0.3312540534853132,-0.1474703120282355,0.0,0.25622542013799915,0.16472168159315542,1.2995637637995237e-16,0.13935865770862366,802
2025,ZiPS,pitching,Fantasy,WHIP,0.1866393830787034,0.14430571013914859,0.028629764013530706,0.1016631653939375,0.18464102017123762,0.14259977327160026,0.008815350324680426,0.12079730833449598,0.16661854769030013,0.12778536371307622,-1.1399716333291117e-16,0.1979225199567991,353
2025,ATC,pitching,Standard,wOBA,0.19984888984365903,0.18380008448632074,-0.17742981080344922,0.0,0.09198280716926611,0.06398657139546242,0.0016111501305638403,0.0,0.05807317825815961,0.03924614925529289,1.7494127589608973e-17,0.0,802
2025,Marcel,pitching,Standard,wOBA,0.0752784908002058,0.05180643571247108,-0.020015894804005452,0.0,0.07461495820055146,0.051546705672958264,-0.017354447698454296,0.0,0.042976622788592315,0.031431424059516065,5.498154385305677e-17,0.07576347563170416,802
2025,OOPSY,pitching,Standard,wOBA,0.21385045699985353,0.20083145875455435,-0.20019583707140995,0.0,0.07644465698282961,0.054282957989478485,-0.013789155264148423,0.0,0.047379457475923606,0.03464547741634028,2.4991610842298535e-18,0.0,802
2025,Razzball,pitching,Standard,wOBA,0.17649447951373107,0.15368928554724218,-0.14083016229404077,0.0,0.10782303302901279,0.08125371950210297,0.01756814630285754,0.0,0.07865408180505987,0.05612016219740085,4.998322168459707e-18,0.0,802
2025,Steamer,pitching,Standard,wOBA,0.2147281124836335,0.20215041414789883,-0.2014635557760459,0.0,0.07564399025475303,0.053284364756329174,-0.01419208500556421,0.0,0.04542213178854708,0.03324766311353495,2.4991610842298534e-17,0.0,802
2025,The BAT,pitching,Standard,wOBA,0.18639832250891683,0.16503393192373086,-0.1546825960417056,0.0,0.10409234934867584,0.07766405650189774,0.004193814133946672,0.0,0.07869746667442733,0.055945891934305624,1.2495805421149267e-17,0.0,802
2025,ZiPS,pitching,Standard,wOBA,0.21162174066184472,0.1980946940947037,-0.195607268032945,0.0,0.08125724029918922,0.056709830682307366,-0.009010065904504311,0.0,0.04894970544567515,0.03528805371600582,1.9993288673838828e-17,0.0,802
